Unsloth: Will patch your computer to enable 2x faster free finetuning.
W1216 17:47:06.112000 8880 site-packages\torch\distributed\elastic\multiprocessing\redirects.py:29] NOTE: Redirects are currently not supported in Windows or MacOs.
Unsloth Zoo will now patch everything to make training faster!
==((====))==  Unsloth 2025.12.5: Fast Qwen3 patching. Transformers: 4.57.3.
   \\   /|    NVIDIA GeForce RTX 5070 Ti. Num GPUs = 1. Max memory: 15.92 GB. Platform: Windows.
O^O/ \_/ \    Torch: 2.9.1+cu130. CUDA: 12.0. CUDA Toolkit: 13.0. Triton: 3.5.1
\        /    Bfloat16 = TRUE. FA [Xformers = None. FA2 = False]
 "-____-"     Free license: http://github.com/unslothai/unsloth
Unsloth: Fast downloading is enabled - ignore downloading bars which are red colored!
Loading checkpoint shards:   0%|          | 0/2 [00:00<?, ?it/s]Loading checkpoint shards:  50%|█████     | 1/2 [00:02<00:02,  2.25s/it]Loading checkpoint shards: 100%|██████████| 2/2 [00:03<00:00,  1.55s/it]Loading checkpoint shards: 100%|██████████| 2/2 [00:03<00:00,  1.65s/it]Unsloth 2025.12.5 patched 36 layers with 36 QKV layers, 36 O layers and 36 MLP layers.
PeftModelForCausalLM(
  (base_model): LoraModel(
    (model): Qwen3ForCausalLM(
      (model): Qwen3Model(
        (embed_tokens): Embedding(151936, 4096, padding_idx=151654)
        (layers): ModuleList(
          (0-2): 3 x Qwen3DecoderLayer(
            (self_attn): Qwen3Attention(
              (q_proj): lora.Linear4bit(
                (base_layer): Linear4bit(in_features=4096, out_features=4096, bias=False)
                (lora_dropout): ModuleDict(
                  (default): Identity()
                )
                (lora_A): ModuleDict(
                  (default): Linear(in_features=4096, out_features=32, bias=False)
                )
                (lora_B): ModuleDict(
                  (default): Linear(in_features=32, out_features=4096, bias=False)
                )
                (lora_embedding_A): ParameterDict()
                (lora_embedding_B): ParameterDict()
                (lora_magnitude_vector): ModuleDict()
              )
              (k_proj): lora.Linear4bit(
                (base_layer): Linear4bit(in_features=4096, out_features=1024, bias=False)
                (lora_dropout): ModuleDict(
                  (default): Identity()
                )
                (lora_A): ModuleDict(
                  (default): Linear(in_features=4096, out_features=32, bias=False)
                )
                (lora_B): ModuleDict(
                  (default): Linear(in_features=32, out_features=1024, bias=False)
                )
                (lora_embedding_A): ParameterDict()
                (lora_embedding_B): ParameterDict()
                (lora_magnitude_vector): ModuleDict()
              )
              (v_proj): lora.Linear4bit(
                (base_layer): Linear4bit(in_features=4096, out_features=1024, bias=False)
                (lora_dropout): ModuleDict(
                  (default): Identity()
                )
                (lora_A): ModuleDict(
                  (default): Linear(in_features=4096, out_features=32, bias=False)
                )
                (lora_B): ModuleDict(
                  (default): Linear(in_features=32, out_features=1024, bias=False)
                )
                (lora_embedding_A): ParameterDict()
                (lora_embedding_B): ParameterDict()
                (lora_magnitude_vector): ModuleDict()
              )
              (o_proj): lora.Linear4bit(
                (base_layer): Linear4bit(in_features=4096, out_features=4096, bias=False)
                (lora_dropout): ModuleDict(
                  (default): Identity()
                )
                (lora_A): ModuleDict(
                  (default): Linear(in_features=4096, out_features=32, bias=False)
                )
                (lora_B): ModuleDict(
                  (default): Linear(in_features=32, out_features=4096, bias=False)
                )
                (lora_embedding_A): ParameterDict()
                (lora_embedding_B): ParameterDict()
                (lora_magnitude_vector): ModuleDict()
              )
              (q_norm): Qwen3RMSNorm((128,), eps=1e-06)
              (k_norm): Qwen3RMSNorm((128,), eps=1e-06)
              (rotary_emb): LlamaRotaryEmbedding()
            )
            (mlp): Qwen3MLP(
              (gate_proj): lora.Linear(
                (base_layer): Linear(in_features=4096, out_features=12288, bias=False)
                (lora_dropout): ModuleDict(
                  (default): Identity()
                )
                (lora_A): ModuleDict(
                  (default): Linear(in_features=4096, out_features=32, bias=False)
                )
                (lora_B): ModuleDict(
                  (default): Linear(in_features=32, out_features=12288, bias=False)
                )
                (lora_embedding_A): ParameterDict()
                (lora_embedding_B): ParameterDict()
                (lora_magnitude_vector): ModuleDict()
              )
              (up_proj): lora.Linear(
                (base_layer): Linear(in_features=4096, out_features=12288, bias=False)
                (lora_dropout): ModuleDict(
                  (default): Identity()
                )
                (lora_A): ModuleDict(
                  (default): Linear(in_features=4096, out_features=32, bias=False)
                )
                (lora_B): ModuleDict(
                  (default): Linear(in_features=32, out_features=12288, bias=False)
                )
                (lora_embedding_A): ParameterDict()
                (lora_embedding_B): ParameterDict()
                (lora_magnitude_vector): ModuleDict()
              )
              (down_proj): lora.Linear(
                (base_layer): Linear(in_features=12288, out_features=4096, bias=False)
                (lora_dropout): ModuleDict(
                  (default): Identity()
                )
                (lora_A): ModuleDict(
                  (default): Linear(in_features=12288, out_features=32, bias=False)
                )
                (lora_B): ModuleDict(
                  (default): Linear(in_features=32, out_features=4096, bias=False)
                )
                (lora_embedding_A): ParameterDict()
                (lora_embedding_B): ParameterDict()
                (lora_magnitude_vector): ModuleDict()
              )
              (act_fn): SiLUActivation()
            )
            (input_layernorm): Qwen3RMSNorm((4096,), eps=1e-06)
            (post_attention_layernorm): Qwen3RMSNorm((4096,), eps=1e-06)
          )
          (3): Qwen3DecoderLayer(
            (self_attn): Qwen3Attention(
              (q_proj): lora.Linear4bit(
                (base_layer): Linear4bit(in_features=4096, out_features=4096, bias=False)
                (lora_dropout): ModuleDict(
                  (default): Identity()
                )
                (lora_A): ModuleDict(
                  (default): Linear(in_features=4096, out_features=32, bias=False)
                )
                (lora_B): ModuleDict(
                  (default): Linear(in_features=32, out_features=4096, bias=False)
                )
                (lora_embedding_A): ParameterDict()
                (lora_embedding_B): ParameterDict()
                (lora_magnitude_vector): ModuleDict()
              )
              (k_proj): lora.Linear4bit(
                (base_layer): Linear4bit(in_features=4096, out_features=1024, bias=False)
                (lora_dropout): ModuleDict(
                  (default): Identity()
                )
                (lora_A): ModuleDict(
                  (default): Linear(in_features=4096, out_features=32, bias=False)
                )
                (lora_B): ModuleDict(
                  (default): Linear(in_features=32, out_features=1024, bias=False)
                )
                (lora_embedding_A): ParameterDict()
                (lora_embedding_B): ParameterDict()
                (lora_magnitude_vector): ModuleDict()
              )
              (v_proj): lora.Linear4bit(
                (base_layer): Linear4bit(in_features=4096, out_features=1024, bias=False)
                (lora_dropout): ModuleDict(
                  (default): Identity()
                )
                (lora_A): ModuleDict(
                  (default): Linear(in_features=4096, out_features=32, bias=False)
                )
                (lora_B): ModuleDict(
                  (default): Linear(in_features=32, out_features=1024, bias=False)
                )
                (lora_embedding_A): ParameterDict()
                (lora_embedding_B): ParameterDict()
                (lora_magnitude_vector): ModuleDict()
              )
              (o_proj): lora.Linear4bit(
                (base_layer): Linear4bit(in_features=4096, out_features=4096, bias=False)
                (lora_dropout): ModuleDict(
                  (default): Identity()
                )
                (lora_A): ModuleDict(
                  (default): Linear(in_features=4096, out_features=32, bias=False)
                )
                (lora_B): ModuleDict(
                  (default): Linear(in_features=32, out_features=4096, bias=False)
                )
                (lora_embedding_A): ParameterDict()
                (lora_embedding_B): ParameterDict()
                (lora_magnitude_vector): ModuleDict()
              )
              (q_norm): Qwen3RMSNorm((128,), eps=1e-06)
              (k_norm): Qwen3RMSNorm((128,), eps=1e-06)
              (rotary_emb): LlamaRotaryEmbedding()
            )
            (mlp): Qwen3MLP(
              (gate_proj): lora.Linear4bit(
                (base_layer): Linear4bit(in_features=4096, out_features=12288, bias=False)
                (lora_dropout): ModuleDict(
                  (default): Identity()
                )
                (lora_A): ModuleDict(
                  (default): Linear(in_features=4096, out_features=32, bias=False)
                )
                (lora_B): ModuleDict(
                  (default): Linear(in_features=32, out_features=12288, bias=False)
                )
                (lora_embedding_A): ParameterDict()
                (lora_embedding_B): ParameterDict()
                (lora_magnitude_vector): ModuleDict()
              )
              (up_proj): lora.Linear4bit(
                (base_layer): Linear4bit(in_features=4096, out_features=12288, bias=False)
                (lora_dropout): ModuleDict(
                  (default): Identity()
                )
                (lora_A): ModuleDict(
                  (default): Linear(in_features=4096, out_features=32, bias=False)
                )
                (lora_B): ModuleDict(
                  (default): Linear(in_features=32, out_features=12288, bias=False)
                )
                (lora_embedding_A): ParameterDict()
                (lora_embedding_B): ParameterDict()
                (lora_magnitude_vector): ModuleDict()
              )
              (down_proj): lora.Linear4bit(
                (base_layer): Linear4bit(in_features=12288, out_features=4096, bias=False)
                (lora_dropout): ModuleDict(
                  (default): Identity()
                )
                (lora_A): ModuleDict(
                  (default): Linear(in_features=12288, out_features=32, bias=False)
                )
                (lora_B): ModuleDict(
                  (default): Linear(in_features=32, out_features=4096, bias=False)
                )
                (lora_embedding_A): ParameterDict()
                (lora_embedding_B): ParameterDict()
                (lora_magnitude_vector): ModuleDict()
              )
              (act_fn): SiLUActivation()
            )
            (input_layernorm): Qwen3RMSNorm((4096,), eps=1e-06)
            (post_attention_layernorm): Qwen3RMSNorm((4096,), eps=1e-06)
          )
          (4): Qwen3DecoderLayer(
            (self_attn): Qwen3Attention(
              (q_proj): lora.Linear4bit(
                (base_layer): Linear4bit(in_features=4096, out_features=4096, bias=False)
                (lora_dropout): ModuleDict(
                  (default): Identity()
                )
                (lora_A): ModuleDict(
                  (default): Linear(in_features=4096, out_features=32, bias=False)
                )
                (lora_B): ModuleDict(
                  (default): Linear(in_features=32, out_features=4096, bias=False)
                )
                (lora_embedding_A): ParameterDict()
                (lora_embedding_B): ParameterDict()
                (lora_magnitude_vector): ModuleDict()
              )
              (k_proj): lora.Linear4bit(
                (base_layer): Linear4bit(in_features=4096, out_features=1024, bias=False)
                (lora_dropout): ModuleDict(
                  (default): Identity()
                )
                (lora_A): ModuleDict(
                  (default): Linear(in_features=4096, out_features=32, bias=False)
                )
                (lora_B): ModuleDict(
                  (default): Linear(in_features=32, out_features=1024, bias=False)
                )
                (lora_embedding_A): ParameterDict()
                (lora_embedding_B): ParameterDict()
                (lora_magnitude_vector): ModuleDict()
              )
              (v_proj): lora.Linear4bit(
                (base_layer): Linear4bit(in_features=4096, out_features=1024, bias=False)
                (lora_dropout): ModuleDict(
                  (default): Identity()
                )
                (lora_A): ModuleDict(
                  (default): Linear(in_features=4096, out_features=32, bias=False)
                )
                (lora_B): ModuleDict(
                  (default): Linear(in_features=32, out_features=1024, bias=False)
                )
                (lora_embedding_A): ParameterDict()
                (lora_embedding_B): ParameterDict()
                (lora_magnitude_vector): ModuleDict()
              )
              (o_proj): lora.Linear4bit(
                (base_layer): Linear4bit(in_features=4096, out_features=4096, bias=False)
                (lora_dropout): ModuleDict(
                  (default): Identity()
                )
                (lora_A): ModuleDict(
                  (default): Linear(in_features=4096, out_features=32, bias=False)
                )
                (lora_B): ModuleDict(
                  (default): Linear(in_features=32, out_features=4096, bias=False)
                )
                (lora_embedding_A): ParameterDict()
                (lora_embedding_B): ParameterDict()
                (lora_magnitude_vector): ModuleDict()
              )
              (q_norm): Qwen3RMSNorm((128,), eps=1e-06)
              (k_norm): Qwen3RMSNorm((128,), eps=1e-06)
              (rotary_emb): LlamaRotaryEmbedding()
            )
            (mlp): Qwen3MLP(
              (gate_proj): lora.Linear(
                (base_layer): Linear(in_features=4096, out_features=12288, bias=False)
                (lora_dropout): ModuleDict(
                  (default): Identity()
                )
                (lora_A): ModuleDict(
                  (default): Linear(in_features=4096, out_features=32, bias=False)
                )
                (lora_B): ModuleDict(
                  (default): Linear(in_features=32, out_features=12288, bias=False)
                )
                (lora_embedding_A): ParameterDict()
                (lora_embedding_B): ParameterDict()
                (lora_magnitude_vector): ModuleDict()
              )
              (up_proj): lora.Linear(
                (base_layer): Linear(in_features=4096, out_features=12288, bias=False)
                (lora_dropout): ModuleDict(
                  (default): Identity()
                )
                (lora_A): ModuleDict(
                  (default): Linear(in_features=4096, out_features=32, bias=False)
                )
                (lora_B): ModuleDict(
                  (default): Linear(in_features=32, out_features=12288, bias=False)
                )
                (lora_embedding_A): ParameterDict()
                (lora_embedding_B): ParameterDict()
                (lora_magnitude_vector): ModuleDict()
              )
              (down_proj): lora.Linear(
                (base_layer): Linear(in_features=12288, out_features=4096, bias=False)
                (lora_dropout): ModuleDict(
                  (default): Identity()
                )
                (lora_A): ModuleDict(
                  (default): Linear(in_features=12288, out_features=32, bias=False)
                )
                (lora_B): ModuleDict(
                  (default): Linear(in_features=32, out_features=4096, bias=False)
                )
                (lora_embedding_A): ParameterDict()
                (lora_embedding_B): ParameterDict()
                (lora_magnitude_vector): ModuleDict()
              )
              (act_fn): SiLUActivation()
            )
            (input_layernorm): Qwen3RMSNorm((4096,), eps=1e-06)
            (post_attention_layernorm): Qwen3RMSNorm((4096,), eps=1e-06)
          )
          (5): Qwen3DecoderLayer(
            (self_attn): Qwen3Attention(
              (q_proj): lora.Linear4bit(
                (base_layer): Linear4bit(in_features=4096, out_features=4096, bias=False)
                (lora_dropout): ModuleDict(
                  (default): Identity()
                )
                (lora_A): ModuleDict(
                  (default): Linear(in_features=4096, out_features=32, bias=False)
                )
                (lora_B): ModuleDict(
                  (default): Linear(in_features=32, out_features=4096, bias=False)
                )
                (lora_embedding_A): ParameterDict()
                (lora_embedding_B): ParameterDict()
                (lora_magnitude_vector): ModuleDict()
              )
              (k_proj): lora.Linear4bit(
                (base_layer): Linear4bit(in_features=4096, out_features=1024, bias=False)
                (lora_dropout): ModuleDict(
                  (default): Identity()
                )
                (lora_A): ModuleDict(
                  (default): Linear(in_features=4096, out_features=32, bias=False)
                )
                (lora_B): ModuleDict(
                  (default): Linear(in_features=32, out_features=1024, bias=False)
                )
                (lora_embedding_A): ParameterDict()
                (lora_embedding_B): ParameterDict()
                (lora_magnitude_vector): ModuleDict()
              )
              (v_proj): lora.Linear4bit(
                (base_layer): Linear4bit(in_features=4096, out_features=1024, bias=False)
                (lora_dropout): ModuleDict(
                  (default): Identity()
                )
                (lora_A): ModuleDict(
                  (default): Linear(in_features=4096, out_features=32, bias=False)
                )
                (lora_B): ModuleDict(
                  (default): Linear(in_features=32, out_features=1024, bias=False)
                )
                (lora_embedding_A): ParameterDict()
                (lora_embedding_B): ParameterDict()
                (lora_magnitude_vector): ModuleDict()
              )
              (o_proj): lora.Linear4bit(
                (base_layer): Linear4bit(in_features=4096, out_features=4096, bias=False)
                (lora_dropout): ModuleDict(
                  (default): Identity()
                )
                (lora_A): ModuleDict(
                  (default): Linear(in_features=4096, out_features=32, bias=False)
                )
                (lora_B): ModuleDict(
                  (default): Linear(in_features=32, out_features=4096, bias=False)
                )
                (lora_embedding_A): ParameterDict()
                (lora_embedding_B): ParameterDict()
                (lora_magnitude_vector): ModuleDict()
              )
              (q_norm): Qwen3RMSNorm((128,), eps=1e-06)
              (k_norm): Qwen3RMSNorm((128,), eps=1e-06)
              (rotary_emb): LlamaRotaryEmbedding()
            )
            (mlp): Qwen3MLP(
              (gate_proj): lora.Linear4bit(
                (base_layer): Linear4bit(in_features=4096, out_features=12288, bias=False)
                (lora_dropout): ModuleDict(
                  (default): Identity()
                )
                (lora_A): ModuleDict(
                  (default): Linear(in_features=4096, out_features=32, bias=False)
                )
                (lora_B): ModuleDict(
                  (default): Linear(in_features=32, out_features=12288, bias=False)
                )
                (lora_embedding_A): ParameterDict()
                (lora_embedding_B): ParameterDict()
                (lora_magnitude_vector): ModuleDict()
              )
              (up_proj): lora.Linear4bit(
                (base_layer): Linear4bit(in_features=4096, out_features=12288, bias=False)
                (lora_dropout): ModuleDict(
                  (default): Identity()
                )
                (lora_A): ModuleDict(
                  (default): Linear(in_features=4096, out_features=32, bias=False)
                )
                (lora_B): ModuleDict(
                  (default): Linear(in_features=32, out_features=12288, bias=False)
                )
                (lora_embedding_A): ParameterDict()
                (lora_embedding_B): ParameterDict()
                (lora_magnitude_vector): ModuleDict()
              )
              (down_proj): lora.Linear4bit(
                (base_layer): Linear4bit(in_features=12288, out_features=4096, bias=False)
                (lora_dropout): ModuleDict(
                  (default): Identity()
                )
                (lora_A): ModuleDict(
                  (default): Linear(in_features=12288, out_features=32, bias=False)
                )
                (lora_B): ModuleDict(
                  (default): Linear(in_features=32, out_features=4096, bias=False)
                )
                (lora_embedding_A): ParameterDict()
                (lora_embedding_B): ParameterDict()
                (lora_magnitude_vector): ModuleDict()
              )
              (act_fn): SiLUActivation()
            )
            (input_layernorm): Qwen3RMSNorm((4096,), eps=1e-06)
            (post_attention_layernorm): Qwen3RMSNorm((4096,), eps=1e-06)
          )
          (6): Qwen3DecoderLayer(
            (self_attn): Qwen3Attention(
              (q_proj): lora.Linear4bit(
                (base_layer): Linear4bit(in_features=4096, out_features=4096, bias=False)
                (lora_dropout): ModuleDict(
                  (default): Identity()
                )
                (lora_A): ModuleDict(
                  (default): Linear(in_features=4096, out_features=32, bias=False)
                )
                (lora_B): ModuleDict(
                  (default): Linear(in_features=32, out_features=4096, bias=False)
                )
                (lora_embedding_A): ParameterDict()
                (lora_embedding_B): ParameterDict()
                (lora_magnitude_vector): ModuleDict()
              )
              (k_proj): lora.Linear4bit(
                (base_layer): Linear4bit(in_features=4096, out_features=1024, bias=False)
                (lora_dropout): ModuleDict(
                  (default): Identity()
                )
                (lora_A): ModuleDict(
                  (default): Linear(in_features=4096, out_features=32, bias=False)
                )
                (lora_B): ModuleDict(
                  (default): Linear(in_features=32, out_features=1024, bias=False)
                )
                (lora_embedding_A): ParameterDict()
                (lora_embedding_B): ParameterDict()
                (lora_magnitude_vector): ModuleDict()
              )
              (v_proj): lora.Linear4bit(
                (base_layer): Linear4bit(in_features=4096, out_features=1024, bias=False)
                (lora_dropout): ModuleDict(
                  (default): Identity()
                )
                (lora_A): ModuleDict(
                  (default): Linear(in_features=4096, out_features=32, bias=False)
                )
                (lora_B): ModuleDict(
                  (default): Linear(in_features=32, out_features=1024, bias=False)
                )
                (lora_embedding_A): ParameterDict()
                (lora_embedding_B): ParameterDict()
                (lora_magnitude_vector): ModuleDict()
              )
              (o_proj): lora.Linear4bit(
                (base_layer): Linear4bit(in_features=4096, out_features=4096, bias=False)
                (lora_dropout): ModuleDict(
                  (default): Identity()
                )
                (lora_A): ModuleDict(
                  (default): Linear(in_features=4096, out_features=32, bias=False)
                )
                (lora_B): ModuleDict(
                  (default): Linear(in_features=32, out_features=4096, bias=False)
                )
                (lora_embedding_A): ParameterDict()
                (lora_embedding_B): ParameterDict()
                (lora_magnitude_vector): ModuleDict()
              )
              (q_norm): Qwen3RMSNorm((128,), eps=1e-06)
              (k_norm): Qwen3RMSNorm((128,), eps=1e-06)
              (rotary_emb): LlamaRotaryEmbedding()
            )
            (mlp): Qwen3MLP(
              (gate_proj): lora.Linear(
                (base_layer): Linear(in_features=4096, out_features=12288, bias=False)
                (lora_dropout): ModuleDict(
                  (default): Identity()
                )
                (lora_A): ModuleDict(
                  (default): Linear(in_features=4096, out_features=32, bias=False)
                )
                (lora_B): ModuleDict(
                  (default): Linear(in_features=32, out_features=12288, bias=False)
                )
                (lora_embedding_A): ParameterDict()
                (lora_embedding_B): ParameterDict()
                (lora_magnitude_vector): ModuleDict()
              )
              (up_proj): lora.Linear(
                (base_layer): Linear(in_features=4096, out_features=12288, bias=False)
                (lora_dropout): ModuleDict(
                  (default): Identity()
                )
                (lora_A): ModuleDict(
                  (default): Linear(in_features=4096, out_features=32, bias=False)
                )
                (lora_B): ModuleDict(
                  (default): Linear(in_features=32, out_features=12288, bias=False)
                )
                (lora_embedding_A): ParameterDict()
                (lora_embedding_B): ParameterDict()
                (lora_magnitude_vector): ModuleDict()
              )
              (down_proj): lora.Linear(
                (base_layer): Linear(in_features=12288, out_features=4096, bias=False)
                (lora_dropout): ModuleDict(
                  (default): Identity()
                )
                (lora_A): ModuleDict(
                  (default): Linear(in_features=12288, out_features=32, bias=False)
                )
                (lora_B): ModuleDict(
                  (default): Linear(in_features=32, out_features=4096, bias=False)
                )
                (lora_embedding_A): ParameterDict()
                (lora_embedding_B): ParameterDict()
                (lora_magnitude_vector): ModuleDict()
              )
              (act_fn): SiLUActivation()
            )
            (input_layernorm): Qwen3RMSNorm((4096,), eps=1e-06)
            (post_attention_layernorm): Qwen3RMSNorm((4096,), eps=1e-06)
          )
          (7-33): 27 x Qwen3DecoderLayer(
            (self_attn): Qwen3Attention(
              (q_proj): lora.Linear4bit(
                (base_layer): Linear4bit(in_features=4096, out_features=4096, bias=False)
                (lora_dropout): ModuleDict(
                  (default): Identity()
                )
                (lora_A): ModuleDict(
                  (default): Linear(in_features=4096, out_features=32, bias=False)
                )
                (lora_B): ModuleDict(
                  (default): Linear(in_features=32, out_features=4096, bias=False)
                )
                (lora_embedding_A): ParameterDict()
                (lora_embedding_B): ParameterDict()
                (lora_magnitude_vector): ModuleDict()
              )
              (k_proj): lora.Linear4bit(
                (base_layer): Linear4bit(in_features=4096, out_features=1024, bias=False)
                (lora_dropout): ModuleDict(
                  (default): Identity()
                )
                (lora_A): ModuleDict(
                  (default): Linear(in_features=4096, out_features=32, bias=False)
                )
                (lora_B): ModuleDict(
                  (default): Linear(in_features=32, out_features=1024, bias=False)
                )
                (lora_embedding_A): ParameterDict()
                (lora_embedding_B): ParameterDict()
                (lora_magnitude_vector): ModuleDict()
              )
              (v_proj): lora.Linear4bit(
                (base_layer): Linear4bit(in_features=4096, out_features=1024, bias=False)
                (lora_dropout): ModuleDict(
                  (default): Identity()
                )
                (lora_A): ModuleDict(
                  (default): Linear(in_features=4096, out_features=32, bias=False)
                )
                (lora_B): ModuleDict(
                  (default): Linear(in_features=32, out_features=1024, bias=False)
                )
                (lora_embedding_A): ParameterDict()
                (lora_embedding_B): ParameterDict()
                (lora_magnitude_vector): ModuleDict()
              )
              (o_proj): lora.Linear4bit(
                (base_layer): Linear4bit(in_features=4096, out_features=4096, bias=False)
                (lora_dropout): ModuleDict(
                  (default): Identity()
                )
                (lora_A): ModuleDict(
                  (default): Linear(in_features=4096, out_features=32, bias=False)
                )
                (lora_B): ModuleDict(
                  (default): Linear(in_features=32, out_features=4096, bias=False)
                )
                (lora_embedding_A): ParameterDict()
                (lora_embedding_B): ParameterDict()
                (lora_magnitude_vector): ModuleDict()
              )
              (q_norm): Qwen3RMSNorm((128,), eps=1e-06)
              (k_norm): Qwen3RMSNorm((128,), eps=1e-06)
              (rotary_emb): LlamaRotaryEmbedding()
            )
            (mlp): Qwen3MLP(
              (gate_proj): lora.Linear4bit(
                (base_layer): Linear4bit(in_features=4096, out_features=12288, bias=False)
                (lora_dropout): ModuleDict(
                  (default): Identity()
                )
                (lora_A): ModuleDict(
                  (default): Linear(in_features=4096, out_features=32, bias=False)
                )
                (lora_B): ModuleDict(
                  (default): Linear(in_features=32, out_features=12288, bias=False)
                )
                (lora_embedding_A): ParameterDict()
                (lora_embedding_B): ParameterDict()
                (lora_magnitude_vector): ModuleDict()
              )
              (up_proj): lora.Linear4bit(
                (base_layer): Linear4bit(in_features=4096, out_features=12288, bias=False)
                (lora_dropout): ModuleDict(
                  (default): Identity()
                )
                (lora_A): ModuleDict(
                  (default): Linear(in_features=4096, out_features=32, bias=False)
                )
                (lora_B): ModuleDict(
                  (default): Linear(in_features=32, out_features=12288, bias=False)
                )
                (lora_embedding_A): ParameterDict()
                (lora_embedding_B): ParameterDict()
                (lora_magnitude_vector): ModuleDict()
              )
              (down_proj): lora.Linear4bit(
                (base_layer): Linear4bit(in_features=12288, out_features=4096, bias=False)
                (lora_dropout): ModuleDict(
                  (default): Identity()
                )
                (lora_A): ModuleDict(
                  (default): Linear(in_features=12288, out_features=32, bias=False)
                )
                (lora_B): ModuleDict(
                  (default): Linear(in_features=32, out_features=4096, bias=False)
                )
                (lora_embedding_A): ParameterDict()
                (lora_embedding_B): ParameterDict()
                (lora_magnitude_vector): ModuleDict()
              )
              (act_fn): SiLUActivation()
            )
            (input_layernorm): Qwen3RMSNorm((4096,), eps=1e-06)
            (post_attention_layernorm): Qwen3RMSNorm((4096,), eps=1e-06)
          )
          (34): Qwen3DecoderLayer(
            (self_attn): Qwen3Attention(
              (q_proj): lora.Linear(
                (base_layer): Linear(in_features=4096, out_features=4096, bias=False)
                (lora_dropout): ModuleDict(
                  (default): Identity()
                )
                (lora_A): ModuleDict(
                  (default): Linear(in_features=4096, out_features=32, bias=False)
                )
                (lora_B): ModuleDict(
                  (default): Linear(in_features=32, out_features=4096, bias=False)
                )
                (lora_embedding_A): ParameterDict()
                (lora_embedding_B): ParameterDict()
                (lora_magnitude_vector): ModuleDict()
              )
              (k_proj): lora.Linear(
                (base_layer): Linear(in_features=4096, out_features=1024, bias=False)
                (lora_dropout): ModuleDict(
                  (default): Identity()
                )
                (lora_A): ModuleDict(
                  (default): Linear(in_features=4096, out_features=32, bias=False)
                )
                (lora_B): ModuleDict(
                  (default): Linear(in_features=32, out_features=1024, bias=False)
                )
                (lora_embedding_A): ParameterDict()
                (lora_embedding_B): ParameterDict()
                (lora_magnitude_vector): ModuleDict()
              )
              (v_proj): lora.Linear(
                (base_layer): Linear(in_features=4096, out_features=1024, bias=False)
                (lora_dropout): ModuleDict(
                  (default): Identity()
                )
                (lora_A): ModuleDict(
                  (default): Linear(in_features=4096, out_features=32, bias=False)
                )
                (lora_B): ModuleDict(
                  (default): Linear(in_features=32, out_features=1024, bias=False)
                )
                (lora_embedding_A): ParameterDict()
                (lora_embedding_B): ParameterDict()
                (lora_magnitude_vector): ModuleDict()
              )
              (o_proj): lora.Linear(
                (base_layer): Linear(in_features=4096, out_features=4096, bias=False)
                (lora_dropout): ModuleDict(
                  (default): Identity()
                )
                (lora_A): ModuleDict(
                  (default): Linear(in_features=4096, out_features=32, bias=False)
                )
                (lora_B): ModuleDict(
                  (default): Linear(in_features=32, out_features=4096, bias=False)
                )
                (lora_embedding_A): ParameterDict()
                (lora_embedding_B): ParameterDict()
                (lora_magnitude_vector): ModuleDict()
              )
              (q_norm): Qwen3RMSNorm((128,), eps=1e-06)
              (k_norm): Qwen3RMSNorm((128,), eps=1e-06)
              (rotary_emb): LlamaRotaryEmbedding()
            )
            (mlp): Qwen3MLP(
              (gate_proj): lora.Linear(
                (base_layer): Linear(in_features=4096, out_features=12288, bias=False)
                (lora_dropout): ModuleDict(
                  (default): Identity()
                )
                (lora_A): ModuleDict(
                  (default): Linear(in_features=4096, out_features=32, bias=False)
                )
                (lora_B): ModuleDict(
                  (default): Linear(in_features=32, out_features=12288, bias=False)
                )
                (lora_embedding_A): ParameterDict()
                (lora_embedding_B): ParameterDict()
                (lora_magnitude_vector): ModuleDict()
              )
              (up_proj): lora.Linear(
                (base_layer): Linear(in_features=4096, out_features=12288, bias=False)
                (lora_dropout): ModuleDict(
                  (default): Identity()
                )
                (lora_A): ModuleDict(
                  (default): Linear(in_features=4096, out_features=32, bias=False)
                )
                (lora_B): ModuleDict(
                  (default): Linear(in_features=32, out_features=12288, bias=False)
                )
                (lora_embedding_A): ParameterDict()
                (lora_embedding_B): ParameterDict()
                (lora_magnitude_vector): ModuleDict()
              )
              (down_proj): lora.Linear(
                (base_layer): Linear(in_features=12288, out_features=4096, bias=False)
                (lora_dropout): ModuleDict(
                  (default): Identity()
                )
                (lora_A): ModuleDict(
                  (default): Linear(in_features=12288, out_features=32, bias=False)
                )
                (lora_B): ModuleDict(
                  (default): Linear(in_features=32, out_features=4096, bias=False)
                )
                (lora_embedding_A): ParameterDict()
                (lora_embedding_B): ParameterDict()
                (lora_magnitude_vector): ModuleDict()
              )
              (act_fn): SiLUActivation()
            )
            (input_layernorm): Qwen3RMSNorm((4096,), eps=1e-06)
            (post_attention_layernorm): Qwen3RMSNorm((4096,), eps=1e-06)
          )
          (35): Qwen3DecoderLayer(
            (self_attn): Qwen3Attention(
              (q_proj): lora.Linear4bit(
                (base_layer): Linear4bit(in_features=4096, out_features=4096, bias=False)
                (lora_dropout): ModuleDict(
                  (default): Identity()
                )
                (lora_A): ModuleDict(
                  (default): Linear(in_features=4096, out_features=32, bias=False)
                )
                (lora_B): ModuleDict(
                  (default): Linear(in_features=32, out_features=4096, bias=False)
                )
                (lora_embedding_A): ParameterDict()
                (lora_embedding_B): ParameterDict()
                (lora_magnitude_vector): ModuleDict()
              )
              (k_proj): lora.Linear4bit(
                (base_layer): Linear4bit(in_features=4096, out_features=1024, bias=False)
                (lora_dropout): ModuleDict(
                  (default): Identity()
                )
                (lora_A): ModuleDict(
                  (default): Linear(in_features=4096, out_features=32, bias=False)
                )
                (lora_B): ModuleDict(
                  (default): Linear(in_features=32, out_features=1024, bias=False)
                )
                (lora_embedding_A): ParameterDict()
                (lora_embedding_B): ParameterDict()
                (lora_magnitude_vector): ModuleDict()
              )
              (v_proj): lora.Linear4bit(
                (base_layer): Linear4bit(in_features=4096, out_features=1024, bias=False)
                (lora_dropout): ModuleDict(
                  (default): Identity()
                )
                (lora_A): ModuleDict(
                  (default): Linear(in_features=4096, out_features=32, bias=False)
                )
                (lora_B): ModuleDict(
                  (default): Linear(in_features=32, out_features=1024, bias=False)
                )
                (lora_embedding_A): ParameterDict()
                (lora_embedding_B): ParameterDict()
                (lora_magnitude_vector): ModuleDict()
              )
              (o_proj): lora.Linear4bit(
                (base_layer): Linear4bit(in_features=4096, out_features=4096, bias=False)
                (lora_dropout): ModuleDict(
                  (default): Identity()
                )
                (lora_A): ModuleDict(
                  (default): Linear(in_features=4096, out_features=32, bias=False)
                )
                (lora_B): ModuleDict(
                  (default): Linear(in_features=32, out_features=4096, bias=False)
                )
                (lora_embedding_A): ParameterDict()
                (lora_embedding_B): ParameterDict()
                (lora_magnitude_vector): ModuleDict()
              )
              (q_norm): Qwen3RMSNorm((128,), eps=1e-06)
              (k_norm): Qwen3RMSNorm((128,), eps=1e-06)
              (rotary_emb): LlamaRotaryEmbedding()
            )
            (mlp): Qwen3MLP(
              (gate_proj): lora.Linear4bit(
                (base_layer): Linear4bit(in_features=4096, out_features=12288, bias=False)
                (lora_dropout): ModuleDict(
                  (default): Identity()
                )
                (lora_A): ModuleDict(
                  (default): Linear(in_features=4096, out_features=32, bias=False)
                )
                (lora_B): ModuleDict(
                  (default): Linear(in_features=32, out_features=12288, bias=False)
                )
                (lora_embedding_A): ParameterDict()
                (lora_embedding_B): ParameterDict()
                (lora_magnitude_vector): ModuleDict()
              )
              (up_proj): lora.Linear4bit(
                (base_layer): Linear4bit(in_features=4096, out_features=12288, bias=False)
                (lora_dropout): ModuleDict(
                  (default): Identity()
                )
                (lora_A): ModuleDict(
                  (default): Linear(in_features=4096, out_features=32, bias=False)
                )
                (lora_B): ModuleDict(
                  (default): Linear(in_features=32, out_features=12288, bias=False)
                )
                (lora_embedding_A): ParameterDict()
                (lora_embedding_B): ParameterDict()
                (lora_magnitude_vector): ModuleDict()
              )
              (down_proj): lora.Linear4bit(
                (base_layer): Linear4bit(in_features=12288, out_features=4096, bias=False)
                (lora_dropout): ModuleDict(
                  (default): Identity()
                )
                (lora_A): ModuleDict(
                  (default): Linear(in_features=12288, out_features=32, bias=False)
                )
                (lora_B): ModuleDict(
                  (default): Linear(in_features=32, out_features=4096, bias=False)
                )
                (lora_embedding_A): ParameterDict()
                (lora_embedding_B): ParameterDict()
                (lora_magnitude_vector): ModuleDict()
              )
              (act_fn): SiLUActivation()
            )
            (input_layernorm): Qwen3RMSNorm((4096,), eps=1e-06)
            (post_attention_layernorm): Qwen3RMSNorm((4096,), eps=1e-06)
          )
        )
        (norm): Qwen3RMSNorm((4096,), eps=1e-06)
        (rotary_emb): LlamaRotaryEmbedding()
      )
      (lm_head): Linear(in_features=4096, out_features=151936, bias=False)
    )
  )
)The model is already on multiple devices. Skipping the move to device specified in `args`.
==((====))==  Unsloth - 2x faster free finetuning | Num GPUs used = 1
   \\   /|    Num examples = 49,500 | Num Epochs = 1 | Total steps = 3,094
O^O/ \_/ \    Batch size per device = 4 | Gradient accumulation steps = 4
\        /    Data Parallel GPUs = 1 | Total batch size (4 x 4 x 1) = 16
 "-____-"     Trainable parameters = 87,293,952 of 8,278,029,312 (1.05% trained)


🦥 Unsloth: Padding-free auto-enabled, enabling faster training.
GPU = NVIDIA GeForce RTX 5070 Ti. Max memory = 15.92 GB.
7.328 GB of memory reserved.
  0%|          | 0/3094 [00:00<?, ?it/s]  0%|          | 1/3094 [00:04<3:59:59,  4.66s/it]                                                    0%|          | 1/3094 [00:04<3:59:59,  4.66s/it]  0%|          | 2/3094 [00:07<3:10:00,  3.69s/it]                                                    0%|          | 2/3094 [00:07<3:10:00,  3.69s/it]  0%|          | 3/3094 [00:10<2:43:55,  3.18s/it]                                                    0%|          | 3/3094 [00:10<2:43:55,  3.18s/it]  0%|          | 4/3094 [00:12<2:34:56,  3.01s/it]                                                    0%|          | 4/3094 [00:12<2:34:56,  3.01s/it]  0%|          | 5/3094 [00:15<2:34:29,  3.00s/it]                                                    0%|          | 5/3094 [00:15<2:34:29,  3.00s/it]  0%|          | 6/3094 [00:18<2:26:38,  2.85s/it]                                                    0%|          | 6/3094 [00:18<2:26:38,  2.85s/it]  0%|          | 7/3094 [00:22<2:39:11,  3.09s/it]                                                    0%|          | 7/3094 [00:22<2:39:11,  3.09s/it]  0%|          | 8/3094 [00:25<2:38:08,  3.07s/it]                                                    0%|          | 8/3094 [00:25<2:38:08,  3.07s/it]  0%|          | 9/3094 [00:28<2:37:46,  3.07s/it]                                                    0%|          | 9/3094 [00:28<2:37:46,  3.07s/it]  0%|          | 10/3094 [00:30<2:32:36,  2.97s/it]                                                     0%|          | 10/3094 [00:30<2:32:36,  2.97s/it]  0%|          | 11/3094 [00:33<2:28:31,  2.89s/it]                                                     0%|          | 11/3094 [00:33<2:28:31,  2.89s/it]  0%|          | 12/3094 [00:36<2:25:48,  2.84s/it]                                                     0%|          | 12/3094 [00:36<2:25:48,  2.84s/it]  0%|          | 13/3094 [00:39<2:32:32,  2.97s/it]                                                     0%|          | 13/3094 [00:39<2:32:32,  2.97s/it]  0%|          | 14/3094 [00:43<2:38:06,  3.08s/it]                                                     0%|          | 14/3094 [00:43<2:38:06,  3.08s/it]  0%|          | 15/3094 [00:45<2:26:44,  2.86s/it]                                                     0%|          | 15/3094 [00:45<2:26:44,  2.86s/it]  1%|          | 16/3094 [00:48<2:30:42,  2.94s/it]                                                     1%|          | 16/3094 [00:48<2:30:42,  2.94s/it]  1%|          | 17/3094 [00:51<2:30:14,  2.93s/it]                                                     1%|          | 17/3094 [00:51<2:30:14,  2.93s/it]  1%|          | 18/3094 [00:54<2:29:46,  2.92s/it]                                                     1%|          | 18/3094 [00:54<2:29:46,  2.92s/it]  1%|          | 19/3094 [00:57<2:31:25,  2.95s/it]                                                     1%|          | 19/3094 [00:57<2:31:25,  2.95s/it]  1%|          | 20/3094 [01:00<2:28:30,  2.90s/it]                                                     1%|          | 20/3094 [01:00<2:28:30,  2.90s/it]  1%|          | 21/3094 [01:02<2:26:27,  2.86s/it]                                                     1%|          | 21/3094 [01:02<2:26:27,  2.86s/it]  1%|          | 22/3094 [01:06<2:32:40,  2.98s/it]                                                     1%|          | 22/3094 [01:06<2:32:40,  2.98s/it]  1%|          | 23/3094 [01:08<2:29:16,  2.92s/it]                                                     1%|          | 23/3094 [01:08<2:29:16,  2.92s/it]  1%|          | 24/3094 [01:11<2:26:55,  2.87s/it]                                                     1%|          | 24/3094 [01:11<2:26:55,  2.87s/it]  1%|          | 25/3094 [01:14<2:21:29,  2.77s/it]                                                     1%|          | 25/3094 [01:14<2:21:29,  2.77s/it]  1%|          | 26/3094 [01:17<2:29:42,  2.93s/it]                                                     1%|          | 26/3094 [01:17<2:29:42,  2.93s/it]  1%|          | 27/3094 [01:20<2:34:29,  3.02s/it]                                                     1%|          | 27/3094 [01:20<2:34:29,  3.02s/it]  1%|          | 28/3094 [01:22<2:22:45,  2.79s/it]                                                     1%|          | 28/3094 [01:22<2:22:45,  2.79s/it]  1%|          | 29/3094 [01:25<2:19:28,  2.73s/it]                                                     1%|          | 29/3094 [01:25<2:19:28,  2.73s/it]  1%|          | 30/3094 [01:28<2:23:31,  2.81s/it]                                                     1%|          | 30/3094 [01:28<2:23:31,  2.81s/it]  1%|          | 31/3094 [01:31<2:22:34,  2.79s/it]                                                     1%|          | 31/3094 [01:31<2:22:34,  2.79s/it]  1%|          | 32/3094 [01:34<2:22:51,  2.80s/it]                                                     1%|          | 32/3094 [01:34<2:22:51,  2.80s/it]  1%|          | 33/3094 [01:37<2:28:08,  2.90s/it]                                                     1%|          | 33/3094 [01:37<2:28:08,  2.90s/it]  1%|          | 34/3094 [01:40<2:26:40,  2.88s/it]                                                     1%|          | 34/3094 [01:40<2:26:40,  2.88s/it]  1%|          | 35/3094 [01:42<2:18:35,  2.72s/it]                                                     1%|          | 35/3094 [01:42<2:18:35,  2.72s/it]  1%|          | 36/3094 [01:45<2:21:40,  2.78s/it]                                                     1%|          | 36/3094 [01:45<2:21:40,  2.78s/it]  1%|          | 37/3094 [01:48<2:27:30,  2.90s/it]                                                     1%|          | 37/3094 [01:48<2:27:30,  2.90s/it]  1%|          | 38/3094 [01:51<2:33:59,  3.02s/it]                                                     1%|          | 38/3094 [01:51<2:33:59,  3.02s/it]  1%|▏         | 39/3094 [01:55<2:45:19,  3.25s/it]                                                     1%|▏         | 39/3094 [01:55<2:45:19,  3.25s/it]  1%|▏         | 40/3094 [01:58<2:39:24,  3.13s/it]                                                     1%|▏         | 40/3094 [01:58<2:39:24,  3.13s/it]  1%|▏         | 41/3094 [02:01<2:41:02,  3.16s/it]                                                     1%|▏         | 41/3094 [02:01<2:41:02,  3.16s/it]  1%|▏         | 42/3094 [02:04<2:38:09,  3.11s/it]                                                     1%|▏         | 42/3094 [02:04<2:38:09,  3.11s/it]  1%|▏         | 43/3094 [02:07<2:38:27,  3.12s/it]                                                     1%|▏         | 43/3094 [02:07<2:38:27,  3.12s/it]  1%|▏         | 44/3094 [02:10<2:33:50,  3.03s/it]                                                     1%|▏         | 44/3094 [02:10<2:33:50,  3.03s/it]  1%|▏         | 45/3094 [02:13<2:26:13,  2.88s/it]                                                     1%|▏         | 45/3094 [02:13<2:26:13,  2.88s/it]  1%|▏         | 46/3094 [02:16<2:27:00,  2.89s/it]                                                     1%|▏         | 46/3094 [02:16<2:27:00,  2.89s/it]  2%|▏         | 47/3094 [02:19<2:33:19,  3.02s/it]                                                     2%|▏         | 47/3094 [02:19<2:33:19,  3.02s/it]  2%|▏         | 48/3094 [02:22<2:34:45,  3.05s/it]                                                     2%|▏         | 48/3094 [02:22<2:34:45,  3.05s/it]  2%|▏         | 49/3094 [02:25<2:32:54,  3.01s/it]                                                     2%|▏         | 49/3094 [02:25<2:32:54,  3.01s/it]  2%|▏         | 50/3094 [02:28<2:28:42,  2.93s/it]                                                     2%|▏         | 50/3094 [02:28<2:28:42,  2.93s/it]  2%|▏         | 51/3094 [02:31<2:35:08,  3.06s/it]                                                     2%|▏         | 51/3094 [02:31<2:35:08,  3.06s/it]  2%|▏         | 52/3094 [02:35<2:45:14,  3.26s/it]                                                     2%|▏         | 52/3094 [02:35<2:45:14,  3.26s/it]  2%|▏         | 53/3094 [02:38<2:38:14,  3.12s/it]                                                     2%|▏         | 53/3094 [02:38<2:38:14,  3.12s/it]  2%|▏         | 54/3094 [02:41<2:42:56,  3.22s/it]                                                     2%|▏         | 54/3094 [02:41<2:42:56,  3.22s/it]  2%|▏         | 55/3094 [02:44<2:36:51,  3.10s/it]                                                     2%|▏         | 55/3094 [02:44<2:36:51,  3.10s/it]  2%|▏         | 56/3094 [02:47<2:33:42,  3.04s/it]                                                     2%|▏         | 56/3094 [02:47<2:33:42,  3.04s/it]  2%|▏         | 57/3094 [02:50<2:32:04,  3.00s/it]                                                     2%|▏         | 57/3094 [02:50<2:32:04,  3.00s/it]  2%|▏         | 58/3094 [02:52<2:23:43,  2.84s/it]                                                     2%|▏         | 58/3094 [02:52<2:23:43,  2.84s/it]  2%|▏         | 59/3094 [02:55<2:20:56,  2.79s/it]                                                     2%|▏         | 59/3094 [02:55<2:20:56,  2.79s/it]  2%|▏         | 60/3094 [02:58<2:22:46,  2.82s/it]                                                     2%|▏         | 60/3094 [02:58<2:22:46,  2.82s/it]  2%|▏         | 61/3094 [03:00<2:18:14,  2.73s/it]                                                     2%|▏         | 61/3094 [03:00<2:18:14,  2.73s/it]  2%|▏         | 62/3094 [03:03<2:19:12,  2.75s/it]                                                     2%|▏         | 62/3094 [03:03<2:19:12,  2.75s/it]  2%|▏         | 63/3094 [03:06<2:24:19,  2.86s/it]                                                     2%|▏         | 63/3094 [03:06<2:24:19,  2.86s/it]  2%|▏         | 64/3094 [03:09<2:29:41,  2.96s/it]                                                     2%|▏         | 64/3094 [03:09<2:29:41,  2.96s/it]  2%|▏         | 65/3094 [03:12<2:32:24,  3.02s/it]                                                     2%|▏         | 65/3094 [03:12<2:32:24,  3.02s/it]  2%|▏         | 66/3094 [03:15<2:30:59,  2.99s/it]                                                     2%|▏         | 66/3094 [03:15<2:30:59,  2.99s/it]  2%|▏         | 67/3094 [03:18<2:27:09,  2.92s/it]                                                     2%|▏         | 67/3094 [03:18<2:27:09,  2.92s/it]  2%|▏         | 68/3094 [03:21<2:27:48,  2.93s/it]                                                     2%|▏         | 68/3094 [03:21<2:27:48,  2.93s/it]  2%|▏         | 69/3094 [03:25<2:40:51,  3.19s/it]                                                     2%|▏         | 69/3094 [03:25<2:40:51,  3.19s/it]  2%|▏         | 70/3094 [03:28<2:37:32,  3.13s/it]                                                     2%|▏         | 70/3094 [03:28<2:37:32,  3.13s/it]  2%|▏         | 71/3094 [03:31<2:32:25,  3.03s/it]                                                     2%|▏         | 71/3094 [03:31<2:32:25,  3.03s/it]  2%|▏         | 72/3094 [03:33<2:28:33,  2.95s/it]                                                     2%|▏         | 72/3094 [03:33<2:28:33,  2.95s/it]  2%|▏         | 73/3094 [03:36<2:21:57,  2.82s/it]                                                     2%|▏         | 73/3094 [03:36<2:21:57,  2.82s/it]  2%|▏         | 74/3094 [03:38<2:15:59,  2.70s/it]                                                     2%|▏         | 74/3094 [03:38<2:15:59,  2.70s/it]  2%|▏         | 75/3094 [03:42<2:29:52,  2.98s/it]                                                     2%|▏         | 75/3094 [03:42<2:29:52,  2.98s/it]  2%|▏         | 76/3094 [03:45<2:33:03,  3.04s/it]                                                     2%|▏         | 76/3094 [03:45<2:33:03,  3.04s/it]  2%|▏         | 77/3094 [03:48<2:32:44,  3.04s/it]                                                     2%|▏         | 77/3094 [03:48<2:32:44,  3.04s/it]  3%|▎         | 78/3094 [03:51<2:24:58,  2.88s/it]                                                   Unsloth: Will smartly offload gradients to save VRAM!
{'loss': 3.6868, 'grad_norm': 1.2831112146377563, 'learning_rate': 0.0, 'epoch': 0.0}
{'loss': 3.5166, 'grad_norm': 1.3309087753295898, 'learning_rate': 4e-05, 'epoch': 0.0}
{'loss': 3.4486, 'grad_norm': 1.4825800657272339, 'learning_rate': 8e-05, 'epoch': 0.0}
{'loss': 3.3714, 'grad_norm': 1.4631112813949585, 'learning_rate': 0.00012, 'epoch': 0.0}
{'loss': 3.0943, 'grad_norm': 1.286137580871582, 'learning_rate': 0.00016, 'epoch': 0.0}
{'loss': 3.1369, 'grad_norm': 1.1293022632598877, 'learning_rate': 0.0002, 'epoch': 0.0}
{'loss': 2.5949, 'grad_norm': 0.787585973739624, 'learning_rate': 0.0001999352541275494, 'epoch': 0.0}
{'loss': 2.5816, 'grad_norm': 0.7162244915962219, 'learning_rate': 0.00019987050825509873, 'epoch': 0.0}
{'loss': 2.4422, 'grad_norm': 0.6101894974708557, 'learning_rate': 0.00019980576238264812, 'epoch': 0.0}
{'loss': 2.5345, 'grad_norm': 0.4511246979236603, 'learning_rate': 0.00019974101651019748, 'epoch': 0.0}
{'loss': 2.3558, 'grad_norm': 0.4231407046318054, 'learning_rate': 0.00019967627063774686, 'epoch': 0.0}
{'loss': 2.4754, 'grad_norm': 0.40439561009407043, 'learning_rate': 0.00019961152476529622, 'epoch': 0.0}
{'loss': 2.1477, 'grad_norm': 0.32536083459854126, 'learning_rate': 0.00019954677889284558, 'epoch': 0.0}
{'loss': 2.1999, 'grad_norm': 0.34752658009529114, 'learning_rate': 0.00019948203302039497, 'epoch': 0.0}
{'loss': 2.4735, 'grad_norm': 0.4237600564956665, 'learning_rate': 0.00019941728714794433, 'epoch': 0.0}
{'loss': 2.2445, 'grad_norm': 0.3465733826160431, 'learning_rate': 0.0001993525412754937, 'epoch': 0.01}
{'loss': 2.4201, 'grad_norm': 0.33111831545829773, 'learning_rate': 0.00019928779540304308, 'epoch': 0.01}
{'loss': 2.2769, 'grad_norm': 0.3123190701007843, 'learning_rate': 0.00019922304953059244, 'epoch': 0.01}
{'loss': 2.1865, 'grad_norm': 0.2923262417316437, 'learning_rate': 0.0001991583036581418, 'epoch': 0.01}
{'loss': 2.1775, 'grad_norm': 0.32474765181541443, 'learning_rate': 0.00019909355778569116, 'epoch': 0.01}
{'loss': 2.2924, 'grad_norm': 0.3579213619232178, 'learning_rate': 0.00019902881191324054, 'epoch': 0.01}
{'loss': 2.1538, 'grad_norm': 0.3295372724533081, 'learning_rate': 0.0001989640660407899, 'epoch': 0.01}
{'loss': 2.0406, 'grad_norm': 0.42757096886634827, 'learning_rate': 0.00019889932016833926, 'epoch': 0.01}
{'loss': 2.135, 'grad_norm': 0.399813175201416, 'learning_rate': 0.00019883457429588865, 'epoch': 0.01}
{'loss': 2.4606, 'grad_norm': 0.492167204618454, 'learning_rate': 0.000198769828423438, 'epoch': 0.01}
{'loss': 1.928, 'grad_norm': 0.3143651783466339, 'learning_rate': 0.0001987050825509874, 'epoch': 0.01}
{'loss': 2.0961, 'grad_norm': 0.2736233174800873, 'learning_rate': 0.00019864033667853673, 'epoch': 0.01}
{'loss': 2.2595, 'grad_norm': 0.2936059534549713, 'learning_rate': 0.00019857559080608612, 'epoch': 0.01}
{'loss': 2.1057, 'grad_norm': 0.2824716866016388, 'learning_rate': 0.0001985108449336355, 'epoch': 0.01}
{'loss': 2.3608, 'grad_norm': 0.2719036340713501, 'learning_rate': 0.00019844609906118486, 'epoch': 0.01}
{'loss': 2.2169, 'grad_norm': 0.2871457040309906, 'learning_rate': 0.00019838135318873422, 'epoch': 0.01}
{'loss': 2.1178, 'grad_norm': 0.3030945360660553, 'learning_rate': 0.00019831660731628358, 'epoch': 0.01}
{'loss': 1.8687, 'grad_norm': 0.22789084911346436, 'learning_rate': 0.00019825186144383297, 'epoch': 0.01}
{'loss': 1.8458, 'grad_norm': 0.3577703535556793, 'learning_rate': 0.00019818711557138233, 'epoch': 0.01}
{'loss': 2.1964, 'grad_norm': 0.2821040153503418, 'learning_rate': 0.0001981223696989317, 'epoch': 0.01}
{'loss': 2.0268, 'grad_norm': 0.26162880659103394, 'learning_rate': 0.00019805762382648108, 'epoch': 0.01}
{'loss': 2.237, 'grad_norm': 0.25808024406433105, 'learning_rate': 0.00019799287795403044, 'epoch': 0.01}
{'loss': 1.982, 'grad_norm': 0.24057666957378387, 'learning_rate': 0.0001979281320815798, 'epoch': 0.01}
{'loss': 1.8352, 'grad_norm': 0.22795221209526062, 'learning_rate': 0.00019786338620912918, 'epoch': 0.01}
{'loss': 1.9174, 'grad_norm': 0.2761589288711548, 'learning_rate': 0.00019779864033667854, 'epoch': 0.01}
{'loss': 1.9801, 'grad_norm': 0.2331055849790573, 'learning_rate': 0.00019773389446422793, 'epoch': 0.01}
{'loss': 2.1417, 'grad_norm': 0.2436155527830124, 'learning_rate': 0.00019766914859177726, 'epoch': 0.01}
{'loss': 2.1207, 'grad_norm': 0.22935375571250916, 'learning_rate': 0.00019760440271932665, 'epoch': 0.01}
{'loss': 2.0441, 'grad_norm': 0.2451886087656021, 'learning_rate': 0.00019753965684687604, 'epoch': 0.01}
{'loss': 2.1748, 'grad_norm': 0.26770225167274475, 'learning_rate': 0.0001974749109744254, 'epoch': 0.01}
{'loss': 2.0189, 'grad_norm': 0.21709555387496948, 'learning_rate': 0.00019741016510197476, 'epoch': 0.01}
{'loss': 2.0473, 'grad_norm': 0.24163734912872314, 'learning_rate': 0.00019734541922952412, 'epoch': 0.02}
{'loss': 2.1438, 'grad_norm': 0.24610589444637299, 'learning_rate': 0.0001972806733570735, 'epoch': 0.02}
{'loss': 2.1087, 'grad_norm': 0.23107154667377472, 'learning_rate': 0.00019721592748462286, 'epoch': 0.02}
{'loss': 2.0165, 'grad_norm': 0.25502273440361023, 'learning_rate': 0.00019715118161217222, 'epoch': 0.02}
{'loss': 2.1656, 'grad_norm': 0.22137553989887238, 'learning_rate': 0.0001970864357397216, 'epoch': 0.02}
{'loss': 1.9253, 'grad_norm': 0.21543635427951813, 'learning_rate': 0.00019702168986727097, 'epoch': 0.02}
{'loss': 2.0551, 'grad_norm': 0.2249392420053482, 'learning_rate': 0.00019695694399482033, 'epoch': 0.02}
{'loss': 2.0808, 'grad_norm': 0.2295686900615692, 'learning_rate': 0.0001968921981223697, 'epoch': 0.02}
{'loss': 2.0999, 'grad_norm': 0.28148597478866577, 'learning_rate': 0.00019682745224991908, 'epoch': 0.02}
{'loss': 2.1059, 'grad_norm': 0.2575048804283142, 'learning_rate': 0.00019676270637746846, 'epoch': 0.02}
{'loss': 2.1833, 'grad_norm': 0.23399202525615692, 'learning_rate': 0.0001966979605050178, 'epoch': 0.02}
{'loss': 2.0261, 'grad_norm': 0.24991704523563385, 'learning_rate': 0.00019663321463256718, 'epoch': 0.02}
{'loss': 2.1186, 'grad_norm': 0.24993202090263367, 'learning_rate': 0.00019656846876011654, 'epoch': 0.02}
{'loss': 2.0522, 'grad_norm': 0.21665503084659576, 'learning_rate': 0.00019650372288766593, 'epoch': 0.02}
{'loss': 2.1065, 'grad_norm': 0.24628227949142456, 'learning_rate': 0.0001964389770152153, 'epoch': 0.02}
{'loss': 2.0904, 'grad_norm': 0.22868499159812927, 'learning_rate': 0.00019637423114276465, 'epoch': 0.02}
{'loss': 2.0738, 'grad_norm': 0.23747283220291138, 'learning_rate': 0.00019630948527031404, 'epoch': 0.02}
{'loss': 2.0433, 'grad_norm': 0.23813743889331818, 'learning_rate': 0.0001962447393978634, 'epoch': 0.02}
{'loss': 1.9195, 'grad_norm': 0.2063991129398346, 'learning_rate': 0.00019617999352541276, 'epoch': 0.02}
{'loss': 1.8927, 'grad_norm': 0.23963887989521027, 'learning_rate': 0.00019611524765296214, 'epoch': 0.02}
{'loss': 2.0095, 'grad_norm': 0.259519100189209, 'learning_rate': 0.0001960505017805115, 'epoch': 0.02}
{'loss': 2.2054, 'grad_norm': 0.25217097997665405, 'learning_rate': 0.00019598575590806086, 'epoch': 0.02}
{'loss': 2.1577, 'grad_norm': 0.19841526448726654, 'learning_rate': 0.00019592101003561022, 'epoch': 0.02}
{'loss': 2.0683, 'grad_norm': 0.21419158577919006, 'learning_rate': 0.0001958562641631596, 'epoch': 0.02}
{'loss': 2.0068, 'grad_norm': 0.2199929654598236, 'learning_rate': 0.000195791518290709, 'epoch': 0.02}
{'loss': 1.9735, 'grad_norm': 0.2494773268699646, 'learning_rate': 0.00019572677241825833, 'epoch': 0.02}
{'loss': 2.1453, 'grad_norm': 0.240581676363945, 'learning_rate': 0.00019566202654580772, 'epoch': 0.02}
{'loss': 2.2351, 'grad_norm': 0.24713683128356934, 'learning_rate': 0.00019559728067335708, 'epoch': 0.02}
{'loss': 1.9315, 'grad_norm': 0.21078607439994812, 'learning_rate': 0.00019553253480090647, 'epoch': 0.02}
{'loss': 2.0167, 'grad_norm': 0.2500515282154083, 'learning_rate': 0.00019546778892845583, 'epoch': 0.02}
{'loss': 2.1227, 'grad_norm': 0.2376745045185089, 'learning_rate': 0.00019540304305600519, 'epoch': 0.02}
{'loss': 2.2583, 'grad_norm': 0.26161661744117737, 'learning_rate': 0.00019533829718355457, 'epoch': 0.03}  3%|▎         | 78/3094 [03:51<2:24:58,  2.88s/it]  3%|▎         | 79/3094 [03:54<2:31:33,  3.02s/it]                                                     3%|▎         | 79/3094 [03:54<2:31:33,  3.02s/it]  3%|▎         | 80/3094 [03:57<2:28:35,  2.96s/it]                                                     3%|▎         | 80/3094 [03:57<2:28:35,  2.96s/it]  3%|▎         | 81/3094 [04:00<2:27:37,  2.94s/it]                                                     3%|▎         | 81/3094 [04:00<2:27:37,  2.94s/it]  3%|▎         | 82/3094 [04:03<2:31:17,  3.01s/it]                                                     3%|▎         | 82/3094 [04:03<2:31:17,  3.01s/it]  3%|▎         | 83/3094 [04:06<2:34:47,  3.08s/it]                                                     3%|▎         | 83/3094 [04:06<2:34:47,  3.08s/it]  3%|▎         | 84/3094 [04:09<2:35:10,  3.09s/it]                                                     3%|▎         | 84/3094 [04:09<2:35:10,  3.09s/it]  3%|▎         | 85/3094 [04:12<2:30:56,  3.01s/it]                                                     3%|▎         | 85/3094 [04:12<2:30:56,  3.01s/it]  3%|▎         | 86/3094 [04:15<2:32:55,  3.05s/it]                                                     3%|▎         | 86/3094 [04:15<2:32:55,  3.05s/it]  3%|▎         | 87/3094 [04:18<2:30:25,  3.00s/it]                                                     3%|▎         | 87/3094 [04:18<2:30:25,  3.00s/it]  3%|▎         | 88/3094 [04:21<2:30:22,  3.00s/it]                                                     3%|▎         | 88/3094 [04:21<2:30:22,  3.00s/it]  3%|▎         | 89/3094 [04:25<2:36:12,  3.12s/it]                                                     3%|▎         | 89/3094 [04:25<2:36:12,  3.12s/it]  3%|▎         | 90/3094 [04:28<2:44:35,  3.29s/it]                                                     3%|▎         | 90/3094 [04:28<2:44:35,  3.29s/it]  3%|▎         | 91/3094 [04:32<2:55:34,  3.51s/it]                                                     3%|▎         | 91/3094 [04:32<2:55:34,  3.51s/it]  3%|▎         | 92/3094 [04:36<2:57:43,  3.55s/it]                                                     3%|▎         | 92/3094 [04:36<2:57:43,  3.55s/it]  3%|▎         | 93/3094 [04:39<2:56:52,  3.54s/it]                                                     3%|▎         | 93/3094 [04:39<2:56:52,  3.54s/it]  3%|▎         | 94/3094 [04:42<2:48:23,  3.37s/it]                                                     3%|▎         | 94/3094 [04:42<2:48:23,  3.37s/it]  3%|▎         | 95/3094 [04:46<2:45:12,  3.31s/it]                                                     3%|▎         | 95/3094 [04:46<2:45:12,  3.31s/it]  3%|▎         | 96/3094 [04:48<2:37:54,  3.16s/it]                                                     3%|▎         | 96/3094 [04:48<2:37:54,  3.16s/it]  3%|▎         | 97/3094 [04:51<2:33:03,  3.06s/it]                                                     3%|▎         | 97/3094 [04:51<2:33:03,  3.06s/it]  3%|▎         | 98/3094 [04:54<2:26:16,  2.93s/it]                                                     3%|▎         | 98/3094 [04:54<2:26:16,  2.93s/it]  3%|▎         | 99/3094 [04:57<2:27:47,  2.96s/it]                                                     3%|▎         | 99/3094 [04:57<2:27:47,  2.96s/it]  3%|▎         | 100/3094 [05:00<2:29:22,  2.99s/it]                                                      3%|▎         | 100/3094 [05:00<2:29:22,  2.99s/it]  3%|▎         | 101/3094 [05:03<2:27:42,  2.96s/it]                                                      3%|▎         | 101/3094 [05:03<2:27:42,  2.96s/it]  3%|▎         | 102/3094 [05:06<2:31:21,  3.04s/it]                                                      3%|▎         | 102/3094 [05:06<2:31:21,  3.04s/it]  3%|▎         | 103/3094 [05:09<2:25:57,  2.93s/it]                                                      3%|▎         | 103/3094 [05:09<2:25:57,  2.93s/it]  3%|▎         | 104/3094 [05:11<2:22:56,  2.87s/it]                                                      3%|▎         | 104/3094 [05:11<2:22:56,  2.87s/it]  3%|▎         | 105/3094 [05:16<2:42:11,  3.26s/it]                                                      3%|▎         | 105/3094 [05:16<2:42:11,  3.26s/it]  3%|▎         | 106/3094 [05:19<2:46:53,  3.35s/it]                                                      3%|▎         | 106/3094 [05:19<2:46:53,  3.35s/it]  3%|▎         | 107/3094 [05:22<2:41:07,  3.24s/it]                                                      3%|▎         | 107/3094 [05:22<2:41:07,  3.24s/it]  3%|▎         | 108/3094 [05:26<2:44:52,  3.31s/it]                                                      3%|▎         | 108/3094 [05:26<2:44:52,  3.31s/it]  4%|▎         | 109/3094 [05:29<2:46:36,  3.35s/it]                                                      4%|▎         | 109/3094 [05:29<2:46:36,  3.35s/it]  4%|▎         | 110/3094 [05:32<2:41:17,  3.24s/it]                                                      4%|▎         | 110/3094 [05:32<2:41:17,  3.24s/it]  4%|▎         | 111/3094 [05:36<2:51:42,  3.45s/it]                                                      4%|▎         | 111/3094 [05:36<2:51:42,  3.45s/it]  4%|▎         | 112/3094 [05:39<2:44:35,  3.31s/it]                                                      4%|▎         | 112/3094 [05:39<2:44:35,  3.31s/it]  4%|▎         | 113/3094 [05:42<2:39:32,  3.21s/it]                                                      4%|▎         | 113/3094 [05:42<2:39:32,  3.21s/it]  4%|▎         | 114/3094 [05:45<2:33:00,  3.08s/it]                                                      4%|▎         | 114/3094 [05:45<2:33:00,  3.08s/it]  4%|▎         | 115/3094 [05:49<2:48:02,  3.38s/it]                                                      4%|▎         | 115/3094 [05:49<2:48:02,  3.38s/it]  4%|▎         | 116/3094 [05:53<2:58:42,  3.60s/it]                                                      4%|▎         | 116/3094 [05:53<2:58:42,  3.60s/it]  4%|▍         | 117/3094 [05:56<2:48:28,  3.40s/it]                                                      4%|▍         | 117/3094 [05:56<2:48:28,  3.40s/it]  4%|▍         | 118/3094 [05:59<2:39:56,  3.22s/it]                                                      4%|▍         | 118/3094 [05:59<2:39:56,  3.22s/it]  4%|▍         | 119/3094 [06:01<2:29:03,  3.01s/it]                                                      4%|▍         | 119/3094 [06:01<2:29:03,  3.01s/it]  4%|▍         | 120/3094 [06:04<2:26:19,  2.95s/it]                                                      4%|▍         | 120/3094 [06:04<2:26:19,  2.95s/it]  4%|▍         | 121/3094 [06:07<2:30:03,  3.03s/it]                                                      4%|▍         | 121/3094 [06:07<2:30:03,  3.03s/it]  4%|▍         | 122/3094 [06:10<2:28:44,  3.00s/it]                                                      4%|▍         | 122/3094 [06:10<2:28:44,  3.00s/it]  4%|▍         | 123/3094 [06:13<2:30:21,  3.04s/it]                                                      4%|▍         | 123/3094 [06:13<2:30:21,  3.04s/it]  4%|▍         | 124/3094 [06:16<2:29:31,  3.02s/it]                                                      4%|▍         | 124/3094 [06:16<2:29:31,  3.02s/it]  4%|▍         | 125/3094 [06:19<2:20:28,  2.84s/it]                                                      4%|▍         | 125/3094 [06:19<2:20:28,  2.84s/it]  4%|▍         | 126/3094 [06:22<2:22:57,  2.89s/it]                                                      4%|▍         | 126/3094 [06:22<2:22:57,  2.89s/it]  4%|▍         | 127/3094 [06:24<2:16:02,  2.75s/it]                                                      4%|▍         | 127/3094 [06:24<2:16:02,  2.75s/it]  4%|▍         | 128/3094 [06:27<2:24:28,  2.92s/it]                                                      4%|▍         | 128/3094 [06:27<2:24:28,  2.92s/it]  4%|▍         | 129/3094 [06:30<2:20:05,  2.83s/it]                                                      4%|▍         | 129/3094 [06:30<2:20:05,  2.83s/it]  4%|▍         | 130/3094 [06:33<2:20:38,  2.85s/it]                                                      4%|▍         | 130/3094 [06:33<2:20:38,  2.85s/it]  4%|▍         | 131/3094 [06:36<2:22:03,  2.88s/it]                                                      4%|▍         | 131/3094 [06:36<2:22:03,  2.88s/it]  4%|▍         | 132/3094 [06:39<2:21:34,  2.87s/it]                                                      4%|▍         | 132/3094 [06:39<2:21:34,  2.87s/it]  4%|▍         | 133/3094 [06:42<2:29:39,  3.03s/it]                                                      4%|▍         | 133/3094 [06:42<2:29:39,  3.03s/it]  4%|▍         | 134/3094 [06:46<2:34:41,  3.14s/it]                                                      4%|▍         | 134/3094 [06:46<2:34:41,  3.14s/it]  4%|▍         | 135/3094 [06:49<2:33:39,  3.12s/it]                                                      4%|▍         | 135/3094 [06:49<2:33:39,  3.12s/it]  4%|▍         | 136/3094 [06:52<2:35:33,  3.16s/it]                                                      4%|▍         | 136/3094 [06:52<2:35:33,  3.16s/it]  4%|▍         | 137/3094 [06:55<2:32:55,  3.10s/it]                                                      4%|▍         | 137/3094 [06:55<2:32:55,  3.10s/it]  4%|▍         | 138/3094 [06:58<2:31:27,  3.07s/it]                                                      4%|▍         | 138/3094 [06:58<2:31:27,  3.07s/it]  4%|▍         | 139/3094 [07:00<2:23:07,  2.91s/it]                                                      4%|▍         | 139/3094 [07:00<2:23:07,  2.91s/it]  5%|▍         | 140/3094 [07:03<2:17:33,  2.79s/it]                                                      5%|▍         | 140/3094 [07:03<2:17:33,  2.79s/it]  5%|▍         | 141/3094 [07:06<2:17:46,  2.80s/it]                                                      5%|▍         | 141/3094 [07:06<2:17:46,  2.80s/it]  5%|▍         | 142/3094 [07:08<2:13:52,  2.72s/it]                                                      5%|▍         | 142/3094 [07:08<2:13:52,  2.72s/it]  5%|▍         | 143/3094 [07:11<2:18:59,  2.83s/it]                                                      5%|▍         | 143/3094 [07:11<2:18:59,  2.83s/it]  5%|▍         | 144/3094 [07:14<2:17:26,  2.80s/it]                                                      5%|▍         | 144/3094 [07:14<2:17:26,  2.80s/it]  5%|▍         | 145/3094 [07:18<2:37:50,  3.21s/it]                                                      5%|▍         | 145/3094 [07:18<2:37:50,  3.21s/it]  5%|▍         | 146/3094 [07:21<2:34:59,  3.15s/it]                                                      5%|▍         | 146/3094 [07:21<2:34:59,  3.15s/it]  5%|▍         | 147/3094 [07:24<2:30:56,  3.07s/it]                                                      5%|▍         | 147/3094 [07:24<2:30:56,  3.07s/it]  5%|▍         | 148/3094 [07:28<2:35:46,  3.17s/it]                                                      5%|▍         | 148/3094 [07:28<2:35:46,  3.17s/it]  5%|▍         | 149/3094 [07:31<2:37:24,  3.21s/it]                                                      5%|▍         | 149/3094 [07:31<2:37:24,  3.21s/it]  5%|▍         | 150/3094 [07:34<2:43:11,  3.33s/it]                                                      5%|▍         | 150/3094 [07:34<2:43:11,  3.33s/it]  5%|▍         | 151/3094 [07:38<2:39:49,  3.26s/it]                                                      5%|▍         | 151/3094 [07:38<2:39:49,  3.26s/it]  5%|▍         | 152/3094 [07:40<2:30:34,  3.07s/it]                                                      5%|▍         | 152/3094 [07:40<2:30:34,  3.07s/it]  5%|▍         | 153/3094 [07:44<2:35:48,  3.18s/it]                                                      5%|▍         | 153/3094 [07:44<2:35:48,  3.18s/it]  5%|▍         | 154/3094 [07:46<2:24:46,  2.95s/it]                                                      5%|▍         | 154/3094 [07:46<2:24:46,  2.95s/it]  5%|▌         | 155/3094 [07:49<2:30:37,  3.08s/it]                                                    
{'loss': 2.0891, 'grad_norm': 0.22558914124965668, 'learning_rate': 0.00019527355131110393, 'epoch': 0.03}
{'loss': 2.0953, 'grad_norm': 0.26257407665252686, 'learning_rate': 0.0001952088054386533, 'epoch': 0.03}
{'loss': 2.0172, 'grad_norm': 0.21860486268997192, 'learning_rate': 0.00019514405956620268, 'epoch': 0.03}
{'loss': 2.0899, 'grad_norm': 0.22878466546535492, 'learning_rate': 0.00019507931369375204, 'epoch': 0.03}
{'loss': 2.0221, 'grad_norm': 0.24167047441005707, 'learning_rate': 0.0001950145678213014, 'epoch': 0.03}
{'loss': 1.9988, 'grad_norm': 0.23858597874641418, 'learning_rate': 0.00019494982194885076, 'epoch': 0.03}
{'loss': 1.984, 'grad_norm': 0.2106407880783081, 'learning_rate': 0.00019488507607640015, 'epoch': 0.03}
{'loss': 2.0241, 'grad_norm': 0.19714921712875366, 'learning_rate': 0.0001948203302039495, 'epoch': 0.03}
{'loss': 2.1259, 'grad_norm': 0.23625415563583374, 'learning_rate': 0.00019475558433149887, 'epoch': 0.03}
{'loss': 1.9693, 'grad_norm': 0.21224147081375122, 'learning_rate': 0.00019469083845904825, 'epoch': 0.03}
{'loss': 1.7905, 'grad_norm': 0.22094972431659698, 'learning_rate': 0.0001946260925865976, 'epoch': 0.03}
{'loss': 1.7172, 'grad_norm': 0.20851440727710724, 'learning_rate': 0.000194561346714147, 'epoch': 0.03}
{'loss': 1.736, 'grad_norm': 0.18115465342998505, 'learning_rate': 0.00019449660084169633, 'epoch': 0.03}
{'loss': 1.8947, 'grad_norm': 0.1995757520198822, 'learning_rate': 0.00019443185496924572, 'epoch': 0.03}
{'loss': 1.9195, 'grad_norm': 0.197552889585495, 'learning_rate': 0.0001943671090967951, 'epoch': 0.03}
{'loss': 1.9946, 'grad_norm': 0.22072692215442657, 'learning_rate': 0.00019430236322434447, 'epoch': 0.03}
{'loss': 2.1227, 'grad_norm': 0.21154794096946716, 'learning_rate': 0.00019423761735189383, 'epoch': 0.03}
{'loss': 1.9705, 'grad_norm': 0.2195950299501419, 'learning_rate': 0.00019417287147944319, 'epoch': 0.03}
{'loss': 2.2707, 'grad_norm': 0.24203716218471527, 'learning_rate': 0.00019410812560699257, 'epoch': 0.03}
{'loss': 2.0425, 'grad_norm': 0.2166355550289154, 'learning_rate': 0.00019404337973454193, 'epoch': 0.03}
{'loss': 1.9754, 'grad_norm': 0.22009891271591187, 'learning_rate': 0.0001939786338620913, 'epoch': 0.03}
{'loss': 1.9441, 'grad_norm': 0.22930866479873657, 'learning_rate': 0.00019391388798964068, 'epoch': 0.03}
{'loss': 2.013, 'grad_norm': 0.22367581725120544, 'learning_rate': 0.00019384914211719004, 'epoch': 0.03}
{'loss': 1.9888, 'grad_norm': 0.20214276015758514, 'learning_rate': 0.0001937843962447394, 'epoch': 0.03}
{'loss': 2.2127, 'grad_norm': 0.26209932565689087, 'learning_rate': 0.00019371965037228879, 'epoch': 0.03}
{'loss': 2.0374, 'grad_norm': 0.2240564227104187, 'learning_rate': 0.00019365490449983815, 'epoch': 0.03}
{'loss': 1.945, 'grad_norm': 0.210365891456604, 'learning_rate': 0.0001935901586273875, 'epoch': 0.03}
{'loss': 1.9629, 'grad_norm': 0.193084716796875, 'learning_rate': 0.00019352541275493687, 'epoch': 0.03}
{'loss': 1.7957, 'grad_norm': 0.2170630842447281, 'learning_rate': 0.00019346066688248625, 'epoch': 0.03}
{'loss': 1.9542, 'grad_norm': 0.2264290452003479, 'learning_rate': 0.00019339592101003564, 'epoch': 0.03}
{'loss': 1.947, 'grad_norm': 0.19490458071231842, 'learning_rate': 0.00019333117513758497, 'epoch': 0.04}
{'loss': 1.8674, 'grad_norm': 0.2045864313840866, 'learning_rate': 0.00019326642926513436, 'epoch': 0.04}
{'loss': 2.067, 'grad_norm': 0.19241878390312195, 'learning_rate': 0.00019320168339268372, 'epoch': 0.04}
{'loss': 1.9069, 'grad_norm': 0.2060028463602066, 'learning_rate': 0.0001931369375202331, 'epoch': 0.04}
{'loss': 2.1208, 'grad_norm': 0.22279943525791168, 'learning_rate': 0.00019307219164778244, 'epoch': 0.04}
{'loss': 1.9699, 'grad_norm': 0.24149727821350098, 'learning_rate': 0.00019300744577533183, 'epoch': 0.04}
{'loss': 2.0166, 'grad_norm': 0.20555801689624786, 'learning_rate': 0.0001929426999028812, 'epoch': 0.04}
{'loss': 2.0945, 'grad_norm': 0.19836771488189697, 'learning_rate': 0.00019287795403043057, 'epoch': 0.04}
{'loss': 2.1868, 'grad_norm': 0.24276380240917206, 'learning_rate': 0.00019281320815797993, 'epoch': 0.04}
{'loss': 2.2467, 'grad_norm': 0.20992836356163025, 'learning_rate': 0.0001927484622855293, 'epoch': 0.04}
{'loss': 2.1684, 'grad_norm': 0.2426091730594635, 'learning_rate': 0.00019268371641307868, 'epoch': 0.04}
{'loss': 2.016, 'grad_norm': 0.2295703887939453, 'learning_rate': 0.00019261897054062804, 'epoch': 0.04}
{'loss': 1.9723, 'grad_norm': 0.22500792145729065, 'learning_rate': 0.0001925542246681774, 'epoch': 0.04}
{'loss': 1.9166, 'grad_norm': 0.20790182054042816, 'learning_rate': 0.0001924894787957268, 'epoch': 0.04}
{'loss': 2.034, 'grad_norm': 0.22556529939174652, 'learning_rate': 0.00019242473292327615, 'epoch': 0.04}
{'loss': 2.0031, 'grad_norm': 0.2164105772972107, 'learning_rate': 0.0001923599870508255, 'epoch': 0.04}
{'loss': 2.1206, 'grad_norm': 0.24643109738826752, 'learning_rate': 0.0001922952411783749, 'epoch': 0.04}
{'loss': 1.7692, 'grad_norm': 0.20880019664764404, 'learning_rate': 0.00019223049530592425, 'epoch': 0.04}
{'loss': 2.044, 'grad_norm': 0.23317588865756989, 'learning_rate': 0.00019216574943347364, 'epoch': 0.04}
{'loss': 1.8985, 'grad_norm': 0.1886020451784134, 'learning_rate': 0.00019210100356102297, 'epoch': 0.04}
{'loss': 1.9995, 'grad_norm': 0.20795294642448425, 'learning_rate': 0.00019203625768857236, 'epoch': 0.04}
{'loss': 2.1329, 'grad_norm': 0.20964525640010834, 'learning_rate': 0.00019197151181612175, 'epoch': 0.04}
{'loss': 2.2695, 'grad_norm': 0.23191103339195251, 'learning_rate': 0.0001919067659436711, 'epoch': 0.04}
{'loss': 2.0631, 'grad_norm': 0.276528924703598, 'learning_rate': 0.00019184202007122047, 'epoch': 0.04}
{'loss': 1.821, 'grad_norm': 0.19452160596847534, 'learning_rate': 0.00019177727419876983, 'epoch': 0.04}
{'loss': 2.0926, 'grad_norm': 0.19907833635807037, 'learning_rate': 0.00019171252832631921, 'epoch': 0.04}
{'loss': 1.9327, 'grad_norm': 0.20189927518367767, 'learning_rate': 0.00019164778245386857, 'epoch': 0.04}
{'loss': 1.9588, 'grad_norm': 0.1888527125120163, 'learning_rate': 0.00019158303658141793, 'epoch': 0.04}
{'loss': 1.9829, 'grad_norm': 0.20597413182258606, 'learning_rate': 0.00019151829070896732, 'epoch': 0.04}
{'loss': 1.9934, 'grad_norm': 0.2020212709903717, 'learning_rate': 0.00019145354483651668, 'epoch': 0.04}
{'loss': 2.2691, 'grad_norm': 0.22551701962947845, 'learning_rate': 0.00019138879896406604, 'epoch': 0.04}
{'loss': 2.1755, 'grad_norm': 0.2161908596754074, 'learning_rate': 0.00019132405309161543, 'epoch': 0.05}
{'loss': 1.9304, 'grad_norm': 0.21717622876167297, 'learning_rate': 0.0001912593072191648, 'epoch': 0.05}
{'loss': 2.0606, 'grad_norm': 0.22499263286590576, 'learning_rate': 0.00019119456134671417, 'epoch': 0.05}
{'loss': 2.1273, 'grad_norm': 0.21539168059825897, 'learning_rate': 0.0001911298154742635, 'epoch': 0.05}
{'loss': 2.1163, 'grad_norm': 0.21044404804706573, 'learning_rate': 0.0001910650696018129, 'epoch': 0.05}
{'loss': 1.7343, 'grad_norm': 0.17359288036823273, 'learning_rate': 0.00019100032372936225, 'epoch': 0.05}
{'loss': 2.0028, 'grad_norm': 0.19633635878562927, 'learning_rate': 0.00019093557785691164, 'epoch': 0.05}
{'loss': 2.3034, 'grad_norm': 0.21358506381511688, 'learning_rate': 0.000190870831984461, 'epoch': 0.05}
{'loss': 2.0335, 'grad_norm': 0.21558348834514618, 'learning_rate': 0.00019080608611201036, 'epoch': 0.05}
{'loss': 1.9868, 'grad_norm': 0.22128960490226746, 'learning_rate': 0.00019074134023955975, 'epoch': 0.05}
{'loss': 2.0969, 'grad_norm': 0.18156121671199799, 'learning_rate': 0.0001906765943671091, 'epoch': 0.05}
{'loss': 1.9102, 'grad_norm': 0.19816172122955322, 'learning_rate': 0.00019061184849465847, 'epoch': 0.05}
{'loss': 2.039, 'grad_norm': 0.2336721420288086, 'learning_rate': 0.00019054710262220785, 'epoch': 0.05}
{'loss': 1.778, 'grad_norm': 0.18533369898796082, 'learning_rate': 0.00019048235674975721, 'epoch': 0.05}
{'loss': 1.9623, 'grad_norm': 0.21430853009223938, 'learning_rate': 0.00019041761087730657, 'epoch': 0.05}
{'loss': 1.8846, 'grad_norm': 0.21845783293247223, 'learning_rate': 0.00019035286500485593, 'epoch': 0.05}  5%|▌         | 155/3094 [07:49<2:30:37,  3.08s/it]  5%|▌         | 156/3094 [07:52<2:29:06,  3.04s/it]                                                      5%|▌         | 156/3094 [07:52<2:29:06,  3.04s/it]  5%|▌         | 157/3094 [07:56<2:32:43,  3.12s/it]                                                      5%|▌         | 157/3094 [07:56<2:32:43,  3.12s/it]  5%|▌         | 158/3094 [07:58<2:24:46,  2.96s/it]                                                      5%|▌         | 158/3094 [07:58<2:24:46,  2.96s/it]  5%|▌         | 159/3094 [08:01<2:18:28,  2.83s/it]                                                      5%|▌         | 159/3094 [08:01<2:18:28,  2.83s/it]  5%|▌         | 160/3094 [08:04<2:25:49,  2.98s/it]                                                      5%|▌         | 160/3094 [08:04<2:25:49,  2.98s/it]  5%|▌         | 161/3094 [08:07<2:31:21,  3.10s/it]                                                      5%|▌         | 161/3094 [08:07<2:31:21,  3.10s/it]  5%|▌         | 162/3094 [08:10<2:26:27,  3.00s/it]                                                      5%|▌         | 162/3094 [08:10<2:26:27,  3.00s/it]  5%|▌         | 163/3094 [08:13<2:20:41,  2.88s/it]                                                      5%|▌         | 163/3094 [08:13<2:20:41,  2.88s/it]  5%|▌         | 164/3094 [08:16<2:26:10,  2.99s/it]                                                      5%|▌         | 164/3094 [08:16<2:26:10,  2.99s/it]  5%|▌         | 165/3094 [08:19<2:21:48,  2.90s/it]                                                      5%|▌         | 165/3094 [08:19<2:21:48,  2.90s/it]  5%|▌         | 166/3094 [08:22<2:26:22,  3.00s/it]                                                      5%|▌         | 166/3094 [08:22<2:26:22,  3.00s/it]  5%|▌         | 167/3094 [08:25<2:22:37,  2.92s/it]                                                      5%|▌         | 167/3094 [08:25<2:22:37,  2.92s/it]  5%|▌         | 168/3094 [08:28<2:23:21,  2.94s/it]                                                      5%|▌         | 168/3094 [08:28<2:23:21,  2.94s/it]  5%|▌         | 169/3094 [08:31<2:33:44,  3.15s/it]                                                      5%|▌         | 169/3094 [08:31<2:33:44,  3.15s/it]  5%|▌         | 170/3094 [08:34<2:22:15,  2.92s/it]                                                      5%|▌         | 170/3094 [08:34<2:22:15,  2.92s/it]  6%|▌         | 171/3094 [08:37<2:27:40,  3.03s/it]                                                      6%|▌         | 171/3094 [08:37<2:27:40,  3.03s/it]  6%|▌         | 172/3094 [08:40<2:31:43,  3.12s/it]                                                      6%|▌         | 172/3094 [08:40<2:31:43,  3.12s/it]  6%|▌         | 173/3094 [08:44<2:33:01,  3.14s/it]                                                      6%|▌         | 173/3094 [08:44<2:33:01,  3.14s/it]  6%|▌         | 174/3094 [08:47<2:30:17,  3.09s/it]                                                      6%|▌         | 174/3094 [08:47<2:30:17,  3.09s/it]  6%|▌         | 175/3094 [08:49<2:26:44,  3.02s/it]                                                      6%|▌         | 175/3094 [08:49<2:26:44,  3.02s/it]  6%|▌         | 176/3094 [08:52<2:25:08,  2.98s/it]                                                      6%|▌         | 176/3094 [08:52<2:25:08,  2.98s/it]  6%|▌         | 177/3094 [08:55<2:24:03,  2.96s/it]                                                      6%|▌         | 177/3094 [08:55<2:24:03,  2.96s/it]  6%|▌         | 178/3094 [08:58<2:23:30,  2.95s/it]                                                      6%|▌         | 178/3094 [08:58<2:23:30,  2.95s/it]  6%|▌         | 179/3094 [09:01<2:28:17,  3.05s/it]                                                      6%|▌         | 179/3094 [09:01<2:28:17,  3.05s/it]  6%|▌         | 180/3094 [09:06<2:45:47,  3.41s/it]                                                      6%|▌         | 180/3094 [09:06<2:45:47,  3.41s/it]  6%|▌         | 181/3094 [09:08<2:37:03,  3.23s/it]                                                      6%|▌         | 181/3094 [09:08<2:37:03,  3.23s/it]  6%|▌         | 182/3094 [09:11<2:31:48,  3.13s/it]                                                      6%|▌         | 182/3094 [09:11<2:31:48,  3.13s/it]  6%|▌         | 183/3094 [09:14<2:29:00,  3.07s/it]                                                      6%|▌         | 183/3094 [09:14<2:29:00,  3.07s/it]  6%|▌         | 184/3094 [09:17<2:25:21,  3.00s/it]                                                      6%|▌         | 184/3094 [09:17<2:25:21,  3.00s/it]  6%|▌         | 185/3094 [09:21<2:32:56,  3.15s/it]                                                      6%|▌         | 185/3094 [09:21<2:32:56,  3.15s/it]  6%|▌         | 186/3094 [09:24<2:38:39,  3.27s/it]                                                      6%|▌         | 186/3094 [09:24<2:38:39,  3.27s/it]  6%|▌         | 187/3094 [09:27<2:27:51,  3.05s/it]                                                      6%|▌         | 187/3094 [09:27<2:27:51,  3.05s/it]  6%|▌         | 188/3094 [09:29<2:23:06,  2.95s/it]                                                      6%|▌         | 188/3094 [09:29<2:23:06,  2.95s/it]  6%|▌         | 189/3094 [09:33<2:31:49,  3.14s/it]                                                      6%|▌         | 189/3094 [09:33<2:31:49,  3.14s/it]  6%|▌         | 190/3094 [09:36<2:27:19,  3.04s/it]                                                      6%|▌         | 190/3094 [09:36<2:27:19,  3.04s/it]  6%|▌         | 191/3094 [09:39<2:26:10,  3.02s/it]                                                      6%|▌         | 191/3094 [09:39<2:26:10,  3.02s/it]  6%|▌         | 192/3094 [09:42<2:22:58,  2.96s/it]                                                      6%|▌         | 192/3094 [09:42<2:22:58,  2.96s/it]  6%|▌         | 193/3094 [09:44<2:17:16,  2.84s/it]                                                      6%|▌         | 193/3094 [09:44<2:17:16,  2.84s/it]  6%|▋         | 194/3094 [09:47<2:19:04,  2.88s/it]                                                      6%|▋         | 194/3094 [09:47<2:19:04,  2.88s/it]  6%|▋         | 195/3094 [09:50<2:23:06,  2.96s/it]                                                      6%|▋         | 195/3094 [09:50<2:23:06,  2.96s/it]  6%|▋         | 196/3094 [09:54<2:26:08,  3.03s/it]                                                      6%|▋         | 196/3094 [09:54<2:26:08,  3.03s/it]  6%|▋         | 197/3094 [09:57<2:30:55,  3.13s/it]                                                      6%|▋         | 197/3094 [09:57<2:30:55,  3.13s/it]  6%|▋         | 198/3094 [10:00<2:29:57,  3.11s/it]                                                      6%|▋         | 198/3094 [10:00<2:29:57,  3.11s/it]  6%|▋         | 199/3094 [10:03<2:23:42,  2.98s/it]                                                      6%|▋         | 199/3094 [10:03<2:23:42,  2.98s/it]  6%|▋         | 200/3094 [10:05<2:21:58,  2.94s/it]                                                      6%|▋         | 200/3094 [10:05<2:21:58,  2.94s/it]  6%|▋         | 201/3094 [10:09<2:30:35,  3.12s/it]                                                      6%|▋         | 201/3094 [10:09<2:30:35,  3.12s/it]  7%|▋         | 202/3094 [10:12<2:28:45,  3.09s/it]                                                      7%|▋         | 202/3094 [10:12<2:28:45,  3.09s/it]  7%|▋         | 203/3094 [10:15<2:29:06,  3.09s/it]                                                      7%|▋         | 203/3094 [10:15<2:29:06,  3.09s/it]  7%|▋         | 204/3094 [10:18<2:29:36,  3.11s/it]                                                      7%|▋         | 204/3094 [10:18<2:29:36,  3.11s/it]  7%|▋         | 205/3094 [10:21<2:27:48,  3.07s/it]                                                      7%|▋         | 205/3094 [10:21<2:27:48,  3.07s/it]  7%|▋         | 206/3094 [10:24<2:27:52,  3.07s/it]                                                      7%|▋         | 206/3094 [10:24<2:27:52,  3.07s/it]  7%|▋         | 207/3094 [10:27<2:26:22,  3.04s/it]                                                      7%|▋         | 207/3094 [10:27<2:26:22,  3.04s/it]  7%|▋         | 208/3094 [10:30<2:20:28,  2.92s/it]                                                      7%|▋         | 208/3094 [10:30<2:20:28,  2.92s/it]  7%|▋         | 209/3094 [10:33<2:20:01,  2.91s/it]                                                      7%|▋         | 209/3094 [10:33<2:20:01,  2.91s/it]  7%|▋         | 210/3094 [10:35<2:16:38,  2.84s/it]                                                      7%|▋         | 210/3094 [10:35<2:16:38,  2.84s/it]  7%|▋         | 211/3094 [10:39<2:21:00,  2.93s/it]                                                      7%|▋         | 211/3094 [10:39<2:21:00,  2.93s/it]  7%|▋         | 212/3094 [10:42<2:27:27,  3.07s/it]                                                      7%|▋         | 212/3094 [10:42<2:27:27,  3.07s/it]  7%|▋         | 213/3094 [10:45<2:19:12,  2.90s/it]                                                      7%|▋         | 213/3094 [10:45<2:19:12,  2.90s/it]  7%|▋         | 214/3094 [10:48<2:25:19,  3.03s/it]                                                      7%|▋         | 214/3094 [10:48<2:25:19,  3.03s/it]  7%|▋         | 215/3094 [10:50<2:19:21,  2.90s/it]                                                      7%|▋         | 215/3094 [10:50<2:19:21,  2.90s/it]  7%|▋         | 216/3094 [10:53<2:18:46,  2.89s/it]                                                      7%|▋         | 216/3094 [10:53<2:18:46,  2.89s/it]  7%|▋         | 217/3094 [10:56<2:22:22,  2.97s/it]                                                      7%|▋         | 217/3094 [10:56<2:22:22,  2.97s/it]  7%|▋         | 218/3094 [11:00<2:27:07,  3.07s/it]                                                      7%|▋         | 218/3094 [11:00<2:27:07,  3.07s/it]  7%|▋         | 219/3094 [11:03<2:29:29,  3.12s/it]                                                      7%|▋         | 219/3094 [11:03<2:29:29,  3.12s/it]  7%|▋         | 220/3094 [11:06<2:28:14,  3.09s/it]                                                      7%|▋         | 220/3094 [11:06<2:28:14,  3.09s/it]  7%|▋         | 221/3094 [11:09<2:27:45,  3.09s/it]                                                      7%|▋         | 221/3094 [11:09<2:27:45,  3.09s/it]  7%|▋         | 222/3094 [11:12<2:22:36,  2.98s/it]                                                      7%|▋         | 222/3094 [11:12<2:22:36,  2.98s/it]  7%|▋         | 223/3094 [11:15<2:21:35,  2.96s/it]                                                      7%|▋         | 223/3094 [11:15<2:21:35,  2.96s/it]  7%|▋         | 224/3094 [11:18<2:21:38,  2.96s/it]                                                      7%|▋         | 224/3094 [11:18<2:21:38,  2.96s/it]  7%|▋         | 225/3094 [11:21<2:29:09,  3.12s/it]                                                      7%|▋         | 225/3094 [11:21<2:29:09,  3.12s/it]  7%|▋         | 226/3094 [11:24<2:23:55,  3.01s/it]                                                      7%|▋         | 226/3094 [11:24<2:23:55,  3.01s/it]  7%|▋         | 227/3094 [11:27<2:28:49,  3.11s/it]                                                      7%|▋         | 227/3094 [11:27<2:28:49,  3.11s/it]  7%|▋         | 228/3094 [11:30<2:25:01,  3.04s/it]                                                      7%|▋         | 228/3094 [11:30<2:25:01,  3.04s/it]  7%|▋         | 229/3094 [11:33<2:25:45,  3.05s/it]                                                      7%|▋         | 229/3094 [11:33<2:25:45,  3.05s/it]  7%|▋         | 230/3094 [11:37<2:30:50,  3.16s/it]                                                      7%|▋         | 230/3094 [11:37<2:30:50,  3.16s/it]  7%|▋         | 231/3094 [11:40<2:38:38,  3.32s/it]                                                      7%|▋         | 231/3094 [11:40<2:38:38,  3.32s/it]  7%|▋         | 232/3094 [11:43<2:32:59,  3.21s/it]                                                    
{'loss': 2.2593, 'grad_norm': 0.2592494785785675, 'learning_rate': 0.00019028811913240532, 'epoch': 0.05}
{'loss': 1.9415, 'grad_norm': 0.18667878210544586, 'learning_rate': 0.0001902233732599547, 'epoch': 0.05}
{'loss': 2.0148, 'grad_norm': 0.25407612323760986, 'learning_rate': 0.00019015862738750404, 'epoch': 0.05}
{'loss': 1.995, 'grad_norm': 0.2567872405052185, 'learning_rate': 0.00019009388151505343, 'epoch': 0.05}
{'loss': 2.1404, 'grad_norm': 0.21254710853099823, 'learning_rate': 0.0001900291356426028, 'epoch': 0.05}
{'loss': 1.9527, 'grad_norm': 0.1872912496328354, 'learning_rate': 0.00018996438977015217, 'epoch': 0.05}
{'loss': 2.1779, 'grad_norm': 0.2188677340745926, 'learning_rate': 0.00018989964389770153, 'epoch': 0.05}
{'loss': 2.1348, 'grad_norm': 0.2397584319114685, 'learning_rate': 0.0001898348980252509, 'epoch': 0.05}
{'loss': 2.049, 'grad_norm': 0.19563733041286469, 'learning_rate': 0.00018977015215280028, 'epoch': 0.05}
{'loss': 2.1959, 'grad_norm': 0.24828624725341797, 'learning_rate': 0.00018970540628034964, 'epoch': 0.05}
{'loss': 2.0987, 'grad_norm': 0.2153550237417221, 'learning_rate': 0.000189640660407899, 'epoch': 0.05}
{'loss': 2.0768, 'grad_norm': 0.24100075662136078, 'learning_rate': 0.0001895759145354484, 'epoch': 0.05}
{'loss': 2.2064, 'grad_norm': 0.22639499604701996, 'learning_rate': 0.00018951116866299775, 'epoch': 0.05}
{'loss': 2.2837, 'grad_norm': 0.19386522471904755, 'learning_rate': 0.0001894464227905471, 'epoch': 0.05}
{'loss': 2.0344, 'grad_norm': 0.22733384370803833, 'learning_rate': 0.00018938167691809647, 'epoch': 0.05}
{'loss': 1.8864, 'grad_norm': 0.19286204874515533, 'learning_rate': 0.00018931693104564585, 'epoch': 0.06}
{'loss': 2.1904, 'grad_norm': 0.22661715745925903, 'learning_rate': 0.00018925218517319524, 'epoch': 0.06}
{'loss': 1.9214, 'grad_norm': 0.18149705231189728, 'learning_rate': 0.00018918743930074457, 'epoch': 0.06}
{'loss': 1.9296, 'grad_norm': 0.2057529091835022, 'learning_rate': 0.00018912269342829396, 'epoch': 0.06}
{'loss': 2.0087, 'grad_norm': 0.21369799971580505, 'learning_rate': 0.00018905794755584332, 'epoch': 0.06}
{'loss': 2.1624, 'grad_norm': 0.24139359593391418, 'learning_rate': 0.0001889932016833927, 'epoch': 0.06}
{'loss': 2.141, 'grad_norm': 0.19475020468235016, 'learning_rate': 0.00018892845581094204, 'epoch': 0.06}
{'loss': 2.1308, 'grad_norm': 0.19410252571105957, 'learning_rate': 0.00018886370993849143, 'epoch': 0.06}
{'loss': 2.1172, 'grad_norm': 0.21671442687511444, 'learning_rate': 0.00018879896406604082, 'epoch': 0.06}
{'loss': 1.8, 'grad_norm': 0.18799397349357605, 'learning_rate': 0.00018873421819359018, 'epoch': 0.06}
{'loss': 2.1872, 'grad_norm': 0.23362892866134644, 'learning_rate': 0.00018866947232113954, 'epoch': 0.06}
{'loss': 2.0149, 'grad_norm': 0.2038564383983612, 'learning_rate': 0.0001886047264486889, 'epoch': 0.06}
{'loss': 2.0751, 'grad_norm': 0.21621909737586975, 'learning_rate': 0.00018853998057623828, 'epoch': 0.06}
{'loss': 2.1287, 'grad_norm': 0.2084203064441681, 'learning_rate': 0.00018847523470378764, 'epoch': 0.06}
{'loss': 1.8216, 'grad_norm': 0.1972029060125351, 'learning_rate': 0.000188410488831337, 'epoch': 0.06}
{'loss': 2.0069, 'grad_norm': 0.20351073145866394, 'learning_rate': 0.0001883457429588864, 'epoch': 0.06}
{'loss': 2.1037, 'grad_norm': 0.22169795632362366, 'learning_rate': 0.00018828099708643575, 'epoch': 0.06}
{'loss': 2.1028, 'grad_norm': 0.21378673613071442, 'learning_rate': 0.0001882162512139851, 'epoch': 0.06}
{'loss': 1.9305, 'grad_norm': 0.19841338694095612, 'learning_rate': 0.0001881515053415345, 'epoch': 0.06}
{'loss': 2.1005, 'grad_norm': 0.21214985847473145, 'learning_rate': 0.00018808675946908386, 'epoch': 0.06}
{'loss': 2.0354, 'grad_norm': 0.23151546716690063, 'learning_rate': 0.00018802201359663322, 'epoch': 0.06}
{'loss': 1.9646, 'grad_norm': 0.20824061334133148, 'learning_rate': 0.00018795726772418258, 'epoch': 0.06}
{'loss': 1.8285, 'grad_norm': 0.22817254066467285, 'learning_rate': 0.00018789252185173196, 'epoch': 0.06}
{'loss': 1.8513, 'grad_norm': 0.2016146183013916, 'learning_rate': 0.00018782777597928135, 'epoch': 0.06}
{'loss': 1.9684, 'grad_norm': 0.20797428488731384, 'learning_rate': 0.00018776303010683068, 'epoch': 0.06}
{'loss': 1.9817, 'grad_norm': 0.21508459746837616, 'learning_rate': 0.00018769828423438007, 'epoch': 0.06}
{'loss': 2.0457, 'grad_norm': 0.1898372918367386, 'learning_rate': 0.00018763353836192943, 'epoch': 0.06}
{'loss': 1.9408, 'grad_norm': 0.19352170825004578, 'learning_rate': 0.00018756879248947882, 'epoch': 0.06}
{'loss': 2.2932, 'grad_norm': 0.2345241755247116, 'learning_rate': 0.00018750404661702818, 'epoch': 0.06}
{'loss': 2.1195, 'grad_norm': 0.20765143632888794, 'learning_rate': 0.00018743930074457754, 'epoch': 0.06}
{'loss': 2.0167, 'grad_norm': 0.22957386076450348, 'learning_rate': 0.00018737455487212692, 'epoch': 0.06}
{'loss': 2.1446, 'grad_norm': 0.2190908044576645, 'learning_rate': 0.00018730980899967628, 'epoch': 0.07}
{'loss': 1.9283, 'grad_norm': 0.20678022503852844, 'learning_rate': 0.00018724506312722564, 'epoch': 0.07}
{'loss': 1.9523, 'grad_norm': 0.20065635442733765, 'learning_rate': 0.000187180317254775, 'epoch': 0.07}
{'loss': 2.0072, 'grad_norm': 0.2079400271177292, 'learning_rate': 0.0001871155713823244, 'epoch': 0.07}
{'loss': 2.2608, 'grad_norm': 0.20789146423339844, 'learning_rate': 0.00018705082550987375, 'epoch': 0.07}
{'loss': 2.1396, 'grad_norm': 0.2236834615468979, 'learning_rate': 0.0001869860796374231, 'epoch': 0.07}
{'loss': 2.0627, 'grad_norm': 0.2404560148715973, 'learning_rate': 0.0001869213337649725, 'epoch': 0.07}
{'loss': 2.0805, 'grad_norm': 0.21947672963142395, 'learning_rate': 0.00018685658789252186, 'epoch': 0.07}
{'loss': 2.3592, 'grad_norm': 0.21555382013320923, 'learning_rate': 0.00018679184202007122, 'epoch': 0.07}
{'loss': 2.0492, 'grad_norm': 0.2037796825170517, 'learning_rate': 0.0001867270961476206, 'epoch': 0.07}
{'loss': 1.8532, 'grad_norm': 0.27112191915512085, 'learning_rate': 0.00018666235027516996, 'epoch': 0.07}
{'loss': 1.914, 'grad_norm': 0.2505989372730255, 'learning_rate': 0.00018659760440271935, 'epoch': 0.07}
{'loss': 1.9094, 'grad_norm': 0.18488311767578125, 'learning_rate': 0.00018653285853026868, 'epoch': 0.07}
{'loss': 2.1192, 'grad_norm': 0.2327631711959839, 'learning_rate': 0.00018646811265781807, 'epoch': 0.07}
{'loss': 2.0153, 'grad_norm': 0.2341921180486679, 'learning_rate': 0.00018640336678536746, 'epoch': 0.07}
{'loss': 1.989, 'grad_norm': 0.2200307697057724, 'learning_rate': 0.00018633862091291682, 'epoch': 0.07}
{'loss': 1.8352, 'grad_norm': 0.20020489394664764, 'learning_rate': 0.00018627387504046618, 'epoch': 0.07}
{'loss': 2.153, 'grad_norm': 0.22493977844715118, 'learning_rate': 0.00018620912916801554, 'epoch': 0.07}
{'loss': 2.1146, 'grad_norm': 0.2151016741991043, 'learning_rate': 0.00018614438329556492, 'epoch': 0.07}
{'loss': 2.0737, 'grad_norm': 0.19133587181568146, 'learning_rate': 0.00018607963742311428, 'epoch': 0.07}
{'loss': 2.0889, 'grad_norm': 0.20459125936031342, 'learning_rate': 0.00018601489155066364, 'epoch': 0.07}
{'loss': 2.1156, 'grad_norm': 0.21444754302501678, 'learning_rate': 0.00018595014567821303, 'epoch': 0.07}
{'loss': 2.0187, 'grad_norm': 0.2211846262216568, 'learning_rate': 0.0001858853998057624, 'epoch': 0.07}
{'loss': 1.9349, 'grad_norm': 0.6848087310791016, 'learning_rate': 0.00018582065393331175, 'epoch': 0.07}
{'loss': 1.9532, 'grad_norm': 0.2128157913684845, 'learning_rate': 0.00018575590806086114, 'epoch': 0.07}
{'loss': 1.9752, 'grad_norm': 0.21904028952121735, 'learning_rate': 0.0001856911621884105, 'epoch': 0.07}
{'loss': 2.0244, 'grad_norm': 0.2242475003004074, 'learning_rate': 0.00018562641631595988, 'epoch': 0.07}
{'loss': 1.9593, 'grad_norm': 0.2569068372249603, 'learning_rate': 0.00018556167044350922, 'epoch': 0.07}
{'loss': 1.9397, 'grad_norm': 0.18064779043197632, 'learning_rate': 0.0001854969245710586, 'epoch': 0.07}
{'loss': 1.7248, 'grad_norm': 0.17287050187587738, 'learning_rate': 0.000185432178698608, 'epoch': 0.07}
{'loss': 2.2485, 'grad_norm': 0.20564019680023193, 'learning_rate': 0.00018536743282615735, 'epoch': 0.07}  7%|▋         | 232/3094 [11:43<2:32:59,  3.21s/it]  8%|▊         | 233/3094 [11:47<2:38:26,  3.32s/it]                                                      8%|▊         | 233/3094 [11:47<2:38:26,  3.32s/it]  8%|▊         | 234/3094 [11:51<2:44:10,  3.44s/it]                                                      8%|▊         | 234/3094 [11:51<2:44:10,  3.44s/it]  8%|▊         | 235/3094 [11:53<2:34:14,  3.24s/it]                                                      8%|▊         | 235/3094 [11:53<2:34:14,  3.24s/it]  8%|▊         | 236/3094 [11:57<2:32:31,  3.20s/it]                                                      8%|▊         | 236/3094 [11:57<2:32:31,  3.20s/it]  8%|▊         | 237/3094 [12:00<2:31:05,  3.17s/it]                                                      8%|▊         | 237/3094 [12:00<2:31:05,  3.17s/it]  8%|▊         | 238/3094 [12:03<2:26:59,  3.09s/it]                                                      8%|▊         | 238/3094 [12:03<2:26:59,  3.09s/it]  8%|▊         | 239/3094 [12:06<2:34:50,  3.25s/it]                                                      8%|▊         | 239/3094 [12:06<2:34:50,  3.25s/it]  8%|▊         | 240/3094 [12:09<2:33:57,  3.24s/it]                                                      8%|▊         | 240/3094 [12:09<2:33:57,  3.24s/it]  8%|▊         | 241/3094 [12:12<2:29:50,  3.15s/it]                                                      8%|▊         | 241/3094 [12:12<2:29:50,  3.15s/it]  8%|▊         | 242/3094 [12:15<2:23:46,  3.02s/it]                                                      8%|▊         | 242/3094 [12:15<2:23:46,  3.02s/it]  8%|▊         | 243/3094 [12:18<2:25:03,  3.05s/it]                                                      8%|▊         | 243/3094 [12:18<2:25:03,  3.05s/it]  8%|▊         | 244/3094 [12:21<2:20:37,  2.96s/it]                                                      8%|▊         | 244/3094 [12:21<2:20:37,  2.96s/it]  8%|▊         | 245/3094 [12:24<2:15:45,  2.86s/it]                                                      8%|▊         | 245/3094 [12:24<2:15:45,  2.86s/it]  8%|▊         | 246/3094 [12:26<2:14:50,  2.84s/it]                                                      8%|▊         | 246/3094 [12:26<2:14:50,  2.84s/it]  8%|▊         | 247/3094 [12:29<2:18:12,  2.91s/it]                                                      8%|▊         | 247/3094 [12:29<2:18:12,  2.91s/it]  8%|▊         | 248/3094 [12:32<2:19:11,  2.93s/it]                                                      8%|▊         | 248/3094 [12:32<2:19:11,  2.93s/it]  8%|▊         | 249/3094 [12:35<2:16:56,  2.89s/it]                                                      8%|▊         | 249/3094 [12:35<2:16:56,  2.89s/it]  8%|▊         | 250/3094 [12:38<2:15:12,  2.85s/it]                                                      8%|▊         | 250/3094 [12:38<2:15:12,  2.85s/it]  8%|▊         | 251/3094 [12:41<2:21:55,  3.00s/it]                                                      8%|▊         | 251/3094 [12:41<2:21:55,  3.00s/it]  8%|▊         | 252/3094 [12:44<2:24:27,  3.05s/it]                                                      8%|▊         | 252/3094 [12:44<2:24:27,  3.05s/it]  8%|▊         | 253/3094 [12:48<2:25:57,  3.08s/it]                                                      8%|▊         | 253/3094 [12:48<2:25:57,  3.08s/it]  8%|▊         | 254/3094 [12:50<2:18:32,  2.93s/it]                                                      8%|▊         | 254/3094 [12:50<2:18:32,  2.93s/it]  8%|▊         | 255/3094 [12:53<2:20:28,  2.97s/it]                                                      8%|▊         | 255/3094 [12:53<2:20:28,  2.97s/it]  8%|▊         | 256/3094 [12:56<2:14:51,  2.85s/it]                                                      8%|▊         | 256/3094 [12:56<2:14:51,  2.85s/it]  8%|▊         | 257/3094 [12:59<2:24:27,  3.06s/it]                                                      8%|▊         | 257/3094 [12:59<2:24:27,  3.06s/it]  8%|▊         | 258/3094 [13:03<2:26:49,  3.11s/it]                                                      8%|▊         | 258/3094 [13:03<2:26:49,  3.11s/it]  8%|▊         | 259/3094 [13:06<2:25:53,  3.09s/it]                                                      8%|▊         | 259/3094 [13:06<2:25:53,  3.09s/it]  8%|▊         | 260/3094 [13:09<2:24:05,  3.05s/it]                                                      8%|▊         | 260/3094 [13:09<2:24:05,  3.05s/it]  8%|▊         | 261/3094 [13:13<2:38:29,  3.36s/it]                                                      8%|▊         | 261/3094 [13:13<2:38:29,  3.36s/it]  8%|▊         | 262/3094 [13:15<2:30:39,  3.19s/it]                                                      8%|▊         | 262/3094 [13:15<2:30:39,  3.19s/it]  9%|▊         | 263/3094 [13:18<2:27:58,  3.14s/it]                                                      9%|▊         | 263/3094 [13:18<2:27:58,  3.14s/it]  9%|▊         | 264/3094 [13:21<2:23:28,  3.04s/it]                                                      9%|▊         | 264/3094 [13:21<2:23:28,  3.04s/it]  9%|▊         | 265/3094 [13:24<2:21:50,  3.01s/it]                                                      9%|▊         | 265/3094 [13:24<2:21:50,  3.01s/it]  9%|▊         | 266/3094 [13:28<2:25:48,  3.09s/it]                                                      9%|▊         | 266/3094 [13:28<2:25:48,  3.09s/it]  9%|▊         | 267/3094 [13:30<2:16:22,  2.89s/it]                                                      9%|▊         | 267/3094 [13:30<2:16:22,  2.89s/it]  9%|▊         | 268/3094 [13:33<2:13:07,  2.83s/it]                                                      9%|▊         | 268/3094 [13:33<2:13:07,  2.83s/it]  9%|▊         | 269/3094 [13:36<2:18:44,  2.95s/it]                                                      9%|▊         | 269/3094 [13:36<2:18:44,  2.95s/it]  9%|▊         | 270/3094 [13:39<2:17:50,  2.93s/it]                                                      9%|▊         | 270/3094 [13:39<2:17:50,  2.93s/it]  9%|▉         | 271/3094 [13:42<2:24:56,  3.08s/it]                                                      9%|▉         | 271/3094 [13:42<2:24:56,  3.08s/it]  9%|▉         | 272/3094 [13:45<2:23:51,  3.06s/it]                                                      9%|▉         | 272/3094 [13:45<2:23:51,  3.06s/it]  9%|▉         | 273/3094 [13:48<2:21:27,  3.01s/it]                                                      9%|▉         | 273/3094 [13:48<2:21:27,  3.01s/it]  9%|▉         | 274/3094 [13:51<2:21:19,  3.01s/it]                                                      9%|▉         | 274/3094 [13:51<2:21:19,  3.01s/it]  9%|▉         | 275/3094 [13:54<2:25:08,  3.09s/it]                                                      9%|▉         | 275/3094 [13:54<2:25:08,  3.09s/it]  9%|▉         | 276/3094 [13:58<2:31:40,  3.23s/it]                                                      9%|▉         | 276/3094 [13:58<2:31:40,  3.23s/it]  9%|▉         | 277/3094 [14:01<2:35:04,  3.30s/it]                                                      9%|▉         | 277/3094 [14:01<2:35:04,  3.30s/it]  9%|▉         | 278/3094 [14:04<2:28:51,  3.17s/it]                                                      9%|▉         | 278/3094 [14:04<2:28:51,  3.17s/it]  9%|▉         | 279/3094 [14:07<2:25:36,  3.10s/it]                                                      9%|▉         | 279/3094 [14:07<2:25:36,  3.10s/it]  9%|▉         | 280/3094 [14:10<2:23:21,  3.06s/it]                                                      9%|▉         | 280/3094 [14:10<2:23:21,  3.06s/it]  9%|▉         | 281/3094 [14:14<2:27:45,  3.15s/it]                                                      9%|▉         | 281/3094 [14:14<2:27:45,  3.15s/it]  9%|▉         | 282/3094 [14:17<2:27:36,  3.15s/it]                                                      9%|▉         | 282/3094 [14:17<2:27:36,  3.15s/it]  9%|▉         | 283/3094 [14:20<2:34:44,  3.30s/it]                                                      9%|▉         | 283/3094 [14:20<2:34:44,  3.30s/it]  9%|▉         | 284/3094 [14:23<2:23:16,  3.06s/it]                                                      9%|▉         | 284/3094 [14:23<2:23:16,  3.06s/it]  9%|▉         | 285/3094 [14:26<2:20:51,  3.01s/it]                                                      9%|▉         | 285/3094 [14:26<2:20:51,  3.01s/it]  9%|▉         | 286/3094 [14:29<2:24:41,  3.09s/it]                                                      9%|▉         | 286/3094 [14:29<2:24:41,  3.09s/it]  9%|▉         | 287/3094 [14:32<2:26:01,  3.12s/it]                                                      9%|▉         | 287/3094 [14:32<2:26:01,  3.12s/it]  9%|▉         | 288/3094 [14:35<2:24:06,  3.08s/it]                                                      9%|▉         | 288/3094 [14:35<2:24:06,  3.08s/it]  9%|▉         | 289/3094 [14:38<2:21:50,  3.03s/it]                                                      9%|▉         | 289/3094 [14:38<2:21:50,  3.03s/it]  9%|▉         | 290/3094 [14:41<2:15:13,  2.89s/it]                                                      9%|▉         | 290/3094 [14:41<2:15:13,  2.89s/it]  9%|▉         | 291/3094 [14:44<2:28:03,  3.17s/it]                                                      9%|▉         | 291/3094 [14:44<2:28:03,  3.17s/it]  9%|▉         | 292/3094 [14:47<2:24:19,  3.09s/it]                                                      9%|▉         | 292/3094 [14:47<2:24:19,  3.09s/it]  9%|▉         | 293/3094 [14:50<2:18:45,  2.97s/it]                                                      9%|▉         | 293/3094 [14:50<2:18:45,  2.97s/it] 10%|▉         | 294/3094 [14:53<2:21:42,  3.04s/it]                                                     10%|▉         | 294/3094 [14:53<2:21:42,  3.04s/it] 10%|▉         | 295/3094 [14:57<2:25:56,  3.13s/it]                                                     10%|▉         | 295/3094 [14:57<2:25:56,  3.13s/it] 10%|▉         | 296/3094 [15:00<2:23:10,  3.07s/it]                                                     10%|▉         | 296/3094 [15:00<2:23:10,  3.07s/it] 10%|▉         | 297/3094 [15:02<2:11:36,  2.82s/it]                                                     10%|▉         | 297/3094 [15:02<2:11:36,  2.82s/it] 10%|▉         | 298/3094 [15:05<2:12:38,  2.85s/it]                                                     10%|▉         | 298/3094 [15:05<2:12:38,  2.85s/it] 10%|▉         | 299/3094 [15:08<2:13:37,  2.87s/it]                                                     10%|▉         | 299/3094 [15:08<2:13:37,  2.87s/it] 10%|▉         | 300/3094 [15:10<2:12:53,  2.85s/it]                                                     10%|▉         | 300/3094 [15:10<2:12:53,  2.85s/it] 10%|▉         | 301/3094 [15:14<2:17:20,  2.95s/it]                                                     10%|▉         | 301/3094 [15:14<2:17:20,  2.95s/it] 10%|▉         | 302/3094 [15:17<2:21:56,  3.05s/it]                                                     10%|▉         | 302/3094 [15:17<2:21:56,  3.05s/it] 10%|▉         | 303/3094 [15:20<2:18:44,  2.98s/it]                                                     10%|▉         | 303/3094 [15:20<2:18:44,  2.98s/it] 10%|▉         | 304/3094 [15:23<2:23:15,  3.08s/it]                                                     10%|▉         | 304/3094 [15:23<2:23:15,  3.08s/it] 10%|▉         | 305/3094 [15:26<2:23:20,  3.08s/it]                                                     10%|▉         | 305/3094 [15:26<2:23:20,  3.08s/it] 10%|▉         | 306/3094 [15:29<2:20:13,  3.02s/it]                                                     10%|▉         | 306/3094 [15:29<2:20:13,  3.02s/it] 10%|▉         | 307/3094 [15:32<2:20:42,  3.03s/it]                                                     10%|▉         | 307/3094 [15:32<2:20:42,  3.03s/it] 10%|▉         | 308/3094 [15:35<2:18:20,  2.98s/it]                                                     10%|▉         | 308/3094 [15:35<2:18:20,  2.98s/it] 10%|▉         | 309/3094 [15:37<2:12:11,  2.85s/it]                                                    
{'loss': 2.0565, 'grad_norm': 0.19598229229450226, 'learning_rate': 0.0001853026869537067, 'epoch': 0.08}
{'loss': 1.8234, 'grad_norm': 0.1836930513381958, 'learning_rate': 0.00018523794108125607, 'epoch': 0.08}
{'loss': 2.0955, 'grad_norm': 0.23285739123821259, 'learning_rate': 0.00018517319520880546, 'epoch': 0.08}
{'loss': 2.1023, 'grad_norm': 0.21039214730262756, 'learning_rate': 0.00018510844933635482, 'epoch': 0.08}
{'loss': 1.727, 'grad_norm': 0.20019185543060303, 'learning_rate': 0.00018504370346390418, 'epoch': 0.08}
{'loss': 2.0495, 'grad_norm': 0.1990509331226349, 'learning_rate': 0.00018497895759145356, 'epoch': 0.08}
{'loss': 1.8195, 'grad_norm': 0.18430964648723602, 'learning_rate': 0.00018491421171900292, 'epoch': 0.08}
{'loss': 1.9417, 'grad_norm': 0.20514918863773346, 'learning_rate': 0.00018484946584655228, 'epoch': 0.08}
{'loss': 2.2626, 'grad_norm': 0.22801007330417633, 'learning_rate': 0.00018478471997410164, 'epoch': 0.08}
{'loss': 2.1537, 'grad_norm': 0.20980755984783173, 'learning_rate': 0.00018471997410165103, 'epoch': 0.08}
{'loss': 1.9297, 'grad_norm': 0.20060940086841583, 'learning_rate': 0.00018465522822920042, 'epoch': 0.08}
{'loss': 1.9936, 'grad_norm': 0.21776071190834045, 'learning_rate': 0.00018459048235674975, 'epoch': 0.08}
{'loss': 1.8272, 'grad_norm': 0.2032911479473114, 'learning_rate': 0.00018452573648429914, 'epoch': 0.08}
{'loss': 2.0171, 'grad_norm': 0.20618408918380737, 'learning_rate': 0.0001844609906118485, 'epoch': 0.08}
{'loss': 1.9562, 'grad_norm': 0.19008082151412964, 'learning_rate': 0.00018439624473939788, 'epoch': 0.08}
{'loss': 2.1771, 'grad_norm': 0.20857509970664978, 'learning_rate': 0.00018433149886694724, 'epoch': 0.08}
{'loss': 1.9958, 'grad_norm': 0.2055646926164627, 'learning_rate': 0.0001842667529944966, 'epoch': 0.08}
{'loss': 1.9379, 'grad_norm': 0.21378502249717712, 'learning_rate': 0.000184202007122046, 'epoch': 0.08}
{'loss': 1.9249, 'grad_norm': 0.20500020682811737, 'learning_rate': 0.00018413726124959535, 'epoch': 0.08}
{'loss': 2.1345, 'grad_norm': 0.21433675289154053, 'learning_rate': 0.0001840725153771447, 'epoch': 0.08}
{'loss': 2.0888, 'grad_norm': 0.21151818335056305, 'learning_rate': 0.0001840077695046941, 'epoch': 0.08}
{'loss': 2.0506, 'grad_norm': 0.21954958140850067, 'learning_rate': 0.00018394302363224346, 'epoch': 0.08}
{'loss': 2.0372, 'grad_norm': 0.222860187292099, 'learning_rate': 0.00018387827775979282, 'epoch': 0.08}
{'loss': 2.0144, 'grad_norm': 0.20398664474487305, 'learning_rate': 0.00018381353188734218, 'epoch': 0.08}
{'loss': 2.0344, 'grad_norm': 0.17740419507026672, 'learning_rate': 0.00018374878601489156, 'epoch': 0.08}
{'loss': 1.9221, 'grad_norm': 0.18605688214302063, 'learning_rate': 0.00018368404014244095, 'epoch': 0.08}
{'loss': 2.06, 'grad_norm': 0.21966327726840973, 'learning_rate': 0.00018361929426999028, 'epoch': 0.08}
{'loss': 2.0647, 'grad_norm': 0.21976761519908905, 'learning_rate': 0.00018355454839753967, 'epoch': 0.08}
{'loss': 1.879, 'grad_norm': 0.18388722836971283, 'learning_rate': 0.00018348980252508903, 'epoch': 0.08}
{'loss': 1.932, 'grad_norm': 0.2210385799407959, 'learning_rate': 0.00018342505665263842, 'epoch': 0.08}
{'loss': 2.1788, 'grad_norm': 0.20005513727664948, 'learning_rate': 0.00018336031078018778, 'epoch': 0.09}
{'loss': 1.8157, 'grad_norm': 0.22622913122177124, 'learning_rate': 0.00018329556490773714, 'epoch': 0.09}
{'loss': 1.9642, 'grad_norm': 0.24676264822483063, 'learning_rate': 0.00018323081903528652, 'epoch': 0.09}
{'loss': 1.8537, 'grad_norm': 0.22046445310115814, 'learning_rate': 0.00018316607316283588, 'epoch': 0.09}
{'loss': 2.0035, 'grad_norm': 0.23371975123882294, 'learning_rate': 0.00018310132729038524, 'epoch': 0.09}
{'loss': 2.0782, 'grad_norm': 0.21715117990970612, 'learning_rate': 0.0001830365814179346, 'epoch': 0.09}
{'loss': 2.0941, 'grad_norm': 0.19973653554916382, 'learning_rate': 0.000182971835545484, 'epoch': 0.09}
{'loss': 1.9993, 'grad_norm': 0.20786651968955994, 'learning_rate': 0.00018290708967303335, 'epoch': 0.09}
{'loss': 1.7585, 'grad_norm': 0.18372149765491486, 'learning_rate': 0.0001828423438005827, 'epoch': 0.09}
{'loss': 2.0781, 'grad_norm': 0.21022161841392517, 'learning_rate': 0.0001827775979281321, 'epoch': 0.09}
{'loss': 2.159, 'grad_norm': 0.20973527431488037, 'learning_rate': 0.00018271285205568146, 'epoch': 0.09}
{'loss': 1.9178, 'grad_norm': 0.2123343050479889, 'learning_rate': 0.00018264810618323082, 'epoch': 0.09}
{'loss': 2.0979, 'grad_norm': 0.221872016787529, 'learning_rate': 0.0001825833603107802, 'epoch': 0.09}
{'loss': 1.9707, 'grad_norm': 0.18771705031394958, 'learning_rate': 0.00018251861443832956, 'epoch': 0.09}
{'loss': 1.6526, 'grad_norm': 0.21417005360126495, 'learning_rate': 0.00018245386856587895, 'epoch': 0.09}
{'loss': 2.0109, 'grad_norm': 0.23298588395118713, 'learning_rate': 0.00018238912269342828, 'epoch': 0.09}
{'loss': 1.8609, 'grad_norm': 0.21996846795082092, 'learning_rate': 0.00018232437682097767, 'epoch': 0.09}
{'loss': 1.6319, 'grad_norm': 0.19994962215423584, 'learning_rate': 0.00018225963094852706, 'epoch': 0.09}
{'loss': 2.0876, 'grad_norm': 0.18569739162921906, 'learning_rate': 0.0001821948850760764, 'epoch': 0.09}
{'loss': 1.9297, 'grad_norm': 0.21816658973693848, 'learning_rate': 0.00018213013920362578, 'epoch': 0.09}
{'loss': 1.997, 'grad_norm': 0.18239864706993103, 'learning_rate': 0.00018206539333117514, 'epoch': 0.09}
{'loss': 2.0857, 'grad_norm': 0.23593205213546753, 'learning_rate': 0.00018200064745872453, 'epoch': 0.09}
{'loss': 2.0393, 'grad_norm': 0.21517305076122284, 'learning_rate': 0.00018193590158627389, 'epoch': 0.09}
{'loss': 2.2199, 'grad_norm': 0.19264090061187744, 'learning_rate': 0.00018187115571382324, 'epoch': 0.09}
{'loss': 1.9501, 'grad_norm': 0.18340763449668884, 'learning_rate': 0.00018180640984137263, 'epoch': 0.09}
{'loss': 2.0427, 'grad_norm': 0.22369806468486786, 'learning_rate': 0.000181741663968922, 'epoch': 0.09}
{'loss': 2.0843, 'grad_norm': 0.21000029146671295, 'learning_rate': 0.00018167691809647135, 'epoch': 0.09}
{'loss': 1.9804, 'grad_norm': 0.2127833068370819, 'learning_rate': 0.00018161217222402074, 'epoch': 0.09}
{'loss': 1.9327, 'grad_norm': 0.18281960487365723, 'learning_rate': 0.0001815474263515701, 'epoch': 0.09}
{'loss': 1.9629, 'grad_norm': 0.1912703961133957, 'learning_rate': 0.00018148268047911946, 'epoch': 0.09}
{'loss': 2.0994, 'grad_norm': 0.21807633340358734, 'learning_rate': 0.00018141793460666882, 'epoch': 0.09}
{'loss': 2.2147, 'grad_norm': 0.20023185014724731, 'learning_rate': 0.0001813531887342182, 'epoch': 0.1}
{'loss': 1.8858, 'grad_norm': 0.20018267631530762, 'learning_rate': 0.00018128844286176757, 'epoch': 0.1}
{'loss': 2.0038, 'grad_norm': 0.19053322076797485, 'learning_rate': 0.00018122369698931693, 'epoch': 0.1}
{'loss': 2.1714, 'grad_norm': 0.25736504793167114, 'learning_rate': 0.0001811589511168663, 'epoch': 0.1}
{'loss': 1.9526, 'grad_norm': 0.25264760851860046, 'learning_rate': 0.00018109420524441567, 'epoch': 0.1}
{'loss': 2.0301, 'grad_norm': 0.20232261717319489, 'learning_rate': 0.00018102945937196506, 'epoch': 0.1}
{'loss': 1.947, 'grad_norm': 0.21712271869182587, 'learning_rate': 0.0001809647134995144, 'epoch': 0.1}
{'loss': 1.9659, 'grad_norm': 0.20031265914440155, 'learning_rate': 0.00018089996762706378, 'epoch': 0.1}
{'loss': 1.9354, 'grad_norm': 0.20387862622737885, 'learning_rate': 0.00018083522175461317, 'epoch': 0.1}
{'loss': 1.8864, 'grad_norm': 0.21070121228694916, 'learning_rate': 0.00018077047588216253, 'epoch': 0.1}
{'loss': 1.99, 'grad_norm': 0.18316113948822021, 'learning_rate': 0.00018070573000971189, 'epoch': 0.1}
{'loss': 1.9444, 'grad_norm': 0.20712825655937195, 'learning_rate': 0.00018064098413726125, 'epoch': 0.1}
{'loss': 2.0902, 'grad_norm': 0.23436230421066284, 'learning_rate': 0.00018057623826481063, 'epoch': 0.1}
{'loss': 2.0035, 'grad_norm': 0.1888445019721985, 'learning_rate': 0.00018051149239236, 'epoch': 0.1}
{'loss': 2.0535, 'grad_norm': 0.21477097272872925, 'learning_rate': 0.00018044674651990935, 'epoch': 0.1}
{'loss': 2.1326, 'grad_norm': 0.23056234419345856, 'learning_rate': 0.00018038200064745874, 'epoch': 0.1} 10%|▉         | 309/3094 [15:37<2:12:11,  2.85s/it] 10%|█         | 310/3094 [15:40<2:15:01,  2.91s/it]                                                     10%|█         | 310/3094 [15:40<2:15:01,  2.91s/it] 10%|█         | 311/3094 [15:43<2:14:33,  2.90s/it]                                                     10%|█         | 311/3094 [15:43<2:14:33,  2.90s/it] 10%|█         | 312/3094 [15:46<2:14:40,  2.90s/it]                                                     10%|█         | 312/3094 [15:46<2:14:40,  2.90s/it] 10%|█         | 313/3094 [15:49<2:13:20,  2.88s/it]                                                     10%|█         | 313/3094 [15:49<2:13:20,  2.88s/it] 10%|█         | 314/3094 [15:52<2:18:16,  2.98s/it]                                                     10%|█         | 314/3094 [15:52<2:18:16,  2.98s/it] 10%|█         | 315/3094 [15:55<2:15:17,  2.92s/it]                                                     10%|█         | 315/3094 [15:55<2:15:17,  2.92s/it] 10%|█         | 316/3094 [15:58<2:21:27,  3.06s/it]                                                     10%|█         | 316/3094 [15:58<2:21:27,  3.06s/it] 10%|█         | 317/3094 [16:01<2:15:45,  2.93s/it]                                                     10%|█         | 317/3094 [16:01<2:15:45,  2.93s/it] 10%|█         | 318/3094 [16:04<2:13:56,  2.89s/it]                                                     10%|█         | 318/3094 [16:04<2:13:56,  2.89s/it] 10%|█         | 319/3094 [16:07<2:19:25,  3.01s/it]                                                     10%|█         | 319/3094 [16:07<2:19:25,  3.01s/it] 10%|█         | 320/3094 [16:10<2:23:03,  3.09s/it]                                                     10%|█         | 320/3094 [16:10<2:23:03,  3.09s/it] 10%|█         | 321/3094 [16:13<2:14:01,  2.90s/it]                                                     10%|█         | 321/3094 [16:13<2:14:01,  2.90s/it] 10%|█         | 322/3094 [16:16<2:11:00,  2.84s/it]                                                     10%|█         | 322/3094 [16:16<2:11:00,  2.84s/it] 10%|█         | 323/3094 [16:19<2:17:22,  2.97s/it]                                                     10%|█         | 323/3094 [16:19<2:17:22,  2.97s/it] 10%|█         | 324/3094 [16:22<2:15:08,  2.93s/it]                                                     10%|█         | 324/3094 [16:22<2:15:08,  2.93s/it] 11%|█         | 325/3094 [16:25<2:14:00,  2.90s/it]                                                     11%|█         | 325/3094 [16:25<2:14:00,  2.90s/it] 11%|█         | 326/3094 [16:27<2:10:57,  2.84s/it]                                                     11%|█         | 326/3094 [16:27<2:10:57,  2.84s/it] 11%|█         | 327/3094 [16:31<2:17:47,  2.99s/it]                                                     11%|█         | 327/3094 [16:31<2:17:47,  2.99s/it] 11%|█         | 328/3094 [16:34<2:18:21,  3.00s/it]                                                     11%|█         | 328/3094 [16:34<2:18:21,  3.00s/it] 11%|█         | 329/3094 [16:36<2:15:18,  2.94s/it]                                                     11%|█         | 329/3094 [16:36<2:15:18,  2.94s/it] 11%|█         | 330/3094 [16:40<2:21:37,  3.07s/it]                                                     11%|█         | 330/3094 [16:40<2:21:37,  3.07s/it] 11%|█         | 331/3094 [16:43<2:25:55,  3.17s/it]                                                     11%|█         | 331/3094 [16:43<2:25:55,  3.17s/it] 11%|█         | 332/3094 [16:46<2:19:37,  3.03s/it]                                                     11%|█         | 332/3094 [16:46<2:19:37,  3.03s/it] 11%|█         | 333/3094 [16:49<2:17:44,  2.99s/it]                                                     11%|█         | 333/3094 [16:49<2:17:44,  2.99s/it] 11%|█         | 334/3094 [16:52<2:20:42,  3.06s/it]                                                     11%|█         | 334/3094 [16:52<2:20:42,  3.06s/it] 11%|█         | 335/3094 [16:55<2:15:45,  2.95s/it]                                                     11%|█         | 335/3094 [16:55<2:15:45,  2.95s/it] 11%|█         | 336/3094 [16:57<2:12:31,  2.88s/it]                                                     11%|█         | 336/3094 [16:57<2:12:31,  2.88s/it] 11%|█         | 337/3094 [17:01<2:19:17,  3.03s/it]                                                     11%|█         | 337/3094 [17:01<2:19:17,  3.03s/it] 11%|█         | 338/3094 [17:04<2:17:54,  3.00s/it]                                                     11%|█         | 338/3094 [17:04<2:17:54,  3.00s/it] 11%|█         | 339/3094 [17:07<2:17:28,  2.99s/it]                                                     11%|█         | 339/3094 [17:07<2:17:28,  2.99s/it] 11%|█         | 340/3094 [17:10<2:14:12,  2.92s/it]                                                     11%|█         | 340/3094 [17:10<2:14:12,  2.92s/it] 11%|█         | 341/3094 [17:12<2:11:20,  2.86s/it]                                                     11%|█         | 341/3094 [17:12<2:11:20,  2.86s/it] 11%|█         | 342/3094 [17:15<2:16:26,  2.97s/it]                                                     11%|█         | 342/3094 [17:15<2:16:26,  2.97s/it] 11%|█         | 343/3094 [17:18<2:16:24,  2.98s/it]                                                     11%|█         | 343/3094 [17:18<2:16:24,  2.98s/it] 11%|█         | 344/3094 [17:22<2:25:58,  3.18s/it]                                                     11%|█         | 344/3094 [17:22<2:25:58,  3.18s/it] 11%|█         | 345/3094 [17:25<2:20:15,  3.06s/it]                                                     11%|█         | 345/3094 [17:25<2:20:15,  3.06s/it] 11%|█         | 346/3094 [17:28<2:19:35,  3.05s/it]                                                     11%|█         | 346/3094 [17:28<2:19:35,  3.05s/it] 11%|█         | 347/3094 [17:31<2:21:08,  3.08s/it]                                                     11%|█         | 347/3094 [17:31<2:21:08,  3.08s/it] 11%|█         | 348/3094 [17:34<2:13:09,  2.91s/it]                                                     11%|█         | 348/3094 [17:34<2:13:09,  2.91s/it] 11%|█▏        | 349/3094 [17:37<2:17:47,  3.01s/it]                                                     11%|█▏        | 349/3094 [17:37<2:17:47,  3.01s/it] 11%|█▏        | 350/3094 [17:40<2:15:27,  2.96s/it]                                                     11%|█▏        | 350/3094 [17:40<2:15:27,  2.96s/it] 11%|█▏        | 351/3094 [17:43<2:18:35,  3.03s/it]                                                     11%|█▏        | 351/3094 [17:43<2:18:35,  3.03s/it] 11%|█▏        | 352/3094 [17:47<2:31:56,  3.32s/it]                                                     11%|█▏        | 352/3094 [17:47<2:31:56,  3.32s/it] 11%|█▏        | 353/3094 [17:50<2:26:18,  3.20s/it]                                                     11%|█▏        | 353/3094 [17:50<2:26:18,  3.20s/it] 11%|█▏        | 354/3094 [17:53<2:22:14,  3.11s/it]                                                     11%|█▏        | 354/3094 [17:53<2:22:14,  3.11s/it] 11%|█▏        | 355/3094 [17:56<2:22:03,  3.11s/it]                                                     11%|█▏        | 355/3094 [17:56<2:22:03,  3.11s/it] 12%|█▏        | 356/3094 [17:59<2:16:20,  2.99s/it]                                                     12%|█▏        | 356/3094 [17:59<2:16:20,  2.99s/it] 12%|█▏        | 357/3094 [18:01<2:11:22,  2.88s/it]                                                     12%|█▏        | 357/3094 [18:01<2:11:22,  2.88s/it] 12%|█▏        | 358/3094 [18:04<2:12:26,  2.90s/it]                                                     12%|█▏        | 358/3094 [18:04<2:12:26,  2.90s/it] 12%|█▏        | 359/3094 [18:07<2:12:36,  2.91s/it]                                                     12%|█▏        | 359/3094 [18:07<2:12:36,  2.91s/it] 12%|█▏        | 360/3094 [18:10<2:13:38,  2.93s/it]                                                     12%|█▏        | 360/3094 [18:10<2:13:38,  2.93s/it] 12%|█▏        | 361/3094 [18:13<2:16:07,  2.99s/it]                                                     12%|█▏        | 361/3094 [18:13<2:16:07,  2.99s/it] 12%|█▏        | 362/3094 [18:16<2:12:47,  2.92s/it]                                                     12%|█▏        | 362/3094 [18:16<2:12:47,  2.92s/it] 12%|█▏        | 363/3094 [18:19<2:21:29,  3.11s/it]                                                     12%|█▏        | 363/3094 [18:19<2:21:29,  3.11s/it] 12%|█▏        | 364/3094 [18:23<2:22:22,  3.13s/it]                                                     12%|█▏        | 364/3094 [18:23<2:22:22,  3.13s/it] 12%|█▏        | 365/3094 [18:26<2:22:26,  3.13s/it]                                                     12%|█▏        | 365/3094 [18:26<2:22:26,  3.13s/it] 12%|█▏        | 366/3094 [18:29<2:20:44,  3.10s/it]                                                     12%|█▏        | 366/3094 [18:29<2:20:44,  3.10s/it] 12%|█▏        | 367/3094 [18:32<2:21:48,  3.12s/it]                                                     12%|█▏        | 367/3094 [18:32<2:21:48,  3.12s/it] 12%|█▏        | 368/3094 [18:35<2:22:15,  3.13s/it]                                                     12%|█▏        | 368/3094 [18:35<2:22:15,  3.13s/it] 12%|█▏        | 369/3094 [18:38<2:20:07,  3.09s/it]                                                     12%|█▏        | 369/3094 [18:38<2:20:07,  3.09s/it] 12%|█▏        | 370/3094 [18:41<2:15:15,  2.98s/it]                                                     12%|█▏        | 370/3094 [18:41<2:15:15,  2.98s/it] 12%|█▏        | 371/3094 [18:44<2:17:37,  3.03s/it]                                                     12%|█▏        | 371/3094 [18:44<2:17:37,  3.03s/it] 12%|█▏        | 372/3094 [18:47<2:15:19,  2.98s/it]                                                     12%|█▏        | 372/3094 [18:47<2:15:19,  2.98s/it] 12%|█▏        | 373/3094 [18:49<2:11:00,  2.89s/it]                                                     12%|█▏        | 373/3094 [18:49<2:11:00,  2.89s/it] 12%|█▏        | 374/3094 [18:52<2:12:12,  2.92s/it]                                                     12%|█▏        | 374/3094 [18:52<2:12:12,  2.92s/it] 12%|█▏        | 375/3094 [18:56<2:18:54,  3.07s/it]                                                     12%|█▏        | 375/3094 [18:56<2:18:54,  3.07s/it] 12%|█▏        | 376/3094 [18:59<2:19:00,  3.07s/it]                                                     12%|█▏        | 376/3094 [18:59<2:19:00,  3.07s/it] 12%|█▏        | 377/3094 [19:02<2:18:44,  3.06s/it]                                                     12%|█▏        | 377/3094 [19:02<2:18:44,  3.06s/it] 12%|█▏        | 378/3094 [19:05<2:19:08,  3.07s/it]                                                     12%|█▏        | 378/3094 [19:05<2:19:08,  3.07s/it] 12%|█▏        | 379/3094 [19:08<2:17:49,  3.05s/it]                                                     12%|█▏        | 379/3094 [19:08<2:17:49,  3.05s/it] 12%|█▏        | 380/3094 [19:11<2:10:49,  2.89s/it]                                                     12%|█▏        | 380/3094 [19:11<2:10:49,  2.89s/it] 12%|█▏        | 381/3094 [19:13<2:09:23,  2.86s/it]                                                     12%|█▏        | 381/3094 [19:13<2:09:23,  2.86s/it] 12%|█▏        | 382/3094 [19:17<2:20:20,  3.10s/it]                                                     12%|█▏        | 382/3094 [19:17<2:20:20,  3.10s/it] 12%|█▏        | 383/3094 [19:20<2:20:24,  3.11s/it]                                                     12%|█▏        | 383/3094 [19:20<2:20:24,  3.11s/it] 12%|█▏        | 384/3094 [19:23<2:18:19,  3.06s/it]                                                     12%|█▏        | 384/3094 [19:23<2:18:19,  3.06s/it] 12%|█▏        | 385/3094 [19:26<2:18:23,  3.07s/it]                                                     12%|█▏        | 385/3094 [19:26<2:18:23,  3.07s/it] 12%|█▏        | 386/3094 [19:29<2:19:14,  3.09s/it]                                                    
{'loss': 2.2345, 'grad_norm': 0.19537119567394257, 'learning_rate': 0.0001803172547750081, 'epoch': 0.1}
{'loss': 2.0051, 'grad_norm': 0.21060378849506378, 'learning_rate': 0.00018025250890255746, 'epoch': 0.1}
{'loss': 2.054, 'grad_norm': 0.1981259137392044, 'learning_rate': 0.00018018776303010685, 'epoch': 0.1}
{'loss': 1.887, 'grad_norm': 0.20081716775894165, 'learning_rate': 0.0001801230171576562, 'epoch': 0.1}
{'loss': 2.2493, 'grad_norm': 0.18728028237819672, 'learning_rate': 0.0001800582712852056, 'epoch': 0.1}
{'loss': 1.8902, 'grad_norm': 0.23740749061107635, 'learning_rate': 0.00017999352541275493, 'epoch': 0.1}
{'loss': 1.8894, 'grad_norm': 0.21280881762504578, 'learning_rate': 0.0001799287795403043, 'epoch': 0.1}
{'loss': 2.0569, 'grad_norm': 0.24104595184326172, 'learning_rate': 0.0001798640336678537, 'epoch': 0.1}
{'loss': 1.956, 'grad_norm': 0.1987122893333435, 'learning_rate': 0.00017979928779540306, 'epoch': 0.1}
{'loss': 2.0695, 'grad_norm': 0.19571954011917114, 'learning_rate': 0.00017973454192295242, 'epoch': 0.1}
{'loss': 1.9621, 'grad_norm': 0.19517111778259277, 'learning_rate': 0.00017966979605050178, 'epoch': 0.1}
{'loss': 2.1541, 'grad_norm': 0.20353634655475616, 'learning_rate': 0.00017960505017805117, 'epoch': 0.1}
{'loss': 2.0836, 'grad_norm': 0.23776490986347198, 'learning_rate': 0.00017954030430560053, 'epoch': 0.1}
{'loss': 1.6842, 'grad_norm': 0.1810947060585022, 'learning_rate': 0.00017947555843314989, 'epoch': 0.1}
{'loss': 2.0311, 'grad_norm': 0.20810316503047943, 'learning_rate': 0.00017941081256069927, 'epoch': 0.1}
{'loss': 1.9566, 'grad_norm': 0.2161329835653305, 'learning_rate': 0.00017934606668824863, 'epoch': 0.11}
{'loss': 1.8859, 'grad_norm': 0.20151463150978088, 'learning_rate': 0.000179281320815798, 'epoch': 0.11}
{'loss': 2.119, 'grad_norm': 0.20123150944709778, 'learning_rate': 0.00017921657494334735, 'epoch': 0.11}
{'loss': 1.9783, 'grad_norm': 0.20675049722194672, 'learning_rate': 0.00017915182907089674, 'epoch': 0.11}
{'loss': 1.936, 'grad_norm': 0.21273113787174225, 'learning_rate': 0.00017908708319844613, 'epoch': 0.11}
{'loss': 2.2002, 'grad_norm': 0.20546208322048187, 'learning_rate': 0.00017902233732599546, 'epoch': 0.11}
{'loss': 1.9576, 'grad_norm': 0.18200914561748505, 'learning_rate': 0.00017895759145354485, 'epoch': 0.11}
{'loss': 2.0123, 'grad_norm': 0.20877240598201752, 'learning_rate': 0.0001788928455810942, 'epoch': 0.11}
{'loss': 1.6705, 'grad_norm': 0.2006220519542694, 'learning_rate': 0.0001788280997086436, 'epoch': 0.11}
{'loss': 1.9592, 'grad_norm': 0.18590545654296875, 'learning_rate': 0.00017876335383619295, 'epoch': 0.11}
{'loss': 1.9163, 'grad_norm': 0.20850592851638794, 'learning_rate': 0.0001786986079637423, 'epoch': 0.11}
{'loss': 1.8982, 'grad_norm': 0.21088576316833496, 'learning_rate': 0.0001786338620912917, 'epoch': 0.11}
{'loss': 1.8621, 'grad_norm': 0.195797398686409, 'learning_rate': 0.00017856911621884106, 'epoch': 0.11}
{'loss': 1.9178, 'grad_norm': 0.20644675195217133, 'learning_rate': 0.00017850437034639042, 'epoch': 0.11}
{'loss': 2.0842, 'grad_norm': 0.20887070894241333, 'learning_rate': 0.0001784396244739398, 'epoch': 0.11}
{'loss': 2.0854, 'grad_norm': 0.21650944650173187, 'learning_rate': 0.00017837487860148917, 'epoch': 0.11}
{'loss': 2.1259, 'grad_norm': 0.19982723891735077, 'learning_rate': 0.00017831013272903853, 'epoch': 0.11}
{'loss': 2.0194, 'grad_norm': 0.22373250126838684, 'learning_rate': 0.0001782453868565879, 'epoch': 0.11}
{'loss': 1.9929, 'grad_norm': 0.1819099336862564, 'learning_rate': 0.00017818064098413727, 'epoch': 0.11}
{'loss': 1.9073, 'grad_norm': 0.1879480481147766, 'learning_rate': 0.00017811589511168666, 'epoch': 0.11}
{'loss': 2.1327, 'grad_norm': 0.20112286508083344, 'learning_rate': 0.000178051149239236, 'epoch': 0.11}
{'loss': 2.0066, 'grad_norm': 0.18899868428707123, 'learning_rate': 0.00017798640336678538, 'epoch': 0.11}
{'loss': 1.8209, 'grad_norm': 0.2026788741350174, 'learning_rate': 0.00017792165749433474, 'epoch': 0.11}
{'loss': 1.9543, 'grad_norm': 0.22079487144947052, 'learning_rate': 0.00017785691162188413, 'epoch': 0.11}
{'loss': 1.8318, 'grad_norm': 0.20728476345539093, 'learning_rate': 0.0001777921657494335, 'epoch': 0.11}
{'loss': 1.9727, 'grad_norm': 0.18899548053741455, 'learning_rate': 0.00017772741987698285, 'epoch': 0.11}
{'loss': 2.1724, 'grad_norm': 0.19305793941020966, 'learning_rate': 0.00017766267400453223, 'epoch': 0.11}
{'loss': 1.7649, 'grad_norm': 0.18350496888160706, 'learning_rate': 0.0001775979281320816, 'epoch': 0.11}
{'loss': 2.0632, 'grad_norm': 0.1982448250055313, 'learning_rate': 0.00017753318225963095, 'epoch': 0.11}
{'loss': 2.0272, 'grad_norm': 0.21503658592700958, 'learning_rate': 0.00017746843638718034, 'epoch': 0.11}
{'loss': 2.0631, 'grad_norm': 0.18896262347698212, 'learning_rate': 0.0001774036905147297, 'epoch': 0.11}
{'loss': 1.825, 'grad_norm': 0.21566922962665558, 'learning_rate': 0.00017733894464227906, 'epoch': 0.12}
{'loss': 1.9588, 'grad_norm': 0.20673160254955292, 'learning_rate': 0.00017727419876982842, 'epoch': 0.12}
{'loss': 2.0204, 'grad_norm': 0.20691268146038055, 'learning_rate': 0.0001772094528973778, 'epoch': 0.12}
{'loss': 2.1627, 'grad_norm': 0.2091812640428543, 'learning_rate': 0.00017714470702492717, 'epoch': 0.12}
{'loss': 1.9603, 'grad_norm': 0.20436085760593414, 'learning_rate': 0.00017707996115247653, 'epoch': 0.12}
{'loss': 1.9969, 'grad_norm': 0.21864773333072662, 'learning_rate': 0.00017701521528002591, 'epoch': 0.12}
{'loss': 2.0934, 'grad_norm': 0.2608058750629425, 'learning_rate': 0.00017695046940757527, 'epoch': 0.12}
{'loss': 1.8364, 'grad_norm': 0.21677014231681824, 'learning_rate': 0.00017688572353512466, 'epoch': 0.12}
{'loss': 1.8986, 'grad_norm': 0.1926816701889038, 'learning_rate': 0.000176820977662674, 'epoch': 0.12}
{'loss': 1.8832, 'grad_norm': 0.18820612132549286, 'learning_rate': 0.00017675623179022338, 'epoch': 0.12}
{'loss': 1.9186, 'grad_norm': 0.19824710488319397, 'learning_rate': 0.00017669148591777277, 'epoch': 0.12}
{'loss': 2.0952, 'grad_norm': 0.20714609324932098, 'learning_rate': 0.00017662674004532213, 'epoch': 0.12}
{'loss': 2.0443, 'grad_norm': 0.18278677761554718, 'learning_rate': 0.0001765619941728715, 'epoch': 0.12}
{'loss': 2.025, 'grad_norm': 0.21511362493038177, 'learning_rate': 0.00017649724830042085, 'epoch': 0.12}
{'loss': 2.0314, 'grad_norm': 0.2038053721189499, 'learning_rate': 0.00017643250242797023, 'epoch': 0.12}
{'loss': 1.9186, 'grad_norm': 0.2004956305027008, 'learning_rate': 0.0001763677565555196, 'epoch': 0.12}
{'loss': 2.2234, 'grad_norm': 0.222736194729805, 'learning_rate': 0.00017630301068306895, 'epoch': 0.12}
{'loss': 1.982, 'grad_norm': 0.2115754634141922, 'learning_rate': 0.00017623826481061834, 'epoch': 0.12}
{'loss': 1.9487, 'grad_norm': 0.21427525579929352, 'learning_rate': 0.0001761735189381677, 'epoch': 0.12}
{'loss': 2.006, 'grad_norm': 0.1943119615316391, 'learning_rate': 0.00017610877306571706, 'epoch': 0.12}
{'loss': 1.818, 'grad_norm': 0.2060180902481079, 'learning_rate': 0.00017604402719326645, 'epoch': 0.12}
{'loss': 2.2131, 'grad_norm': 0.21310392022132874, 'learning_rate': 0.0001759792813208158, 'epoch': 0.12}
{'loss': 2.018, 'grad_norm': 0.21642343699932098, 'learning_rate': 0.00017591453544836517, 'epoch': 0.12}
{'loss': 1.8453, 'grad_norm': 0.19433988630771637, 'learning_rate': 0.00017584978957591453, 'epoch': 0.12}
{'loss': 1.8917, 'grad_norm': 0.19788146018981934, 'learning_rate': 0.00017578504370346391, 'epoch': 0.12}
{'loss': 2.0882, 'grad_norm': 0.20386312901973724, 'learning_rate': 0.0001757202978310133, 'epoch': 0.12}
{'loss': 2.165, 'grad_norm': 0.17937973141670227, 'learning_rate': 0.00017565555195856263, 'epoch': 0.12}
{'loss': 1.9319, 'grad_norm': 0.24991253018379211, 'learning_rate': 0.00017559080608611202, 'epoch': 0.12}
{'loss': 2.0458, 'grad_norm': 0.20788726210594177, 'learning_rate': 0.00017552606021366138, 'epoch': 0.12}
{'loss': 2.27, 'grad_norm': 0.2070195972919464, 'learning_rate': 0.00017546131434121077, 'epoch': 0.12}
{'loss': 2.0458, 'grad_norm': 0.2099703699350357, 'learning_rate': 0.0001753965684687601, 'epoch': 0.12} 12%|█▏        | 386/3094 [19:29<2:19:14,  3.09s/it] 13%|█▎        | 387/3094 [19:32<2:18:07,  3.06s/it]                                                     13%|█▎        | 387/3094 [19:32<2:18:07,  3.06s/it] 13%|█▎        | 388/3094 [19:36<2:21:05,  3.13s/it]                                                     13%|█▎        | 388/3094 [19:36<2:21:05,  3.13s/it] 13%|█▎        | 389/3094 [19:38<2:16:41,  3.03s/it]                                                     13%|█▎        | 389/3094 [19:38<2:16:41,  3.03s/it] 13%|█▎        | 390/3094 [19:41<2:16:20,  3.03s/it]                                                     13%|█▎        | 390/3094 [19:41<2:16:20,  3.03s/it] 13%|█▎        | 391/3094 [19:44<2:12:55,  2.95s/it]                                                     13%|█▎        | 391/3094 [19:44<2:12:55,  2.95s/it] 13%|█▎        | 392/3094 [19:47<2:09:06,  2.87s/it]                                                     13%|█▎        | 392/3094 [19:47<2:09:06,  2.87s/it] 13%|█▎        | 393/3094 [19:50<2:15:54,  3.02s/it]                                                     13%|█▎        | 393/3094 [19:50<2:15:54,  3.02s/it] 13%|█▎        | 394/3094 [19:53<2:16:07,  3.03s/it]                                                     13%|█▎        | 394/3094 [19:53<2:16:07,  3.03s/it] 13%|█▎        | 395/3094 [19:57<2:20:15,  3.12s/it]                                                     13%|█▎        | 395/3094 [19:57<2:20:15,  3.12s/it] 13%|█▎        | 396/3094 [20:01<2:30:07,  3.34s/it]                                                     13%|█▎        | 396/3094 [20:01<2:30:07,  3.34s/it] 13%|█▎        | 397/3094 [20:04<2:25:53,  3.25s/it]                                                     13%|█▎        | 397/3094 [20:04<2:25:53,  3.25s/it] 13%|█▎        | 398/3094 [20:06<2:19:08,  3.10s/it]                                                     13%|█▎        | 398/3094 [20:06<2:19:08,  3.10s/it] 13%|█▎        | 399/3094 [20:09<2:19:29,  3.11s/it]                                                     13%|█▎        | 399/3094 [20:09<2:19:29,  3.11s/it] 13%|█▎        | 400/3094 [20:12<2:18:32,  3.09s/it]                                                     13%|█▎        | 400/3094 [20:12<2:18:32,  3.09s/it] 13%|█▎        | 401/3094 [20:15<2:17:16,  3.06s/it]                                                     13%|█▎        | 401/3094 [20:15<2:17:16,  3.06s/it] 13%|█▎        | 402/3094 [20:19<2:30:28,  3.35s/it]                                                     13%|█▎        | 402/3094 [20:19<2:30:28,  3.35s/it] 13%|█▎        | 403/3094 [20:23<2:31:14,  3.37s/it]                                                     13%|█▎        | 403/3094 [20:23<2:31:14,  3.37s/it] 13%|█▎        | 404/3094 [20:26<2:25:51,  3.25s/it]                                                     13%|█▎        | 404/3094 [20:26<2:25:51,  3.25s/it] 13%|█▎        | 405/3094 [20:29<2:27:32,  3.29s/it]                                                     13%|█▎        | 405/3094 [20:29<2:27:32,  3.29s/it] 13%|█▎        | 406/3094 [20:32<2:21:39,  3.16s/it]                                                     13%|█▎        | 406/3094 [20:32<2:21:39,  3.16s/it] 13%|█▎        | 407/3094 [20:34<2:10:50,  2.92s/it]                                                     13%|█▎        | 407/3094 [20:34<2:10:50,  2.92s/it] 13%|█▎        | 408/3094 [20:38<2:17:06,  3.06s/it]                                                     13%|█▎        | 408/3094 [20:38<2:17:06,  3.06s/it] 13%|█▎        | 409/3094 [20:41<2:20:38,  3.14s/it]                                                     13%|█▎        | 409/3094 [20:41<2:20:38,  3.14s/it] 13%|█▎        | 410/3094 [20:45<2:31:55,  3.40s/it]                                                     13%|█▎        | 410/3094 [20:45<2:31:55,  3.40s/it] 13%|█▎        | 411/3094 [20:48<2:21:14,  3.16s/it]                                                     13%|█▎        | 411/3094 [20:48<2:21:14,  3.16s/it] 13%|█▎        | 412/3094 [20:51<2:17:20,  3.07s/it]                                                     13%|█▎        | 412/3094 [20:51<2:17:20,  3.07s/it] 13%|█▎        | 413/3094 [20:54<2:21:01,  3.16s/it]                                                     13%|█▎        | 413/3094 [20:54<2:21:01,  3.16s/it] 13%|█▎        | 414/3094 [20:57<2:16:59,  3.07s/it]                                                     13%|█▎        | 414/3094 [20:57<2:16:59,  3.07s/it] 13%|█▎        | 415/3094 [20:59<2:10:47,  2.93s/it]                                                     13%|█▎        | 415/3094 [20:59<2:10:47,  2.93s/it] 13%|█▎        | 416/3094 [21:02<2:06:43,  2.84s/it]                                                     13%|█▎        | 416/3094 [21:02<2:06:43,  2.84s/it] 13%|█▎        | 417/3094 [21:05<2:10:32,  2.93s/it]                                                     13%|█▎        | 417/3094 [21:05<2:10:32,  2.93s/it] 14%|█▎        | 418/3094 [21:09<2:15:28,  3.04s/it]                                                     14%|█▎        | 418/3094 [21:09<2:15:28,  3.04s/it] 14%|█▎        | 419/3094 [21:11<2:10:42,  2.93s/it]                                                     14%|█▎        | 419/3094 [21:11<2:10:42,  2.93s/it] 14%|█▎        | 420/3094 [21:14<2:11:47,  2.96s/it]                                                     14%|█▎        | 420/3094 [21:14<2:11:47,  2.96s/it] 14%|█▎        | 421/3094 [21:17<2:09:00,  2.90s/it]                                                     14%|█▎        | 421/3094 [21:17<2:09:00,  2.90s/it] 14%|█▎        | 422/3094 [21:20<2:05:15,  2.81s/it]                                                     14%|█▎        | 422/3094 [21:20<2:05:15,  2.81s/it] 14%|█▎        | 423/3094 [21:23<2:06:18,  2.84s/it]                                                     14%|█▎        | 423/3094 [21:23<2:06:18,  2.84s/it] 14%|█▎        | 424/3094 [21:26<2:15:55,  3.05s/it]                                                     14%|█▎        | 424/3094 [21:26<2:15:55,  3.05s/it] 14%|█▎        | 425/3094 [21:29<2:15:41,  3.05s/it]                                                     14%|█▎        | 425/3094 [21:29<2:15:41,  3.05s/it] 14%|█▍        | 426/3094 [21:32<2:17:31,  3.09s/it]                                                     14%|█▍        | 426/3094 [21:32<2:17:31,  3.09s/it] 14%|█▍        | 427/3094 [21:36<2:18:53,  3.12s/it]                                                     14%|█▍        | 427/3094 [21:36<2:18:53,  3.12s/it] 14%|█▍        | 428/3094 [21:39<2:19:22,  3.14s/it]                                                     14%|█▍        | 428/3094 [21:39<2:19:22,  3.14s/it] 14%|█▍        | 429/3094 [21:42<2:17:07,  3.09s/it]                                                     14%|█▍        | 429/3094 [21:42<2:17:07,  3.09s/it] 14%|█▍        | 430/3094 [21:45<2:15:35,  3.05s/it]                                                     14%|█▍        | 430/3094 [21:45<2:15:35,  3.05s/it] 14%|█▍        | 431/3094 [21:48<2:16:37,  3.08s/it]                                                     14%|█▍        | 431/3094 [21:48<2:16:37,  3.08s/it] 14%|█▍        | 432/3094 [21:51<2:13:50,  3.02s/it]                                                     14%|█▍        | 432/3094 [21:51<2:13:50,  3.02s/it] 14%|█▍        | 433/3094 [21:54<2:14:17,  3.03s/it]                                                     14%|█▍        | 433/3094 [21:54<2:14:17,  3.03s/it] 14%|█▍        | 434/3094 [21:56<2:10:41,  2.95s/it]                                                     14%|█▍        | 434/3094 [21:56<2:10:41,  2.95s/it] 14%|█▍        | 435/3094 [21:59<2:05:03,  2.82s/it]                                                     14%|█▍        | 435/3094 [21:59<2:05:03,  2.82s/it] 14%|█▍        | 436/3094 [22:03<2:14:32,  3.04s/it]                                                     14%|█▍        | 436/3094 [22:03<2:14:32,  3.04s/it] 14%|█▍        | 437/3094 [22:06<2:20:27,  3.17s/it]                                                     14%|█▍        | 437/3094 [22:06<2:20:27,  3.17s/it] 14%|█▍        | 438/3094 [22:09<2:12:03,  2.98s/it]                                                     14%|█▍        | 438/3094 [22:09<2:12:03,  2.98s/it] 14%|█▍        | 439/3094 [22:12<2:12:32,  3.00s/it]                                                     14%|█▍        | 439/3094 [22:12<2:12:32,  3.00s/it] 14%|█▍        | 440/3094 [22:14<2:07:59,  2.89s/it]                                                     14%|█▍        | 440/3094 [22:14<2:07:59,  2.89s/it] 14%|█▍        | 441/3094 [22:17<2:09:18,  2.92s/it]                                                     14%|█▍        | 441/3094 [22:17<2:09:18,  2.92s/it] 14%|█▍        | 442/3094 [22:20<2:05:33,  2.84s/it]                                                     14%|█▍        | 442/3094 [22:20<2:05:33,  2.84s/it] 14%|█▍        | 443/3094 [22:22<2:00:17,  2.72s/it]                                                     14%|█▍        | 443/3094 [22:22<2:00:17,  2.72s/it] 14%|█▍        | 444/3094 [22:25<2:04:30,  2.82s/it]                                                     14%|█▍        | 444/3094 [22:25<2:04:30,  2.82s/it] 14%|█▍        | 445/3094 [22:28<2:04:30,  2.82s/it]                                                     14%|█▍        | 445/3094 [22:28<2:04:30,  2.82s/it] 14%|█▍        | 446/3094 [22:31<2:07:06,  2.88s/it]                                                     14%|█▍        | 446/3094 [22:31<2:07:06,  2.88s/it] 14%|█▍        | 447/3094 [22:34<2:07:33,  2.89s/it]                                                     14%|█▍        | 447/3094 [22:34<2:07:33,  2.89s/it] 14%|█▍        | 448/3094 [22:37<2:08:21,  2.91s/it]                                                     14%|█▍        | 448/3094 [22:37<2:08:21,  2.91s/it] 15%|█▍        | 449/3094 [22:40<2:04:23,  2.82s/it]                                                     15%|█▍        | 449/3094 [22:40<2:04:23,  2.82s/it] 15%|█▍        | 450/3094 [22:43<2:08:03,  2.91s/it]                                                     15%|█▍        | 450/3094 [22:43<2:08:03,  2.91s/it] 15%|█▍        | 451/3094 [22:46<2:09:49,  2.95s/it]                                                     15%|█▍        | 451/3094 [22:46<2:09:49,  2.95s/it] 15%|█▍        | 452/3094 [22:49<2:11:53,  3.00s/it]                                                     15%|█▍        | 452/3094 [22:49<2:11:53,  3.00s/it] 15%|█▍        | 453/3094 [22:52<2:17:03,  3.11s/it]                                                     15%|█▍        | 453/3094 [22:52<2:17:03,  3.11s/it] 15%|█▍        | 454/3094 [22:56<2:22:29,  3.24s/it]                                                     15%|█▍        | 454/3094 [22:56<2:22:29,  3.24s/it] 15%|█▍        | 455/3094 [22:59<2:23:05,  3.25s/it]                                                     15%|█▍        | 455/3094 [22:59<2:23:05,  3.25s/it] 15%|█▍        | 456/3094 [23:02<2:14:37,  3.06s/it]                                                     15%|█▍        | 456/3094 [23:02<2:14:37,  3.06s/it] 15%|█▍        | 457/3094 [23:05<2:16:37,  3.11s/it]                                                     15%|█▍        | 457/3094 [23:05<2:16:37,  3.11s/it] 15%|█▍        | 458/3094 [23:08<2:12:04,  3.01s/it]                                                     15%|█▍        | 458/3094 [23:08<2:12:04,  3.01s/it] 15%|█▍        | 459/3094 [23:11<2:14:24,  3.06s/it]                                                     15%|█▍        | 459/3094 [23:11<2:14:24,  3.06s/it] 15%|█▍        | 460/3094 [23:14<2:12:30,  3.02s/it]                                                     15%|█▍        | 460/3094 [23:14<2:12:30,  3.02s/it] 15%|█▍        | 461/3094 [23:17<2:17:52,  3.14s/it]                                                     15%|█▍        | 461/3094 [23:17<2:17:52,  3.14s/it] 15%|█▍        | 462/3094 [23:20<2:13:09,  3.04s/it]                                                     15%|█▍        | 462/3094 [23:20<2:13:09,  3.04s/it] 15%|█▍        | 463/3094 [23:24<2:20:10,  3.20s/it]                                                    
{'loss': 2.0208, 'grad_norm': 0.1964738816022873, 'learning_rate': 0.0001753318225963095, 'epoch': 0.13}
{'loss': 1.8056, 'grad_norm': 0.1881917119026184, 'learning_rate': 0.00017526707672385888, 'epoch': 0.13}
{'loss': 2.1536, 'grad_norm': 0.19849161803722382, 'learning_rate': 0.00017520233085140824, 'epoch': 0.13}
{'loss': 2.0184, 'grad_norm': 0.20749355852603912, 'learning_rate': 0.0001751375849789576, 'epoch': 0.13}
{'loss': 1.9277, 'grad_norm': 0.21510903537273407, 'learning_rate': 0.00017507283910650695, 'epoch': 0.13}
{'loss': 2.0885, 'grad_norm': 0.22014112770557404, 'learning_rate': 0.00017500809323405634, 'epoch': 0.13}
{'loss': 2.1249, 'grad_norm': 0.2072816640138626, 'learning_rate': 0.0001749433473616057, 'epoch': 0.13}
{'loss': 2.0542, 'grad_norm': 0.1950303167104721, 'learning_rate': 0.00017487860148915506, 'epoch': 0.13}
{'loss': 1.9719, 'grad_norm': 0.20643451809883118, 'learning_rate': 0.00017481385561670445, 'epoch': 0.13}
{'loss': 1.8754, 'grad_norm': 0.18948864936828613, 'learning_rate': 0.0001747491097442538, 'epoch': 0.13}
{'loss': 2.0429, 'grad_norm': 0.196402907371521, 'learning_rate': 0.00017468436387180317, 'epoch': 0.13}
{'loss': 2.0224, 'grad_norm': 0.21090884506702423, 'learning_rate': 0.00017461961799935256, 'epoch': 0.13}
{'loss': 1.8464, 'grad_norm': 0.1941625475883484, 'learning_rate': 0.00017455487212690192, 'epoch': 0.13}
{'loss': 1.74, 'grad_norm': 0.20470157265663147, 'learning_rate': 0.0001744901262544513, 'epoch': 0.13}
{'loss': 2.0585, 'grad_norm': 0.20153173804283142, 'learning_rate': 0.00017442538038200063, 'epoch': 0.13}
{'loss': 1.7584, 'grad_norm': 0.17056232690811157, 'learning_rate': 0.00017436063450955002, 'epoch': 0.13}
{'loss': 2.2778, 'grad_norm': 0.1964898556470871, 'learning_rate': 0.0001742958886370994, 'epoch': 0.13}
{'loss': 2.0423, 'grad_norm': 0.20142967998981476, 'learning_rate': 0.00017423114276464877, 'epoch': 0.13}
{'loss': 1.845, 'grad_norm': 0.18105429410934448, 'learning_rate': 0.00017416639689219813, 'epoch': 0.13}
{'loss': 2.0282, 'grad_norm': 0.22754451632499695, 'learning_rate': 0.0001741016510197475, 'epoch': 0.13}
{'loss': 2.0802, 'grad_norm': 0.21629951894283295, 'learning_rate': 0.00017403690514729688, 'epoch': 0.13}
{'loss': 1.8592, 'grad_norm': 0.17587445676326752, 'learning_rate': 0.00017397215927484624, 'epoch': 0.13}
{'loss': 1.9369, 'grad_norm': 0.17896029353141785, 'learning_rate': 0.0001739074134023956, 'epoch': 0.13}
{'loss': 1.8173, 'grad_norm': 0.17200800776481628, 'learning_rate': 0.00017384266752994498, 'epoch': 0.13}
{'loss': 1.8967, 'grad_norm': 0.23333841562271118, 'learning_rate': 0.00017377792165749434, 'epoch': 0.13}
{'loss': 2.0436, 'grad_norm': 0.2091720998287201, 'learning_rate': 0.0001737131757850437, 'epoch': 0.13}
{'loss': 1.8842, 'grad_norm': 0.20354251563549042, 'learning_rate': 0.0001736484299125931, 'epoch': 0.13}
{'loss': 1.973, 'grad_norm': 0.2306976616382599, 'learning_rate': 0.00017358368404014245, 'epoch': 0.13}
{'loss': 2.0993, 'grad_norm': 0.24966895580291748, 'learning_rate': 0.00017351893816769184, 'epoch': 0.13}
{'loss': 2.026, 'grad_norm': 0.2075963169336319, 'learning_rate': 0.00017345419229524117, 'epoch': 0.13}
{'loss': 1.9282, 'grad_norm': 0.1937854140996933, 'learning_rate': 0.00017338944642279056, 'epoch': 0.13}
{'loss': 1.7224, 'grad_norm': 0.1995328664779663, 'learning_rate': 0.00017332470055033992, 'epoch': 0.14}
{'loss': 2.0968, 'grad_norm': 0.20157350599765778, 'learning_rate': 0.0001732599546778893, 'epoch': 0.14}
{'loss': 2.0153, 'grad_norm': 0.19115838408470154, 'learning_rate': 0.00017319520880543866, 'epoch': 0.14}
{'loss': 1.9531, 'grad_norm': 0.21303901076316833, 'learning_rate': 0.00017313046293298802, 'epoch': 0.14}
{'loss': 1.9952, 'grad_norm': 0.21274593472480774, 'learning_rate': 0.0001730657170605374, 'epoch': 0.14}
{'loss': 2.1071, 'grad_norm': 0.2310367077589035, 'learning_rate': 0.00017300097118808677, 'epoch': 0.14}
{'loss': 1.8533, 'grad_norm': 0.18145345151424408, 'learning_rate': 0.00017293622531563613, 'epoch': 0.14}
{'loss': 1.8064, 'grad_norm': 0.18979252874851227, 'learning_rate': 0.00017287147944318552, 'epoch': 0.14}
{'loss': 2.038, 'grad_norm': 0.2023698389530182, 'learning_rate': 0.00017280673357073488, 'epoch': 0.14}
{'loss': 2.0667, 'grad_norm': 0.20838700234889984, 'learning_rate': 0.00017274198769828424, 'epoch': 0.14}
{'loss': 2.2623, 'grad_norm': 0.1903194636106491, 'learning_rate': 0.0001726772418258336, 'epoch': 0.14}
{'loss': 2.0181, 'grad_norm': 0.23229683935642242, 'learning_rate': 0.00017261249595338298, 'epoch': 0.14}
{'loss': 1.8112, 'grad_norm': 0.19068197906017303, 'learning_rate': 0.00017254775008093237, 'epoch': 0.14}
{'loss': 2.0259, 'grad_norm': 0.193938210606575, 'learning_rate': 0.0001724830042084817, 'epoch': 0.14}
{'loss': 1.8286, 'grad_norm': 0.20399817824363708, 'learning_rate': 0.0001724182583360311, 'epoch': 0.14}
{'loss': 1.8991, 'grad_norm': 0.17995932698249817, 'learning_rate': 0.00017235351246358045, 'epoch': 0.14}
{'loss': 2.0188, 'grad_norm': 0.21938295662403107, 'learning_rate': 0.00017228876659112984, 'epoch': 0.14}
{'loss': 2.0637, 'grad_norm': 0.23191368579864502, 'learning_rate': 0.0001722240207186792, 'epoch': 0.14}
{'loss': 2.0114, 'grad_norm': 0.17952992022037506, 'learning_rate': 0.00017215927484622856, 'epoch': 0.14}
{'loss': 1.8668, 'grad_norm': 0.18777073919773102, 'learning_rate': 0.00017209452897377794, 'epoch': 0.14}
{'loss': 2.1795, 'grad_norm': 0.21145455539226532, 'learning_rate': 0.0001720297831013273, 'epoch': 0.14}
{'loss': 1.9737, 'grad_norm': 0.22606158256530762, 'learning_rate': 0.00017196503722887666, 'epoch': 0.14}
{'loss': 2.0002, 'grad_norm': 0.2026066929101944, 'learning_rate': 0.00017190029135642605, 'epoch': 0.14}
{'loss': 2.0546, 'grad_norm': 0.2025972604751587, 'learning_rate': 0.0001718355454839754, 'epoch': 0.14}
{'loss': 1.9683, 'grad_norm': 0.20876313745975494, 'learning_rate': 0.00017177079961152477, 'epoch': 0.14}
{'loss': 2.3347, 'grad_norm': 0.22617855668067932, 'learning_rate': 0.00017170605373907413, 'epoch': 0.14}
{'loss': 2.0066, 'grad_norm': 0.21798565983772278, 'learning_rate': 0.00017164130786662352, 'epoch': 0.14}
{'loss': 1.8067, 'grad_norm': 0.22836405038833618, 'learning_rate': 0.0001715765619941729, 'epoch': 0.14}
{'loss': 2.0685, 'grad_norm': 0.21721521019935608, 'learning_rate': 0.00017151181612172224, 'epoch': 0.14}
{'loss': 1.9304, 'grad_norm': 0.1850465089082718, 'learning_rate': 0.00017144707024927162, 'epoch': 0.14}
{'loss': 2.029, 'grad_norm': 0.20696301758289337, 'learning_rate': 0.00017138232437682098, 'epoch': 0.14}
{'loss': 1.9795, 'grad_norm': 0.22414545714855194, 'learning_rate': 0.00017131757850437037, 'epoch': 0.15}
{'loss': 1.9365, 'grad_norm': 0.20682166516780853, 'learning_rate': 0.0001712528326319197, 'epoch': 0.15}
{'loss': 2.1171, 'grad_norm': 0.19834519922733307, 'learning_rate': 0.0001711880867594691, 'epoch': 0.15}
{'loss': 2.0928, 'grad_norm': 0.20473356544971466, 'learning_rate': 0.00017112334088701848, 'epoch': 0.15}
{'loss': 2.0497, 'grad_norm': 0.1993432343006134, 'learning_rate': 0.00017105859501456784, 'epoch': 0.15}
{'loss': 1.8043, 'grad_norm': 0.17599645256996155, 'learning_rate': 0.0001709938491421172, 'epoch': 0.15}
{'loss': 2.0365, 'grad_norm': 0.2004464715719223, 'learning_rate': 0.00017092910326966656, 'epoch': 0.15}
{'loss': 1.9427, 'grad_norm': 0.21341079473495483, 'learning_rate': 0.00017086435739721594, 'epoch': 0.15}
{'loss': 1.9267, 'grad_norm': 0.18518586456775665, 'learning_rate': 0.0001707996115247653, 'epoch': 0.15}
{'loss': 1.962, 'grad_norm': 0.2425006628036499, 'learning_rate': 0.00017073486565231466, 'epoch': 0.15}
{'loss': 1.9246, 'grad_norm': 0.22554929554462433, 'learning_rate': 0.00017067011977986405, 'epoch': 0.15}
{'loss': 1.9498, 'grad_norm': 0.21955057978630066, 'learning_rate': 0.0001706053739074134, 'epoch': 0.15}
{'loss': 2.1031, 'grad_norm': 0.21491390466690063, 'learning_rate': 0.00017054062803496277, 'epoch': 0.15}
{'loss': 1.9025, 'grad_norm': 0.20919016003608704, 'learning_rate': 0.00017047588216251216, 'epoch': 0.15}
{'loss': 2.1523, 'grad_norm': 0.17859627306461334, 'learning_rate': 0.00017041113629006152, 'epoch': 0.15} 15%|█▍        | 463/3094 [23:24<2:20:10,  3.20s/it] 15%|█▍        | 464/3094 [23:27<2:16:21,  3.11s/it]                                                     15%|█▍        | 464/3094 [23:27<2:16:21,  3.11s/it] 15%|█▌        | 465/3094 [23:29<2:12:19,  3.02s/it]                                                     15%|█▌        | 465/3094 [23:29<2:12:19,  3.02s/it] 15%|█▌        | 466/3094 [23:33<2:15:03,  3.08s/it]                                                     15%|█▌        | 466/3094 [23:33<2:15:03,  3.08s/it] 15%|█▌        | 467/3094 [23:36<2:15:45,  3.10s/it]                                                     15%|█▌        | 467/3094 [23:36<2:15:45,  3.10s/it] 15%|█▌        | 468/3094 [23:39<2:20:22,  3.21s/it]                                                     15%|█▌        | 468/3094 [23:39<2:20:22,  3.21s/it] 15%|█▌        | 469/3094 [23:43<2:25:16,  3.32s/it]                                                     15%|█▌        | 469/3094 [23:43<2:25:16,  3.32s/it] 15%|█▌        | 470/3094 [23:46<2:17:29,  3.14s/it]                                                     15%|█▌        | 470/3094 [23:46<2:17:29,  3.14s/it] 15%|█▌        | 471/3094 [23:48<2:15:24,  3.10s/it]                                                     15%|█▌        | 471/3094 [23:48<2:15:24,  3.10s/it] 15%|█▌        | 472/3094 [23:52<2:26:30,  3.35s/it]                                                     15%|█▌        | 472/3094 [23:52<2:26:30,  3.35s/it] 15%|█▌        | 473/3094 [23:56<2:23:24,  3.28s/it]                                                     15%|█▌        | 473/3094 [23:56<2:23:24,  3.28s/it] 15%|█▌        | 474/3094 [23:58<2:12:00,  3.02s/it]                                                     15%|█▌        | 474/3094 [23:58<2:12:00,  3.02s/it] 15%|█▌        | 475/3094 [24:02<2:23:57,  3.30s/it]                                                     15%|█▌        | 475/3094 [24:02<2:23:57,  3.30s/it] 15%|█▌        | 476/3094 [24:05<2:19:28,  3.20s/it]                                                     15%|█▌        | 476/3094 [24:05<2:19:28,  3.20s/it] 15%|█▌        | 477/3094 [24:08<2:12:01,  3.03s/it]                                                     15%|█▌        | 477/3094 [24:08<2:12:01,  3.03s/it] 15%|█▌        | 478/3094 [24:11<2:14:58,  3.10s/it]                                                     15%|█▌        | 478/3094 [24:11<2:14:58,  3.10s/it] 15%|█▌        | 479/3094 [24:15<2:23:27,  3.29s/it]                                                     15%|█▌        | 479/3094 [24:15<2:23:27,  3.29s/it] 16%|█▌        | 480/3094 [24:18<2:26:12,  3.36s/it]                                                     16%|█▌        | 480/3094 [24:18<2:26:12,  3.36s/it] 16%|█▌        | 481/3094 [24:21<2:17:10,  3.15s/it]                                                     16%|█▌        | 481/3094 [24:21<2:17:10,  3.15s/it] 16%|█▌        | 482/3094 [24:23<2:11:08,  3.01s/it]                                                     16%|█▌        | 482/3094 [24:23<2:11:08,  3.01s/it] 16%|█▌        | 483/3094 [24:27<2:16:11,  3.13s/it]                                                     16%|█▌        | 483/3094 [24:27<2:16:11,  3.13s/it] 16%|█▌        | 484/3094 [24:30<2:14:19,  3.09s/it]                                                     16%|█▌        | 484/3094 [24:30<2:14:19,  3.09s/it] 16%|█▌        | 485/3094 [24:33<2:11:42,  3.03s/it]                                                     16%|█▌        | 485/3094 [24:33<2:11:42,  3.03s/it] 16%|█▌        | 486/3094 [24:35<2:05:30,  2.89s/it]                                                     16%|█▌        | 486/3094 [24:35<2:05:30,  2.89s/it] 16%|█▌        | 487/3094 [24:38<2:10:11,  3.00s/it]                                                     16%|█▌        | 487/3094 [24:38<2:10:11,  3.00s/it] 16%|█▌        | 488/3094 [24:42<2:14:19,  3.09s/it]                                                     16%|█▌        | 488/3094 [24:42<2:14:19,  3.09s/it] 16%|█▌        | 489/3094 [24:45<2:10:22,  3.00s/it]                                                     16%|█▌        | 489/3094 [24:45<2:10:22,  3.00s/it] 16%|█▌        | 490/3094 [24:48<2:13:04,  3.07s/it]                                                     16%|█▌        | 490/3094 [24:48<2:13:04,  3.07s/it] 16%|█▌        | 491/3094 [24:51<2:14:29,  3.10s/it]                                                     16%|█▌        | 491/3094 [24:51<2:14:29,  3.10s/it] 16%|█▌        | 492/3094 [24:54<2:10:01,  3.00s/it]                                                     16%|█▌        | 492/3094 [24:54<2:10:01,  3.00s/it] 16%|█▌        | 493/3094 [24:58<2:20:02,  3.23s/it]                                                     16%|█▌        | 493/3094 [24:58<2:20:02,  3.23s/it] 16%|█▌        | 494/3094 [25:00<2:16:17,  3.15s/it]                                                     16%|█▌        | 494/3094 [25:00<2:16:17,  3.15s/it] 16%|█▌        | 495/3094 [25:03<2:13:59,  3.09s/it]                                                     16%|█▌        | 495/3094 [25:03<2:13:59,  3.09s/it] 16%|█▌        | 496/3094 [25:07<2:19:21,  3.22s/it]                                                     16%|█▌        | 496/3094 [25:07<2:19:21,  3.22s/it] 16%|█▌        | 497/3094 [25:10<2:19:10,  3.22s/it]                                                     16%|█▌        | 497/3094 [25:10<2:19:10,  3.22s/it] 16%|█▌        | 498/3094 [25:13<2:16:28,  3.15s/it]                                                     16%|█▌        | 498/3094 [25:13<2:16:28,  3.15s/it] 16%|█▌        | 499/3094 [25:16<2:18:01,  3.19s/it]                                                     16%|█▌        | 499/3094 [25:16<2:18:01,  3.19s/it] 16%|█▌        | 500/3094 [25:20<2:17:17,  3.18s/it]                                                     16%|█▌        | 500/3094 [25:20<2:17:17,  3.18s/it] 16%|█▌        | 501/3094 [25:23<2:19:44,  3.23s/it]                                                     16%|█▌        | 501/3094 [25:23<2:19:44,  3.23s/it] 16%|█▌        | 502/3094 [25:26<2:15:49,  3.14s/it]                                                     16%|█▌        | 502/3094 [25:26<2:15:49,  3.14s/it] 16%|█▋        | 503/3094 [25:29<2:12:39,  3.07s/it]                                                     16%|█▋        | 503/3094 [25:29<2:12:39,  3.07s/it] 16%|█▋        | 504/3094 [25:32<2:11:24,  3.04s/it]                                                     16%|█▋        | 504/3094 [25:32<2:11:24,  3.04s/it] 16%|█▋        | 505/3094 [25:35<2:17:54,  3.20s/it]                                                     16%|█▋        | 505/3094 [25:35<2:17:54,  3.20s/it] 16%|█▋        | 506/3094 [25:38<2:16:42,  3.17s/it]                                                     16%|█▋        | 506/3094 [25:38<2:16:42,  3.17s/it] 16%|█▋        | 507/3094 [25:41<2:13:42,  3.10s/it]                                                     16%|█▋        | 507/3094 [25:41<2:13:42,  3.10s/it] 16%|█▋        | 508/3094 [25:45<2:20:08,  3.25s/it]                                                     16%|█▋        | 508/3094 [25:45<2:20:08,  3.25s/it] 16%|█▋        | 509/3094 [25:48<2:18:04,  3.20s/it]                                                     16%|█▋        | 509/3094 [25:48<2:18:04,  3.20s/it] 16%|█▋        | 510/3094 [25:51<2:19:04,  3.23s/it]                                                     16%|█▋        | 510/3094 [25:51<2:19:04,  3.23s/it] 17%|█▋        | 511/3094 [25:55<2:19:43,  3.25s/it]                                                     17%|█▋        | 511/3094 [25:55<2:19:43,  3.25s/it] 17%|█▋        | 512/3094 [25:58<2:15:16,  3.14s/it]                                                     17%|█▋        | 512/3094 [25:58<2:15:16,  3.14s/it] 17%|█▋        | 513/3094 [26:00<2:12:40,  3.08s/it]                                                     17%|█▋        | 513/3094 [26:00<2:12:40,  3.08s/it] 17%|█▋        | 514/3094 [26:04<2:19:19,  3.24s/it]                                                     17%|█▋        | 514/3094 [26:04<2:19:19,  3.24s/it] 17%|█▋        | 515/3094 [26:07<2:16:45,  3.18s/it]                                                     17%|█▋        | 515/3094 [26:07<2:16:45,  3.18s/it] 17%|█▋        | 516/3094 [26:10<2:18:13,  3.22s/it]                                                     17%|█▋        | 516/3094 [26:10<2:18:13,  3.22s/it] 17%|█▋        | 517/3094 [26:13<2:13:15,  3.10s/it]                                                     17%|█▋        | 517/3094 [26:13<2:13:15,  3.10s/it] 17%|█▋        | 518/3094 [26:16<2:11:18,  3.06s/it]                                                     17%|█▋        | 518/3094 [26:16<2:11:18,  3.06s/it] 17%|█▋        | 519/3094 [26:19<2:12:39,  3.09s/it]                                                     17%|█▋        | 519/3094 [26:19<2:12:39,  3.09s/it] 17%|█▋        | 520/3094 [26:22<2:10:59,  3.05s/it]                                                     17%|█▋        | 520/3094 [26:22<2:10:59,  3.05s/it] 17%|█▋        | 521/3094 [26:26<2:13:08,  3.10s/it]                                                     17%|█▋        | 521/3094 [26:26<2:13:08,  3.10s/it] 17%|█▋        | 522/3094 [26:29<2:15:03,  3.15s/it]                                                     17%|█▋        | 522/3094 [26:29<2:15:03,  3.15s/it] 17%|█▋        | 523/3094 [26:32<2:08:46,  3.01s/it]                                                     17%|█▋        | 523/3094 [26:32<2:08:46,  3.01s/it] 17%|█▋        | 524/3094 [26:34<2:08:11,  2.99s/it]                                                     17%|█▋        | 524/3094 [26:34<2:08:11,  2.99s/it] 17%|█▋        | 525/3094 [26:38<2:15:17,  3.16s/it]                                                     17%|█▋        | 525/3094 [26:38<2:15:17,  3.16s/it] 17%|█▋        | 526/3094 [26:41<2:12:28,  3.10s/it]                                                     17%|█▋        | 526/3094 [26:41<2:12:28,  3.10s/it] 17%|█▋        | 527/3094 [26:44<2:14:23,  3.14s/it]                                                     17%|█▋        | 527/3094 [26:44<2:14:23,  3.14s/it] 17%|█▋        | 528/3094 [26:47<2:09:25,  3.03s/it]                                                     17%|█▋        | 528/3094 [26:47<2:09:25,  3.03s/it] 17%|█▋        | 529/3094 [26:50<2:06:05,  2.95s/it]                                                     17%|█▋        | 529/3094 [26:50<2:06:05,  2.95s/it] 17%|█▋        | 530/3094 [26:53<2:06:39,  2.96s/it]                                                     17%|█▋        | 530/3094 [26:53<2:06:39,  2.96s/it] 17%|█▋        | 531/3094 [26:55<2:01:40,  2.85s/it]                                                     17%|█▋        | 531/3094 [26:55<2:01:40,  2.85s/it] 17%|█▋        | 532/3094 [26:58<2:00:13,  2.82s/it]                                                     17%|█▋        | 532/3094 [26:58<2:00:13,  2.82s/it] 17%|█▋        | 533/3094 [27:01<2:02:17,  2.86s/it]                                                     17%|█▋        | 533/3094 [27:01<2:02:17,  2.86s/it] 17%|█▋        | 534/3094 [27:04<2:03:02,  2.88s/it]                                                     17%|█▋        | 534/3094 [27:04<2:03:02,  2.88s/it] 17%|█▋        | 535/3094 [27:07<2:00:14,  2.82s/it]                                                     17%|█▋        | 535/3094 [27:07<2:00:14,  2.82s/it] 17%|█▋        | 536/3094 [27:09<1:58:48,  2.79s/it]                                                     17%|█▋        | 536/3094 [27:09<1:58:48,  2.79s/it] 17%|█▋        | 537/3094 [27:12<1:54:16,  2.68s/it]                                                     17%|█▋        | 537/3094 [27:12<1:54:16,  2.68s/it] 17%|█▋        | 538/3094 [27:14<1:50:59,  2.61s/it]                                                     17%|█▋        | 538/3094 [27:14<1:50:59,  2.61s/it] 17%|█▋        | 539/3094 [27:17<1:53:30,  2.67s/it]                                                     17%|█▋        | 539/3094 [27:17<1:53:30,  2.67s/it] 17%|█▋        | 540/3094 [27:20<1:53:39,  2.67s/it]                                                    
{'loss': 2.0844, 'grad_norm': 0.203623428940773, 'learning_rate': 0.00017034639041761088, 'epoch': 0.15}
{'loss': 1.8485, 'grad_norm': 0.2055601328611374, 'learning_rate': 0.00017028164454516024, 'epoch': 0.15}
{'loss': 2.004, 'grad_norm': 0.21422342956066132, 'learning_rate': 0.00017021689867270962, 'epoch': 0.15}
{'loss': 1.9466, 'grad_norm': 0.19575805962085724, 'learning_rate': 0.000170152152800259, 'epoch': 0.15}
{'loss': 2.0773, 'grad_norm': 0.21160387992858887, 'learning_rate': 0.00017008740692780834, 'epoch': 0.15}
{'loss': 1.8246, 'grad_norm': 0.19202908873558044, 'learning_rate': 0.00017002266105535773, 'epoch': 0.15}
{'loss': 2.2373, 'grad_norm': 0.23069855570793152, 'learning_rate': 0.0001699579151829071, 'epoch': 0.15}
{'loss': 1.9572, 'grad_norm': 0.20076748728752136, 'learning_rate': 0.00016989316931045648, 'epoch': 0.15}
{'loss': 1.6497, 'grad_norm': 0.16199377179145813, 'learning_rate': 0.00016982842343800584, 'epoch': 0.15}
{'loss': 2.2197, 'grad_norm': 0.21122534573078156, 'learning_rate': 0.0001697636775655552, 'epoch': 0.15}
{'loss': 2.0565, 'grad_norm': 0.23029910027980804, 'learning_rate': 0.00016969893169310458, 'epoch': 0.15}
{'loss': 1.6365, 'grad_norm': 0.17854121327400208, 'learning_rate': 0.00016963418582065394, 'epoch': 0.15}
{'loss': 1.7568, 'grad_norm': 0.19939100742340088, 'learning_rate': 0.0001695694399482033, 'epoch': 0.15}
{'loss': 1.9417, 'grad_norm': 0.24258030951023102, 'learning_rate': 0.00016950469407575266, 'epoch': 0.15}
{'loss': 2.0547, 'grad_norm': 0.1965804398059845, 'learning_rate': 0.00016943994820330205, 'epoch': 0.15}
{'loss': 1.7524, 'grad_norm': 0.17878657579421997, 'learning_rate': 0.0001693752023308514, 'epoch': 0.15}
{'loss': 1.8958, 'grad_norm': 0.18326124548912048, 'learning_rate': 0.00016931045645840077, 'epoch': 0.16}
{'loss': 1.8754, 'grad_norm': 0.2276754081249237, 'learning_rate': 0.00016924571058595016, 'epoch': 0.16}
{'loss': 2.1163, 'grad_norm': 0.21634027361869812, 'learning_rate': 0.00016918096471349952, 'epoch': 0.16}
{'loss': 2.1753, 'grad_norm': 0.22293177247047424, 'learning_rate': 0.00016911621884104888, 'epoch': 0.16}
{'loss': 1.8994, 'grad_norm': 0.2366696000099182, 'learning_rate': 0.00016905147296859826, 'epoch': 0.16}
{'loss': 2.1605, 'grad_norm': 0.20695292949676514, 'learning_rate': 0.00016898672709614762, 'epoch': 0.16}
{'loss': 2.0178, 'grad_norm': 0.22397901117801666, 'learning_rate': 0.000168921981223697, 'epoch': 0.16}
{'loss': 1.884, 'grad_norm': 0.19994118809700012, 'learning_rate': 0.00016885723535124634, 'epoch': 0.16}
{'loss': 1.8833, 'grad_norm': 0.19310761988162994, 'learning_rate': 0.00016879248947879573, 'epoch': 0.16}
{'loss': 2.061, 'grad_norm': 0.21438057720661163, 'learning_rate': 0.00016872774360634512, 'epoch': 0.16}
{'loss': 2.1065, 'grad_norm': 0.19932381808757782, 'learning_rate': 0.00016866299773389448, 'epoch': 0.16}
{'loss': 2.0282, 'grad_norm': 0.18574154376983643, 'learning_rate': 0.00016859825186144384, 'epoch': 0.16}
{'loss': 1.8946, 'grad_norm': 0.21288305521011353, 'learning_rate': 0.0001685335059889932, 'epoch': 0.16}
{'loss': 1.8845, 'grad_norm': 0.1941480189561844, 'learning_rate': 0.00016846876011654258, 'epoch': 0.16}
{'loss': 1.777, 'grad_norm': 0.20983333885669708, 'learning_rate': 0.00016840401424409194, 'epoch': 0.16}
{'loss': 1.9228, 'grad_norm': 0.2326856106519699, 'learning_rate': 0.0001683392683716413, 'epoch': 0.16}
{'loss': 1.9495, 'grad_norm': 0.19527468085289001, 'learning_rate': 0.0001682745224991907, 'epoch': 0.16}
{'loss': 2.2161, 'grad_norm': 0.19218093156814575, 'learning_rate': 0.00016820977662674005, 'epoch': 0.16}
{'loss': 2.0409, 'grad_norm': 0.2161833494901657, 'learning_rate': 0.0001681450307542894, 'epoch': 0.16}
{'loss': 2.1289, 'grad_norm': 0.19220149517059326, 'learning_rate': 0.0001680802848818388, 'epoch': 0.16}
{'loss': 1.8403, 'grad_norm': 0.19182640314102173, 'learning_rate': 0.00016801553900938816, 'epoch': 0.16}
{'loss': 2.1134, 'grad_norm': 0.201411172747612, 'learning_rate': 0.00016795079313693755, 'epoch': 0.16}
{'loss': 1.942, 'grad_norm': 0.20382392406463623, 'learning_rate': 0.00016788604726448688, 'epoch': 0.16}
{'loss': 1.9793, 'grad_norm': 0.22107185423374176, 'learning_rate': 0.00016782130139203627, 'epoch': 0.16}
{'loss': 1.9576, 'grad_norm': 0.18890480697155, 'learning_rate': 0.00016775655551958565, 'epoch': 0.16}
{'loss': 1.9089, 'grad_norm': 0.19401633739471436, 'learning_rate': 0.000167691809647135, 'epoch': 0.16}
{'loss': 2.0215, 'grad_norm': 0.20045672357082367, 'learning_rate': 0.00016762706377468437, 'epoch': 0.16}
{'loss': 2.3028, 'grad_norm': 0.20861637592315674, 'learning_rate': 0.00016756231790223373, 'epoch': 0.16}
{'loss': 1.8366, 'grad_norm': 0.17308534681797028, 'learning_rate': 0.00016749757202978312, 'epoch': 0.16}
{'loss': 1.9186, 'grad_norm': 0.2076045274734497, 'learning_rate': 0.00016743282615733248, 'epoch': 0.16}
{'loss': 2.0707, 'grad_norm': 0.1978834569454193, 'learning_rate': 0.00016736808028488184, 'epoch': 0.16}
{'loss': 1.8923, 'grad_norm': 0.1889507919549942, 'learning_rate': 0.00016730333441243123, 'epoch': 0.17}
{'loss': 2.1449, 'grad_norm': 0.208319291472435, 'learning_rate': 0.00016723858853998059, 'epoch': 0.17}
{'loss': 1.8126, 'grad_norm': 0.2139001339673996, 'learning_rate': 0.00016717384266752995, 'epoch': 0.17}
{'loss': 2.0234, 'grad_norm': 0.1861073523759842, 'learning_rate': 0.0001671090967950793, 'epoch': 0.17}
{'loss': 2.0424, 'grad_norm': 0.20961830019950867, 'learning_rate': 0.0001670443509226287, 'epoch': 0.17}
{'loss': 1.9893, 'grad_norm': 0.192808598279953, 'learning_rate': 0.00016697960505017808, 'epoch': 0.17}
{'loss': 1.7812, 'grad_norm': 0.19488082826137543, 'learning_rate': 0.0001669148591777274, 'epoch': 0.17}
{'loss': 1.8106, 'grad_norm': 0.19376741349697113, 'learning_rate': 0.0001668501133052768, 'epoch': 0.17}
{'loss': 1.8959, 'grad_norm': 0.20864255726337433, 'learning_rate': 0.00016678536743282616, 'epoch': 0.17}
{'loss': 2.1259, 'grad_norm': 0.2264949083328247, 'learning_rate': 0.00016672062156037555, 'epoch': 0.17}
{'loss': 1.837, 'grad_norm': 0.20135396718978882, 'learning_rate': 0.0001666558756879249, 'epoch': 0.17}
{'loss': 2.0068, 'grad_norm': 0.19203002750873566, 'learning_rate': 0.00016659112981547427, 'epoch': 0.17}
{'loss': 1.9961, 'grad_norm': 0.21416908502578735, 'learning_rate': 0.00016652638394302365, 'epoch': 0.17}
{'loss': 1.8957, 'grad_norm': 0.2059461772441864, 'learning_rate': 0.000166461638070573, 'epoch': 0.17}
{'loss': 1.8621, 'grad_norm': 0.1677924245595932, 'learning_rate': 0.00016639689219812237, 'epoch': 0.17}
{'loss': 1.9376, 'grad_norm': 0.18409274518489838, 'learning_rate': 0.00016633214632567176, 'epoch': 0.17}
{'loss': 1.8801, 'grad_norm': 0.23147282004356384, 'learning_rate': 0.00016626740045322112, 'epoch': 0.17}
{'loss': 1.9222, 'grad_norm': 0.1955321729183197, 'learning_rate': 0.00016620265458077048, 'epoch': 0.17}
{'loss': 1.9961, 'grad_norm': 0.20796658098697662, 'learning_rate': 0.00016613790870831984, 'epoch': 0.17}
{'loss': 2.0624, 'grad_norm': 0.1959172785282135, 'learning_rate': 0.00016607316283586923, 'epoch': 0.17}
{'loss': 2.1263, 'grad_norm': 0.21103952825069427, 'learning_rate': 0.0001660084169634186, 'epoch': 0.17}
{'loss': 2.2555, 'grad_norm': 0.24594925343990326, 'learning_rate': 0.00016594367109096795, 'epoch': 0.17}
{'loss': 1.9621, 'grad_norm': 0.20673725008964539, 'learning_rate': 0.00016587892521851733, 'epoch': 0.17}
{'loss': 2.1378, 'grad_norm': 0.2099728137254715, 'learning_rate': 0.0001658141793460667, 'epoch': 0.17}
{'loss': 2.0825, 'grad_norm': 0.21018217504024506, 'learning_rate': 0.00016574943347361608, 'epoch': 0.17}
{'loss': 2.0467, 'grad_norm': 0.26830509305000305, 'learning_rate': 0.0001656846876011654, 'epoch': 0.17}
{'loss': 2.024, 'grad_norm': 0.24451664090156555, 'learning_rate': 0.0001656199417287148, 'epoch': 0.17}
{'loss': 1.8484, 'grad_norm': 0.21569184958934784, 'learning_rate': 0.0001655551958562642, 'epoch': 0.17}
{'loss': 2.1014, 'grad_norm': 0.2381346970796585, 'learning_rate': 0.00016549044998381355, 'epoch': 0.17}
{'loss': 2.1339, 'grad_norm': 0.2164391428232193, 'learning_rate': 0.0001654257041113629, 'epoch': 0.17} 17%|█▋        | 540/3094 [27:20<1:53:39,  2.67s/it] 17%|█▋        | 541/3094 [27:23<2:01:10,  2.85s/it]                                                     17%|█▋        | 541/3094 [27:23<2:01:10,  2.85s/it] 18%|█▊        | 542/3094 [27:26<2:07:11,  2.99s/it]                                                     18%|█▊        | 542/3094 [27:26<2:07:11,  2.99s/it] 18%|█▊        | 543/3094 [27:30<2:10:38,  3.07s/it]                                                     18%|█▊        | 543/3094 [27:30<2:10:38,  3.07s/it] 18%|█▊        | 544/3094 [27:33<2:10:20,  3.07s/it]                                                     18%|█▊        | 544/3094 [27:33<2:10:20,  3.07s/it] 18%|█▊        | 545/3094 [27:35<2:06:11,  2.97s/it]                                                     18%|█▊        | 545/3094 [27:35<2:06:11,  2.97s/it] 18%|█▊        | 546/3094 [27:39<2:09:48,  3.06s/it]                                                     18%|█▊        | 546/3094 [27:39<2:09:48,  3.06s/it] 18%|█▊        | 547/3094 [27:42<2:19:40,  3.29s/it]                                                     18%|█▊        | 547/3094 [27:42<2:19:40,  3.29s/it] 18%|█▊        | 548/3094 [27:45<2:12:46,  3.13s/it]                                                     18%|█▊        | 548/3094 [27:45<2:12:46,  3.13s/it] 18%|█▊        | 549/3094 [27:48<2:04:30,  2.94s/it]                                                     18%|█▊        | 549/3094 [27:48<2:04:30,  2.94s/it] 18%|█▊        | 550/3094 [27:50<2:00:03,  2.83s/it]                                                     18%|█▊        | 550/3094 [27:50<2:00:03,  2.83s/it] 18%|█▊        | 551/3094 [27:53<2:00:27,  2.84s/it]                                                     18%|█▊        | 551/3094 [27:53<2:00:27,  2.84s/it] 18%|█▊        | 552/3094 [27:56<2:00:30,  2.84s/it]                                                     18%|█▊        | 552/3094 [27:56<2:00:30,  2.84s/it] 18%|█▊        | 553/3094 [27:59<1:59:48,  2.83s/it]                                                     18%|█▊        | 553/3094 [27:59<1:59:48,  2.83s/it] 18%|█▊        | 554/3094 [28:02<2:09:16,  3.05s/it]                                                     18%|█▊        | 554/3094 [28:02<2:09:16,  3.05s/it] 18%|█▊        | 555/3094 [28:05<2:09:17,  3.06s/it]                                                     18%|█▊        | 555/3094 [28:05<2:09:17,  3.06s/it] 18%|█▊        | 556/3094 [28:09<2:11:15,  3.10s/it]                                                     18%|█▊        | 556/3094 [28:09<2:11:15,  3.10s/it] 18%|█▊        | 557/3094 [28:13<2:28:22,  3.51s/it]                                                     18%|█▊        | 557/3094 [28:13<2:28:22,  3.51s/it] 18%|█▊        | 558/3094 [28:16<2:15:02,  3.19s/it]                                                     18%|█▊        | 558/3094 [28:16<2:15:02,  3.19s/it] 18%|█▊        | 559/3094 [28:18<2:09:07,  3.06s/it]                                                     18%|█▊        | 559/3094 [28:18<2:09:07,  3.06s/it] 18%|█▊        | 560/3094 [28:22<2:14:28,  3.18s/it]                                                     18%|█▊        | 560/3094 [28:22<2:14:28,  3.18s/it] 18%|█▊        | 561/3094 [28:25<2:10:49,  3.10s/it]                                                     18%|█▊        | 561/3094 [28:25<2:10:49,  3.10s/it] 18%|█▊        | 562/3094 [28:28<2:07:51,  3.03s/it]                                                     18%|█▊        | 562/3094 [28:28<2:07:51,  3.03s/it] 18%|█▊        | 563/3094 [28:31<2:08:48,  3.05s/it]                                                     18%|█▊        | 563/3094 [28:31<2:08:48,  3.05s/it] 18%|█▊        | 564/3094 [28:33<2:02:16,  2.90s/it]                                                     18%|█▊        | 564/3094 [28:33<2:02:16,  2.90s/it] 18%|█▊        | 565/3094 [28:37<2:11:22,  3.12s/it]                                                     18%|█▊        | 565/3094 [28:37<2:11:22,  3.12s/it] 18%|█▊        | 566/3094 [28:40<2:08:20,  3.05s/it]                                                     18%|█▊        | 566/3094 [28:40<2:08:20,  3.05s/it] 18%|█▊        | 567/3094 [28:43<2:08:40,  3.06s/it]                                                     18%|█▊        | 567/3094 [28:43<2:08:40,  3.06s/it] 18%|█▊        | 568/3094 [28:46<2:14:40,  3.20s/it]                                                     18%|█▊        | 568/3094 [28:46<2:14:40,  3.20s/it] 18%|█▊        | 569/3094 [28:50<2:16:32,  3.24s/it]                                                     18%|█▊        | 569/3094 [28:50<2:16:32,  3.24s/it] 18%|█▊        | 570/3094 [28:52<2:10:54,  3.11s/it]                                                     18%|█▊        | 570/3094 [28:52<2:10:54,  3.11s/it] 18%|█▊        | 571/3094 [28:55<2:08:38,  3.06s/it]                                                     18%|█▊        | 571/3094 [28:55<2:08:38,  3.06s/it] 18%|█▊        | 572/3094 [28:58<2:03:25,  2.94s/it]                                                     18%|█▊        | 572/3094 [28:58<2:03:25,  2.94s/it] 19%|█▊        | 573/3094 [29:01<2:04:50,  2.97s/it]                                                     19%|█▊        | 573/3094 [29:01<2:04:50,  2.97s/it] 19%|█▊        | 574/3094 [29:04<2:07:02,  3.02s/it]                                                     19%|█▊        | 574/3094 [29:04<2:07:02,  3.02s/it] 19%|█▊        | 575/3094 [29:07<2:01:08,  2.89s/it]                                                     19%|█▊        | 575/3094 [29:07<2:01:08,  2.89s/it] 19%|█▊        | 576/3094 [29:10<2:02:58,  2.93s/it]                                                     19%|█▊        | 576/3094 [29:10<2:02:58,  2.93s/it] 19%|█▊        | 577/3094 [29:13<2:03:43,  2.95s/it]                                                     19%|█▊        | 577/3094 [29:13<2:03:43,  2.95s/it] 19%|█▊        | 578/3094 [29:16<2:01:58,  2.91s/it]                                                     19%|█▊        | 578/3094 [29:16<2:01:58,  2.91s/it] 19%|█▊        | 579/3094 [29:19<2:07:06,  3.03s/it]                                                     19%|█▊        | 579/3094 [29:19<2:07:06,  3.03s/it] 19%|█▊        | 580/3094 [29:22<2:08:18,  3.06s/it]                                                     19%|█▊        | 580/3094 [29:22<2:08:18,  3.06s/it] 19%|█▉        | 581/3094 [29:26<2:14:11,  3.20s/it]                                                     19%|█▉        | 581/3094 [29:26<2:14:11,  3.20s/it] 19%|█▉        | 582/3094 [29:29<2:10:43,  3.12s/it]                                                     19%|█▉        | 582/3094 [29:29<2:10:43,  3.12s/it] 19%|█▉        | 583/3094 [29:32<2:13:57,  3.20s/it]                                                     19%|█▉        | 583/3094 [29:32<2:13:57,  3.20s/it] 19%|█▉        | 584/3094 [29:35<2:16:46,  3.27s/it]                                                     19%|█▉        | 584/3094 [29:35<2:16:46,  3.27s/it] 19%|█▉        | 585/3094 [29:39<2:18:37,  3.32s/it]                                                     19%|█▉        | 585/3094 [29:39<2:18:37,  3.32s/it] 19%|█▉        | 586/3094 [29:42<2:14:18,  3.21s/it]                                                     19%|█▉        | 586/3094 [29:42<2:14:18,  3.21s/it] 19%|█▉        | 587/3094 [29:45<2:14:10,  3.21s/it]                                                     19%|█▉        | 587/3094 [29:45<2:14:10,  3.21s/it] 19%|█▉        | 588/3094 [29:48<2:07:48,  3.06s/it]                                                     19%|█▉        | 588/3094 [29:48<2:07:48,  3.06s/it] 19%|█▉        | 589/3094 [29:51<2:08:49,  3.09s/it]                                                     19%|█▉        | 589/3094 [29:51<2:08:49,  3.09s/it] 19%|█▉        | 590/3094 [29:54<2:08:09,  3.07s/it]                                                     19%|█▉        | 590/3094 [29:54<2:08:09,  3.07s/it] 19%|█▉        | 591/3094 [29:57<2:05:13,  3.00s/it]                                                     19%|█▉        | 591/3094 [29:57<2:05:13,  3.00s/it] 19%|█▉        | 592/3094 [29:59<2:00:48,  2.90s/it]                                                     19%|█▉        | 592/3094 [29:59<2:00:48,  2.90s/it] 19%|█▉        | 593/3094 [30:02<1:58:33,  2.84s/it]                                                     19%|█▉        | 593/3094 [30:02<1:58:33,  2.84s/it] 19%|█▉        | 594/3094 [30:05<2:01:41,  2.92s/it]                                                     19%|█▉        | 594/3094 [30:05<2:01:41,  2.92s/it] 19%|█▉        | 595/3094 [30:09<2:08:27,  3.08s/it]                                                     19%|█▉        | 595/3094 [30:09<2:08:27,  3.08s/it] 19%|█▉        | 596/3094 [30:11<2:03:03,  2.96s/it]                                                     19%|█▉        | 596/3094 [30:11<2:03:03,  2.96s/it] 19%|█▉        | 597/3094 [30:14<2:03:35,  2.97s/it]                                                     19%|█▉        | 597/3094 [30:14<2:03:35,  2.97s/it] 19%|█▉        | 598/3094 [30:17<2:01:19,  2.92s/it]                                                     19%|█▉        | 598/3094 [30:17<2:01:19,  2.92s/it] 19%|█▉        | 599/3094 [30:20<1:59:32,  2.87s/it]                                                     19%|█▉        | 599/3094 [30:20<1:59:32,  2.87s/it] 19%|█▉        | 600/3094 [30:22<1:55:37,  2.78s/it]                                                     19%|█▉        | 600/3094 [30:22<1:55:37,  2.78s/it] 19%|█▉        | 601/3094 [30:25<1:53:32,  2.73s/it]                                                     19%|█▉        | 601/3094 [30:25<1:53:32,  2.73s/it] 19%|█▉        | 602/3094 [30:28<2:01:37,  2.93s/it]                                                     19%|█▉        | 602/3094 [30:28<2:01:37,  2.93s/it] 19%|█▉        | 603/3094 [30:31<1:54:38,  2.76s/it]                                                     19%|█▉        | 603/3094 [30:31<1:54:38,  2.76s/it] 20%|█▉        | 604/3094 [30:35<2:07:55,  3.08s/it]                                                     20%|█▉        | 604/3094 [30:35<2:07:55,  3.08s/it] 20%|█▉        | 605/3094 [30:37<2:02:33,  2.95s/it]                                                     20%|█▉        | 605/3094 [30:37<2:02:33,  2.95s/it] 20%|█▉        | 606/3094 [30:40<1:57:46,  2.84s/it]                                                     20%|█▉        | 606/3094 [30:40<1:57:46,  2.84s/it] 20%|█▉        | 607/3094 [30:43<2:02:09,  2.95s/it]                                                     20%|█▉        | 607/3094 [30:43<2:02:09,  2.95s/it] 20%|█▉        | 608/3094 [30:46<1:57:58,  2.85s/it]                                                     20%|█▉        | 608/3094 [30:46<1:57:58,  2.85s/it] 20%|█▉        | 609/3094 [30:49<2:02:22,  2.95s/it]                                                     20%|█▉        | 609/3094 [30:49<2:02:22,  2.95s/it] 20%|█▉        | 610/3094 [30:52<2:01:41,  2.94s/it]                                                     20%|█▉        | 610/3094 [30:52<2:01:41,  2.94s/it] 20%|█▉        | 611/3094 [30:55<2:01:50,  2.94s/it]                                                     20%|█▉        | 611/3094 [30:55<2:01:50,  2.94s/it] 20%|█▉        | 612/3094 [30:57<1:57:34,  2.84s/it]                                                     20%|█▉        | 612/3094 [30:57<1:57:34,  2.84s/it] 20%|█▉        | 613/3094 [31:01<2:04:56,  3.02s/it]                                                     20%|█▉        | 613/3094 [31:01<2:04:56,  3.02s/it] 20%|█▉        | 614/3094 [31:04<2:06:30,  3.06s/it]                                                     20%|█▉        | 614/3094 [31:04<2:06:30,  3.06s/it] 20%|█▉        | 615/3094 [31:07<2:02:52,  2.97s/it]                                                     20%|█▉        | 615/3094 [31:07<2:02:52,  2.97s/it] 20%|█▉        | 616/3094 [31:10<2:04:19,  3.01s/it]                                                     20%|█▉        | 616/3094 [31:10<2:04:19,  3.01s/it] 20%|█▉        | 617/3094 [31:12<1:59:05,  2.88s/it]                                                    
{'loss': 2.0585, 'grad_norm': 0.19957630336284637, 'learning_rate': 0.00016536095823891227, 'epoch': 0.17}
{'loss': 2.025, 'grad_norm': 0.19955971837043762, 'learning_rate': 0.00016529621236646165, 'epoch': 0.18}
{'loss': 1.8732, 'grad_norm': 0.18297621607780457, 'learning_rate': 0.000165231466494011, 'epoch': 0.18}
{'loss': 1.7381, 'grad_norm': 0.2007674276828766, 'learning_rate': 0.00016516672062156037, 'epoch': 0.18}
{'loss': 1.9743, 'grad_norm': 0.24032197892665863, 'learning_rate': 0.00016510197474910976, 'epoch': 0.18}
{'loss': 1.9207, 'grad_norm': 0.19223831593990326, 'learning_rate': 0.00016503722887665912, 'epoch': 0.18}
{'loss': 1.7602, 'grad_norm': 0.17619767785072327, 'learning_rate': 0.00016497248300420848, 'epoch': 0.18}
{'loss': 1.8273, 'grad_norm': 0.2193375676870346, 'learning_rate': 0.00016490773713175787, 'epoch': 0.18}
{'loss': 2.086, 'grad_norm': 0.2638217806816101, 'learning_rate': 0.00016484299125930723, 'epoch': 0.18}
{'loss': 2.168, 'grad_norm': 0.21784690022468567, 'learning_rate': 0.0001647782453868566, 'epoch': 0.18}
{'loss': 2.0301, 'grad_norm': 0.19217424094676971, 'learning_rate': 0.00016471349951440595, 'epoch': 0.18}
{'loss': 2.367, 'grad_norm': 0.2548671066761017, 'learning_rate': 0.00016464875364195533, 'epoch': 0.18}
{'loss': 2.0824, 'grad_norm': 0.22483152151107788, 'learning_rate': 0.00016458400776950472, 'epoch': 0.18}
{'loss': 1.9833, 'grad_norm': 0.1890968680381775, 'learning_rate': 0.00016451926189705405, 'epoch': 0.18}
{'loss': 1.8768, 'grad_norm': 0.188479483127594, 'learning_rate': 0.00016445451602460344, 'epoch': 0.18}
{'loss': 1.9431, 'grad_norm': 0.19369474053382874, 'learning_rate': 0.0001643897701521528, 'epoch': 0.18}
{'loss': 1.8901, 'grad_norm': 0.1900620013475418, 'learning_rate': 0.0001643250242797022, 'epoch': 0.18}
{'loss': 1.99, 'grad_norm': 0.2155575305223465, 'learning_rate': 0.00016426027840725155, 'epoch': 0.18}
{'loss': 1.8346, 'grad_norm': 0.20276322960853577, 'learning_rate': 0.0001641955325348009, 'epoch': 0.18}
{'loss': 2.1368, 'grad_norm': 0.21511678397655487, 'learning_rate': 0.0001641307866623503, 'epoch': 0.18}
{'loss': 2.0402, 'grad_norm': 0.2192036360502243, 'learning_rate': 0.00016406604078989965, 'epoch': 0.18}
{'loss': 2.0259, 'grad_norm': 0.2253728210926056, 'learning_rate': 0.00016400129491744901, 'epoch': 0.18}
{'loss': 2.017, 'grad_norm': 0.2061212807893753, 'learning_rate': 0.0001639365490449984, 'epoch': 0.18}
{'loss': 1.9905, 'grad_norm': 0.24252165853977203, 'learning_rate': 0.00016387180317254776, 'epoch': 0.18}
{'loss': 2.0385, 'grad_norm': 0.19572532176971436, 'learning_rate': 0.00016380705730009712, 'epoch': 0.18}
{'loss': 1.8736, 'grad_norm': 0.19941340386867523, 'learning_rate': 0.00016374231142764648, 'epoch': 0.18}
{'loss': 1.9472, 'grad_norm': 0.2109604775905609, 'learning_rate': 0.00016367756555519587, 'epoch': 0.18}
{'loss': 1.898, 'grad_norm': 0.20982925593852997, 'learning_rate': 0.00016361281968274523, 'epoch': 0.18}
{'loss': 2.1454, 'grad_norm': 0.19517336785793304, 'learning_rate': 0.0001635480738102946, 'epoch': 0.18}
{'loss': 2.1212, 'grad_norm': 0.23282985389232635, 'learning_rate': 0.00016348332793784397, 'epoch': 0.18}
{'loss': 2.1598, 'grad_norm': 0.19645044207572937, 'learning_rate': 0.00016341858206539333, 'epoch': 0.18}
{'loss': 2.0152, 'grad_norm': 0.23584356904029846, 'learning_rate': 0.00016335383619294272, 'epoch': 0.18}
{'loss': 1.9373, 'grad_norm': 0.19264209270477295, 'learning_rate': 0.00016328909032049205, 'epoch': 0.19}
{'loss': 1.8699, 'grad_norm': 0.1949385404586792, 'learning_rate': 0.00016322434444804144, 'epoch': 0.19}
{'loss': 2.08, 'grad_norm': 0.22445669770240784, 'learning_rate': 0.00016315959857559083, 'epoch': 0.19}
{'loss': 2.1149, 'grad_norm': 0.226627916097641, 'learning_rate': 0.0001630948527031402, 'epoch': 0.19}
{'loss': 1.9641, 'grad_norm': 0.21758680045604706, 'learning_rate': 0.00016303010683068955, 'epoch': 0.19}
{'loss': 1.9145, 'grad_norm': 0.24106961488723755, 'learning_rate': 0.0001629653609582389, 'epoch': 0.19}
{'loss': 2.0096, 'grad_norm': 0.20499257743358612, 'learning_rate': 0.0001629006150857883, 'epoch': 0.19}
{'loss': 2.0689, 'grad_norm': 0.2061716914176941, 'learning_rate': 0.00016283586921333765, 'epoch': 0.19}
{'loss': 1.9637, 'grad_norm': 0.20903632044792175, 'learning_rate': 0.00016277112334088701, 'epoch': 0.19}
{'loss': 1.8327, 'grad_norm': 0.20488405227661133, 'learning_rate': 0.0001627063774684364, 'epoch': 0.19}
{'loss': 1.8533, 'grad_norm': 0.18131685256958008, 'learning_rate': 0.00016264163159598576, 'epoch': 0.19}
{'loss': 1.9999, 'grad_norm': 0.1826644390821457, 'learning_rate': 0.00016257688572353512, 'epoch': 0.19}
{'loss': 2.1331, 'grad_norm': 0.2084915041923523, 'learning_rate': 0.0001625121398510845, 'epoch': 0.19}
{'loss': 1.968, 'grad_norm': 0.21927805244922638, 'learning_rate': 0.00016244739397863387, 'epoch': 0.19}
{'loss': 2.1402, 'grad_norm': 0.22512869536876678, 'learning_rate': 0.00016238264810618325, 'epoch': 0.19}
{'loss': 2.0618, 'grad_norm': 0.21521541476249695, 'learning_rate': 0.0001623179022337326, 'epoch': 0.19}
{'loss': 1.9125, 'grad_norm': 0.19148176908493042, 'learning_rate': 0.00016225315636128197, 'epoch': 0.19}
{'loss': 2.1798, 'grad_norm': 0.193462073802948, 'learning_rate': 0.00016218841048883136, 'epoch': 0.19}
{'loss': 2.2874, 'grad_norm': 0.2040252983570099, 'learning_rate': 0.00016212366461638072, 'epoch': 0.19}
{'loss': 1.9842, 'grad_norm': 0.20772728323936462, 'learning_rate': 0.00016205891874393008, 'epoch': 0.19}
{'loss': 1.8267, 'grad_norm': 0.19502267241477966, 'learning_rate': 0.00016199417287147944, 'epoch': 0.19}
{'loss': 2.0414, 'grad_norm': 0.19343407452106476, 'learning_rate': 0.00016192942699902883, 'epoch': 0.19}
{'loss': 1.9528, 'grad_norm': 0.18363060057163239, 'learning_rate': 0.0001618646811265782, 'epoch': 0.19}
{'loss': 2.085, 'grad_norm': 0.23405763506889343, 'learning_rate': 0.00016179993525412755, 'epoch': 0.19}
{'loss': 1.765, 'grad_norm': 0.23320713639259338, 'learning_rate': 0.00016173518938167693, 'epoch': 0.19}
{'loss': 1.8396, 'grad_norm': 0.20734940469264984, 'learning_rate': 0.0001616704435092263, 'epoch': 0.19}
{'loss': 1.983, 'grad_norm': 0.20758768916130066, 'learning_rate': 0.00016160569763677565, 'epoch': 0.19}
{'loss': 2.2232, 'grad_norm': 0.23732085525989532, 'learning_rate': 0.00016154095176432501, 'epoch': 0.19}
{'loss': 1.9846, 'grad_norm': 0.21974945068359375, 'learning_rate': 0.0001614762058918744, 'epoch': 0.19}
{'loss': 1.9358, 'grad_norm': 0.20568954944610596, 'learning_rate': 0.0001614114600194238, 'epoch': 0.19}
{'loss': 2.1285, 'grad_norm': 0.22822126746177673, 'learning_rate': 0.00016134671414697312, 'epoch': 0.19}
{'loss': 2.0983, 'grad_norm': 0.2222752869129181, 'learning_rate': 0.0001612819682745225, 'epoch': 0.2}
{'loss': 2.0012, 'grad_norm': 0.20449860394001007, 'learning_rate': 0.00016121722240207187, 'epoch': 0.2}
{'loss': 2.021, 'grad_norm': 0.20499806106090546, 'learning_rate': 0.00016115247652962126, 'epoch': 0.2}
{'loss': 2.1141, 'grad_norm': 0.18562310934066772, 'learning_rate': 0.00016108773065717062, 'epoch': 0.2}
{'loss': 1.9658, 'grad_norm': 0.1980724036693573, 'learning_rate': 0.00016102298478471998, 'epoch': 0.2}
{'loss': 1.8005, 'grad_norm': 0.1805362105369568, 'learning_rate': 0.00016095823891226936, 'epoch': 0.2}
{'loss': 2.0075, 'grad_norm': 0.19128058850765228, 'learning_rate': 0.00016089349303981872, 'epoch': 0.2}
{'loss': 1.8298, 'grad_norm': 0.19738323986530304, 'learning_rate': 0.00016082874716736808, 'epoch': 0.2}
{'loss': 2.2533, 'grad_norm': 0.21609525382518768, 'learning_rate': 0.00016076400129491747, 'epoch': 0.2}
{'loss': 2.0148, 'grad_norm': 0.20241327583789825, 'learning_rate': 0.00016069925542246683, 'epoch': 0.2}
{'loss': 1.982, 'grad_norm': 0.19056177139282227, 'learning_rate': 0.0001606345095500162, 'epoch': 0.2}
{'loss': 2.0082, 'grad_norm': 0.2215837687253952, 'learning_rate': 0.00016056976367756555, 'epoch': 0.2}
{'loss': 2.1021, 'grad_norm': 0.2299851030111313, 'learning_rate': 0.00016050501780511494, 'epoch': 0.2}
{'loss': 1.8535, 'grad_norm': 0.2115929275751114, 'learning_rate': 0.00016044027193266432, 'epoch': 0.2} 20%|█▉        | 617/3094 [31:12<1:59:05,  2.88s/it] 20%|█▉        | 618/3094 [31:16<2:02:36,  2.97s/it]                                                     20%|█▉        | 618/3094 [31:16<2:02:36,  2.97s/it] 20%|██        | 619/3094 [31:18<2:01:06,  2.94s/it]                                                     20%|██        | 619/3094 [31:18<2:01:06,  2.94s/it] 20%|██        | 620/3094 [31:23<2:20:12,  3.40s/it]                                                     20%|██        | 620/3094 [31:23<2:20:12,  3.40s/it] 20%|██        | 621/3094 [31:25<2:07:53,  3.10s/it]                                                     20%|██        | 621/3094 [31:25<2:07:53,  3.10s/it] 20%|██        | 622/3094 [31:28<2:05:14,  3.04s/it]                                                     20%|██        | 622/3094 [31:28<2:05:14,  3.04s/it] 20%|██        | 623/3094 [31:31<2:03:59,  3.01s/it]                                                     20%|██        | 623/3094 [31:31<2:03:59,  3.01s/it] 20%|██        | 624/3094 [31:34<2:00:32,  2.93s/it]                                                     20%|██        | 624/3094 [31:34<2:00:32,  2.93s/it] 20%|██        | 625/3094 [31:37<1:57:17,  2.85s/it]                                                     20%|██        | 625/3094 [31:37<1:57:17,  2.85s/it] 20%|██        | 626/3094 [31:39<1:57:34,  2.86s/it]                                                     20%|██        | 626/3094 [31:39<1:57:34,  2.86s/it] 20%|██        | 627/3094 [31:42<1:57:26,  2.86s/it]                                                     20%|██        | 627/3094 [31:42<1:57:26,  2.86s/it] 20%|██        | 628/3094 [31:46<2:07:29,  3.10s/it]                                                     20%|██        | 628/3094 [31:46<2:07:29,  3.10s/it] 20%|██        | 629/3094 [31:49<2:02:57,  2.99s/it]                                                     20%|██        | 629/3094 [31:49<2:02:57,  2.99s/it] 20%|██        | 630/3094 [31:52<2:02:19,  2.98s/it]                                                     20%|██        | 630/3094 [31:52<2:02:19,  2.98s/it] 20%|██        | 631/3094 [31:54<1:59:52,  2.92s/it]                                                     20%|██        | 631/3094 [31:54<1:59:52,  2.92s/it] 20%|██        | 632/3094 [31:58<2:10:54,  3.19s/it]                                                     20%|██        | 632/3094 [31:58<2:10:54,  3.19s/it] 20%|██        | 633/3094 [32:01<2:10:52,  3.19s/it]                                                     20%|██        | 633/3094 [32:01<2:10:52,  3.19s/it] 20%|██        | 634/3094 [32:05<2:09:46,  3.17s/it]                                                     20%|██        | 634/3094 [32:05<2:09:46,  3.17s/it] 21%|██        | 635/3094 [32:07<2:03:32,  3.01s/it]                                                     21%|██        | 635/3094 [32:07<2:03:32,  3.01s/it] 21%|██        | 636/3094 [32:10<2:03:32,  3.02s/it]                                                     21%|██        | 636/3094 [32:10<2:03:32,  3.02s/it] 21%|██        | 637/3094 [32:13<2:04:21,  3.04s/it]                                                     21%|██        | 637/3094 [32:13<2:04:21,  3.04s/it] 21%|██        | 638/3094 [32:16<2:02:01,  2.98s/it]                                                     21%|██        | 638/3094 [32:16<2:02:01,  2.98s/it] 21%|██        | 639/3094 [32:20<2:07:11,  3.11s/it]                                                     21%|██        | 639/3094 [32:20<2:07:11,  3.11s/it] 21%|██        | 640/3094 [32:22<2:02:46,  3.00s/it]                                                     21%|██        | 640/3094 [32:22<2:02:46,  3.00s/it] 21%|██        | 641/3094 [32:25<2:03:19,  3.02s/it]                                                     21%|██        | 641/3094 [32:25<2:03:19,  3.02s/it] 21%|██        | 642/3094 [32:29<2:06:10,  3.09s/it]                                                     21%|██        | 642/3094 [32:29<2:06:10,  3.09s/it] 21%|██        | 643/3094 [32:31<2:03:26,  3.02s/it]                                                     21%|██        | 643/3094 [32:31<2:03:26,  3.02s/it] 21%|██        | 644/3094 [32:34<2:02:33,  3.00s/it]                                                     21%|██        | 644/3094 [32:34<2:02:33,  3.00s/it] 21%|██        | 645/3094 [32:38<2:08:33,  3.15s/it]                                                     21%|██        | 645/3094 [32:38<2:08:33,  3.15s/it] 21%|██        | 646/3094 [32:41<2:06:19,  3.10s/it]                                                     21%|██        | 646/3094 [32:41<2:06:19,  3.10s/it] 21%|██        | 647/3094 [32:44<2:04:52,  3.06s/it]                                                     21%|██        | 647/3094 [32:44<2:04:52,  3.06s/it] 21%|██        | 648/3094 [32:47<2:04:18,  3.05s/it]                                                     21%|██        | 648/3094 [32:47<2:04:18,  3.05s/it] 21%|██        | 649/3094 [32:50<2:03:59,  3.04s/it]                                                     21%|██        | 649/3094 [32:50<2:03:59,  3.04s/it] 21%|██        | 650/3094 [32:54<2:10:26,  3.20s/it]                                                     21%|██        | 650/3094 [32:54<2:10:26,  3.20s/it] 21%|██        | 651/3094 [32:56<2:01:34,  2.99s/it]                                                     21%|██        | 651/3094 [32:56<2:01:34,  2.99s/it] 21%|██        | 652/3094 [32:59<1:55:59,  2.85s/it]                                                     21%|██        | 652/3094 [32:59<1:55:59,  2.85s/it] 21%|██        | 653/3094 [33:01<1:54:22,  2.81s/it]                                                     21%|██        | 653/3094 [33:01<1:54:22,  2.81s/it] 21%|██        | 654/3094 [33:04<1:53:27,  2.79s/it]                                                     21%|██        | 654/3094 [33:04<1:53:27,  2.79s/it] 21%|██        | 655/3094 [33:07<1:55:56,  2.85s/it]                                                     21%|██        | 655/3094 [33:07<1:55:56,  2.85s/it] 21%|██        | 656/3094 [33:10<2:02:59,  3.03s/it]                                                     21%|██        | 656/3094 [33:10<2:02:59,  3.03s/it] 21%|██        | 657/3094 [33:14<2:04:39,  3.07s/it]                                                     21%|██        | 657/3094 [33:14<2:04:39,  3.07s/it] 21%|██▏       | 658/3094 [33:16<2:00:32,  2.97s/it]                                                     21%|██▏       | 658/3094 [33:16<2:00:32,  2.97s/it] 21%|██▏       | 659/3094 [33:19<1:55:27,  2.85s/it]                                                     21%|██▏       | 659/3094 [33:19<1:55:27,  2.85s/it] 21%|██▏       | 660/3094 [33:22<1:57:19,  2.89s/it]                                                     21%|██▏       | 660/3094 [33:22<1:57:19,  2.89s/it] 21%|██▏       | 661/3094 [33:25<1:55:04,  2.84s/it]                                                     21%|██▏       | 661/3094 [33:25<1:55:04,  2.84s/it] 21%|██▏       | 662/3094 [33:27<1:55:43,  2.86s/it]                                                     21%|██▏       | 662/3094 [33:27<1:55:43,  2.86s/it] 21%|██▏       | 663/3094 [33:31<2:00:44,  2.98s/it]                                                     21%|██▏       | 663/3094 [33:31<2:00:44,  2.98s/it] 21%|██▏       | 664/3094 [33:33<1:55:44,  2.86s/it]                                                     21%|██▏       | 664/3094 [33:33<1:55:44,  2.86s/it] 21%|██▏       | 665/3094 [33:36<1:56:38,  2.88s/it]                                                     21%|██▏       | 665/3094 [33:36<1:56:38,  2.88s/it] 22%|██▏       | 666/3094 [33:39<1:53:17,  2.80s/it]                                                     22%|██▏       | 666/3094 [33:39<1:53:17,  2.80s/it] 22%|██▏       | 667/3094 [33:42<1:52:58,  2.79s/it]                                                     22%|██▏       | 667/3094 [33:42<1:52:58,  2.79s/it] 22%|██▏       | 668/3094 [33:44<1:52:49,  2.79s/it]                                                     22%|██▏       | 668/3094 [33:44<1:52:49,  2.79s/it] 22%|██▏       | 669/3094 [33:48<2:01:07,  3.00s/it]                                                     22%|██▏       | 669/3094 [33:48<2:01:07,  3.00s/it] 22%|██▏       | 670/3094 [33:51<1:57:52,  2.92s/it]                                                     22%|██▏       | 670/3094 [33:51<1:57:52,  2.92s/it] 22%|██▏       | 671/3094 [33:53<1:56:23,  2.88s/it]                                                     22%|██▏       | 671/3094 [33:53<1:56:23,  2.88s/it] 22%|██▏       | 672/3094 [33:57<1:59:04,  2.95s/it]                                                     22%|██▏       | 672/3094 [33:57<1:59:04,  2.95s/it] 22%|██▏       | 673/3094 [34:00<2:06:21,  3.13s/it]                                                     22%|██▏       | 673/3094 [34:00<2:06:21,  3.13s/it] 22%|██▏       | 674/3094 [34:03<1:57:58,  2.93s/it]                                                     22%|██▏       | 674/3094 [34:03<1:57:58,  2.93s/it] 22%|██▏       | 675/3094 [34:06<2:00:07,  2.98s/it]                                                     22%|██▏       | 675/3094 [34:06<2:00:07,  2.98s/it] 22%|██▏       | 676/3094 [34:09<2:00:07,  2.98s/it]                                                     22%|██▏       | 676/3094 [34:09<2:00:07,  2.98s/it] 22%|██▏       | 677/3094 [34:12<2:00:08,  2.98s/it]                                                     22%|██▏       | 677/3094 [34:12<2:00:08,  2.98s/it] 22%|██▏       | 678/3094 [34:15<2:00:59,  3.00s/it]                                                     22%|██▏       | 678/3094 [34:15<2:00:59,  3.00s/it] 22%|██▏       | 679/3094 [34:18<2:01:30,  3.02s/it]                                                     22%|██▏       | 679/3094 [34:18<2:01:30,  3.02s/it] 22%|██▏       | 680/3094 [34:21<2:04:36,  3.10s/it]                                                     22%|██▏       | 680/3094 [34:21<2:04:36,  3.10s/it] 22%|██▏       | 681/3094 [34:24<2:08:12,  3.19s/it]                                                     22%|██▏       | 681/3094 [34:24<2:08:12,  3.19s/it] 22%|██▏       | 682/3094 [34:27<2:06:09,  3.14s/it]                                                     22%|██▏       | 682/3094 [34:27<2:06:09,  3.14s/it] 22%|██▏       | 683/3094 [34:30<2:03:25,  3.07s/it]                                                     22%|██▏       | 683/3094 [34:30<2:03:25,  3.07s/it] 22%|██▏       | 684/3094 [34:33<2:03:31,  3.08s/it]                                                     22%|██▏       | 684/3094 [34:33<2:03:31,  3.08s/it] 22%|██▏       | 685/3094 [34:36<1:57:37,  2.93s/it]                                                     22%|██▏       | 685/3094 [34:36<1:57:37,  2.93s/it] 22%|██▏       | 686/3094 [34:39<1:56:21,  2.90s/it]                                                     22%|██▏       | 686/3094 [34:39<1:56:21,  2.90s/it] 22%|██▏       | 687/3094 [34:42<1:58:02,  2.94s/it]                                                     22%|██▏       | 687/3094 [34:42<1:58:02,  2.94s/it] 22%|██▏       | 688/3094 [34:45<2:01:46,  3.04s/it]                                                     22%|██▏       | 688/3094 [34:45<2:01:46,  3.04s/it] 22%|██▏       | 689/3094 [34:48<1:59:56,  2.99s/it]                                                     22%|██▏       | 689/3094 [34:48<1:59:56,  2.99s/it] 22%|██▏       | 690/3094 [34:51<1:57:16,  2.93s/it]                                                     22%|██▏       | 690/3094 [34:51<1:57:16,  2.93s/it] 22%|██▏       | 691/3094 [34:54<1:57:51,  2.94s/it]                                                     22%|██▏       | 691/3094 [34:54<1:57:51,  2.94s/it] 22%|██▏       | 692/3094 [34:57<1:55:55,  2.90s/it]                                                     22%|██▏       | 692/3094 [34:57<1:55:55,  2.90s/it] 22%|██▏       | 693/3094 [34:59<1:50:24,  2.76s/it]                                                     22%|██▏       | 693/3094 [34:59<1:50:24,  2.76s/it] 22%|██▏       | 694/3094 [35:02<1:58:12,  2.96s/it]                                                    
{'loss': 1.9226, 'grad_norm': 0.188348650932312, 'learning_rate': 0.00016037552606021366, 'epoch': 0.2}
{'loss': 2.1048, 'grad_norm': 0.23034732043743134, 'learning_rate': 0.00016031078018776304, 'epoch': 0.2}
{'loss': 2.168, 'grad_norm': 0.1903815120458603, 'learning_rate': 0.0001602460343153124, 'epoch': 0.2}
{'loss': 2.0626, 'grad_norm': 0.22736912965774536, 'learning_rate': 0.0001601812884428618, 'epoch': 0.2}
{'loss': 2.0907, 'grad_norm': 0.20033153891563416, 'learning_rate': 0.00016011654257041115, 'epoch': 0.2}
{'loss': 1.8045, 'grad_norm': 0.2038610726594925, 'learning_rate': 0.0001600517966979605, 'epoch': 0.2}
{'loss': 1.9433, 'grad_norm': 0.20251326262950897, 'learning_rate': 0.0001599870508255099, 'epoch': 0.2}
{'loss': 1.9224, 'grad_norm': 0.20566102862358093, 'learning_rate': 0.00015992230495305926, 'epoch': 0.2}
{'loss': 2.1911, 'grad_norm': 0.22691482305526733, 'learning_rate': 0.00015985755908060862, 'epoch': 0.2}
{'loss': 2.0395, 'grad_norm': 0.22653475403785706, 'learning_rate': 0.00015979281320815798, 'epoch': 0.2}
{'loss': 1.9867, 'grad_norm': 0.17265109717845917, 'learning_rate': 0.00015972806733570736, 'epoch': 0.2}
{'loss': 2.167, 'grad_norm': 0.19231075048446655, 'learning_rate': 0.00015966332146325672, 'epoch': 0.2}
{'loss': 1.9351, 'grad_norm': 0.1973254233598709, 'learning_rate': 0.00015959857559080608, 'epoch': 0.2}
{'loss': 2.1916, 'grad_norm': 0.2133224755525589, 'learning_rate': 0.00015953382971835547, 'epoch': 0.2}
{'loss': 1.8674, 'grad_norm': 0.1806938499212265, 'learning_rate': 0.00015946908384590483, 'epoch': 0.2}
{'loss': 1.9937, 'grad_norm': 0.19488583505153656, 'learning_rate': 0.0001594043379734542, 'epoch': 0.2}
{'loss': 2.0003, 'grad_norm': 0.19420725107192993, 'learning_rate': 0.00015933959210100358, 'epoch': 0.2}
{'loss': 2.2084, 'grad_norm': 0.24685163795948029, 'learning_rate': 0.00015927484622855294, 'epoch': 0.21}
{'loss': 1.7728, 'grad_norm': 0.21057580411434174, 'learning_rate': 0.00015921010035610232, 'epoch': 0.21}
{'loss': 1.927, 'grad_norm': 0.21228361129760742, 'learning_rate': 0.00015914535448365166, 'epoch': 0.21}
{'loss': 1.8652, 'grad_norm': 0.21986348927021027, 'learning_rate': 0.00015908060861120104, 'epoch': 0.21}
{'loss': 1.7947, 'grad_norm': 0.182062029838562, 'learning_rate': 0.00015901586273875043, 'epoch': 0.21}
{'loss': 1.9176, 'grad_norm': 0.1984972208738327, 'learning_rate': 0.0001589511168662998, 'epoch': 0.21}
{'loss': 1.8631, 'grad_norm': 0.21178866922855377, 'learning_rate': 0.00015888637099384915, 'epoch': 0.21}
{'loss': 2.083, 'grad_norm': 0.2192353457212448, 'learning_rate': 0.0001588216251213985, 'epoch': 0.21}
{'loss': 2.0511, 'grad_norm': 0.21956045925617218, 'learning_rate': 0.0001587568792489479, 'epoch': 0.21}
{'loss': 1.7575, 'grad_norm': 0.1899169534444809, 'learning_rate': 0.00015869213337649726, 'epoch': 0.21}
{'loss': 1.895, 'grad_norm': 0.19391494989395142, 'learning_rate': 0.00015862738750404662, 'epoch': 0.21}
{'loss': 2.1073, 'grad_norm': 0.210544154047966, 'learning_rate': 0.000158562641631596, 'epoch': 0.21}
{'loss': 2.0444, 'grad_norm': 0.219070166349411, 'learning_rate': 0.00015849789575914536, 'epoch': 0.21}
{'loss': 1.7626, 'grad_norm': 0.1830931305885315, 'learning_rate': 0.00015843314988669472, 'epoch': 0.21}
{'loss': 2.0031, 'grad_norm': 0.19332613050937653, 'learning_rate': 0.0001583684040142441, 'epoch': 0.21}
{'loss': 2.0263, 'grad_norm': 0.1840592473745346, 'learning_rate': 0.00015830365814179347, 'epoch': 0.21}
{'loss': 2.2015, 'grad_norm': 0.24349017441272736, 'learning_rate': 0.00015823891226934283, 'epoch': 0.21}
{'loss': 2.1002, 'grad_norm': 0.20860134065151215, 'learning_rate': 0.0001581741663968922, 'epoch': 0.21}
{'loss': 1.8985, 'grad_norm': 0.21002809703350067, 'learning_rate': 0.00015810942052444158, 'epoch': 0.21}
{'loss': 1.8875, 'grad_norm': 0.24098998308181763, 'learning_rate': 0.00015804467465199096, 'epoch': 0.21}
{'loss': 2.1862, 'grad_norm': 0.19458043575286865, 'learning_rate': 0.0001579799287795403, 'epoch': 0.21}
{'loss': 1.9582, 'grad_norm': 0.19233635067939758, 'learning_rate': 0.00015791518290708968, 'epoch': 0.21}
{'loss': 1.8477, 'grad_norm': 0.1961526721715927, 'learning_rate': 0.00015785043703463904, 'epoch': 0.21}
{'loss': 2.01, 'grad_norm': 0.2064339965581894, 'learning_rate': 0.00015778569116218843, 'epoch': 0.21}
{'loss': 2.1279, 'grad_norm': 0.23929551243782043, 'learning_rate': 0.00015772094528973776, 'epoch': 0.21}
{'loss': 2.0396, 'grad_norm': 0.2224297672510147, 'learning_rate': 0.00015765619941728715, 'epoch': 0.21}
{'loss': 2.0021, 'grad_norm': 0.23270902037620544, 'learning_rate': 0.00015759145354483654, 'epoch': 0.21}
{'loss': 1.9663, 'grad_norm': 0.23951783776283264, 'learning_rate': 0.0001575267076723859, 'epoch': 0.21}
{'loss': 1.8331, 'grad_norm': 0.18382003903388977, 'learning_rate': 0.00015746196179993526, 'epoch': 0.21}
{'loss': 1.9173, 'grad_norm': 0.2340642660856247, 'learning_rate': 0.00015739721592748462, 'epoch': 0.21}
{'loss': 1.9091, 'grad_norm': 0.19012893736362457, 'learning_rate': 0.000157332470055034, 'epoch': 0.21}
{'loss': 2.0845, 'grad_norm': 0.238483265042305, 'learning_rate': 0.00015726772418258336, 'epoch': 0.22}
{'loss': 2.103, 'grad_norm': 0.2193143367767334, 'learning_rate': 0.00015720297831013272, 'epoch': 0.22}
{'loss': 2.0268, 'grad_norm': 0.2253302037715912, 'learning_rate': 0.0001571382324376821, 'epoch': 0.22}
{'loss': 1.7431, 'grad_norm': 0.1906900852918625, 'learning_rate': 0.00015707348656523147, 'epoch': 0.22}
{'loss': 2.009, 'grad_norm': 0.23289898037910461, 'learning_rate': 0.00015700874069278083, 'epoch': 0.22}
{'loss': 2.1213, 'grad_norm': 0.20672765374183655, 'learning_rate': 0.00015694399482033022, 'epoch': 0.22}
{'loss': 1.8864, 'grad_norm': 0.20503811538219452, 'learning_rate': 0.00015687924894787958, 'epoch': 0.22}
{'loss': 1.9831, 'grad_norm': 0.18989384174346924, 'learning_rate': 0.00015681450307542896, 'epoch': 0.22}
{'loss': 2.1084, 'grad_norm': 0.21440479159355164, 'learning_rate': 0.0001567497572029783, 'epoch': 0.22}
{'loss': 1.9712, 'grad_norm': 0.2065226435661316, 'learning_rate': 0.00015668501133052768, 'epoch': 0.22}
{'loss': 1.901, 'grad_norm': 0.19602064788341522, 'learning_rate': 0.00015662026545807707, 'epoch': 0.22}
{'loss': 1.9944, 'grad_norm': 0.20299296081066132, 'learning_rate': 0.00015655551958562643, 'epoch': 0.22}
{'loss': 1.9924, 'grad_norm': 0.20840318500995636, 'learning_rate': 0.0001564907737131758, 'epoch': 0.22}
{'loss': 1.8028, 'grad_norm': 0.20550322532653809, 'learning_rate': 0.00015642602784072515, 'epoch': 0.22}
{'loss': 2.114, 'grad_norm': 0.1957952380180359, 'learning_rate': 0.00015636128196827454, 'epoch': 0.22}
{'loss': 1.6749, 'grad_norm': 0.21180284023284912, 'learning_rate': 0.0001562965360958239, 'epoch': 0.22}
{'loss': 1.8548, 'grad_norm': 0.1952505260705948, 'learning_rate': 0.00015623179022337326, 'epoch': 0.22}
{'loss': 2.0742, 'grad_norm': 0.2040444165468216, 'learning_rate': 0.00015616704435092264, 'epoch': 0.22}
{'loss': 2.1768, 'grad_norm': 0.19617053866386414, 'learning_rate': 0.000156102298478472, 'epoch': 0.22}
{'loss': 1.9489, 'grad_norm': 0.22255508601665497, 'learning_rate': 0.00015603755260602136, 'epoch': 0.22}
{'loss': 1.8522, 'grad_norm': 0.20217673480510712, 'learning_rate': 0.00015597280673357075, 'epoch': 0.22}
{'loss': 2.0047, 'grad_norm': 0.20411506295204163, 'learning_rate': 0.0001559080608611201, 'epoch': 0.22}
{'loss': 1.9464, 'grad_norm': 0.17977678775787354, 'learning_rate': 0.0001558433149886695, 'epoch': 0.22}
{'loss': 1.8832, 'grad_norm': 0.20145338773727417, 'learning_rate': 0.00015577856911621883, 'epoch': 0.22}
{'loss': 1.9381, 'grad_norm': 0.2030639350414276, 'learning_rate': 0.00015571382324376822, 'epoch': 0.22}
{'loss': 1.9231, 'grad_norm': 0.20599764585494995, 'learning_rate': 0.00015564907737131758, 'epoch': 0.22}
{'loss': 1.9084, 'grad_norm': 0.19008862972259521, 'learning_rate': 0.00015558433149886696, 'epoch': 0.22}
{'loss': 2.0575, 'grad_norm': 0.21024294197559357, 'learning_rate': 0.00015551958562641632, 'epoch': 0.22}
{'loss': 1.8939, 'grad_norm': 0.22279663383960724, 'learning_rate': 0.00015545483975396568, 'epoch': 0.22} 22%|██▏       | 694/3094 [35:02<1:58:12,  2.96s/it] 22%|██▏       | 695/3094 [35:05<1:55:53,  2.90s/it]                                                     22%|██▏       | 695/3094 [35:05<1:55:53,  2.90s/it] 22%|██▏       | 696/3094 [35:08<1:56:30,  2.92s/it]                                                     22%|██▏       | 696/3094 [35:08<1:56:30,  2.92s/it] 23%|██▎       | 697/3094 [35:11<2:01:18,  3.04s/it]                                                     23%|██▎       | 697/3094 [35:11<2:01:18,  3.04s/it] 23%|██▎       | 698/3094 [35:14<1:57:39,  2.95s/it]                                                     23%|██▎       | 698/3094 [35:14<1:57:39,  2.95s/it] 23%|██▎       | 699/3094 [35:18<2:04:22,  3.12s/it]                                                     23%|██▎       | 699/3094 [35:18<2:04:22,  3.12s/it] 23%|██▎       | 700/3094 [35:21<2:01:06,  3.04s/it]                                                     23%|██▎       | 700/3094 [35:21<2:01:06,  3.04s/it] 23%|██▎       | 701/3094 [35:24<2:10:08,  3.26s/it]                                                     23%|██▎       | 701/3094 [35:24<2:10:08,  3.26s/it] 23%|██▎       | 702/3094 [35:27<2:03:44,  3.10s/it]                                                     23%|██▎       | 702/3094 [35:27<2:03:44,  3.10s/it] 23%|██▎       | 703/3094 [35:30<1:59:46,  3.01s/it]                                                     23%|██▎       | 703/3094 [35:30<1:59:46,  3.01s/it] 23%|██▎       | 704/3094 [35:33<1:57:50,  2.96s/it]                                                     23%|██▎       | 704/3094 [35:33<1:57:50,  2.96s/it] 23%|██▎       | 705/3094 [35:35<1:53:17,  2.85s/it]                                                     23%|██▎       | 705/3094 [35:35<1:53:17,  2.85s/it] 23%|██▎       | 706/3094 [35:38<1:52:30,  2.83s/it]                                                     23%|██▎       | 706/3094 [35:38<1:52:30,  2.83s/it] 23%|██▎       | 707/3094 [35:41<1:55:35,  2.91s/it]                                                     23%|██▎       | 707/3094 [35:41<1:55:35,  2.91s/it] 23%|██▎       | 708/3094 [35:44<1:55:58,  2.92s/it]                                                     23%|██▎       | 708/3094 [35:44<1:55:58,  2.92s/it] 23%|██▎       | 709/3094 [35:47<1:57:26,  2.95s/it]                                                     23%|██▎       | 709/3094 [35:47<1:57:26,  2.95s/it] 23%|██▎       | 710/3094 [35:50<1:52:30,  2.83s/it]                                                     23%|██▎       | 710/3094 [35:50<1:52:30,  2.83s/it] 23%|██▎       | 711/3094 [35:52<1:51:06,  2.80s/it]                                                     23%|██▎       | 711/3094 [35:52<1:51:06,  2.80s/it] 23%|██▎       | 712/3094 [35:55<1:52:21,  2.83s/it]                                                     23%|██▎       | 712/3094 [35:55<1:52:21,  2.83s/it] 23%|██▎       | 713/3094 [35:58<1:54:00,  2.87s/it]                                                     23%|██▎       | 713/3094 [35:58<1:54:00,  2.87s/it] 23%|██▎       | 714/3094 [36:01<1:53:27,  2.86s/it]                                                     23%|██▎       | 714/3094 [36:01<1:53:27,  2.86s/it] 23%|██▎       | 715/3094 [36:04<1:50:51,  2.80s/it]                                                     23%|██▎       | 715/3094 [36:04<1:50:51,  2.80s/it] 23%|██▎       | 716/3094 [36:07<1:54:00,  2.88s/it]                                                     23%|██▎       | 716/3094 [36:07<1:54:00,  2.88s/it] 23%|██▎       | 717/3094 [36:10<1:55:10,  2.91s/it]                                                     23%|██▎       | 717/3094 [36:10<1:55:10,  2.91s/it] 23%|██▎       | 718/3094 [36:12<1:50:31,  2.79s/it]                                                     23%|██▎       | 718/3094 [36:12<1:50:31,  2.79s/it] 23%|██▎       | 719/3094 [36:15<1:53:28,  2.87s/it]                                                     23%|██▎       | 719/3094 [36:15<1:53:28,  2.87s/it] 23%|██▎       | 720/3094 [36:18<1:52:21,  2.84s/it]                                                     23%|██▎       | 720/3094 [36:18<1:52:21,  2.84s/it] 23%|██▎       | 721/3094 [36:21<1:56:36,  2.95s/it]                                                     23%|██▎       | 721/3094 [36:21<1:56:36,  2.95s/it] 23%|██▎       | 722/3094 [36:24<1:55:19,  2.92s/it]                                                     23%|██▎       | 722/3094 [36:24<1:55:19,  2.92s/it] 23%|██▎       | 723/3094 [36:27<1:55:05,  2.91s/it]                                                     23%|██▎       | 723/3094 [36:27<1:55:05,  2.91s/it] 23%|██▎       | 724/3094 [36:30<1:59:01,  3.01s/it]                                                     23%|██▎       | 724/3094 [36:30<1:59:01,  3.01s/it] 23%|██▎       | 725/3094 [36:33<1:57:10,  2.97s/it]                                                     23%|██▎       | 725/3094 [36:33<1:57:10,  2.97s/it] 23%|██▎       | 726/3094 [36:37<2:00:56,  3.06s/it]                                                     23%|██▎       | 726/3094 [36:37<2:00:56,  3.06s/it] 23%|██▎       | 727/3094 [36:40<2:00:12,  3.05s/it]                                                     23%|██▎       | 727/3094 [36:40<2:00:12,  3.05s/it] 24%|██▎       | 728/3094 [36:43<1:59:59,  3.04s/it]                                                     24%|██▎       | 728/3094 [36:43<1:59:59,  3.04s/it] 24%|██▎       | 729/3094 [36:46<2:10:05,  3.30s/it]                                                     24%|██▎       | 729/3094 [36:46<2:10:05,  3.30s/it] 24%|██▎       | 730/3094 [36:50<2:08:51,  3.27s/it]                                                     24%|██▎       | 730/3094 [36:50<2:08:51,  3.27s/it] 24%|██▎       | 731/3094 [36:52<2:02:10,  3.10s/it]                                                     24%|██▎       | 731/3094 [36:52<2:02:10,  3.10s/it] 24%|██▎       | 732/3094 [36:55<1:59:02,  3.02s/it]                                                     24%|██▎       | 732/3094 [36:55<1:59:02,  3.02s/it] 24%|██▎       | 733/3094 [36:58<1:57:56,  3.00s/it]                                                     24%|██▎       | 733/3094 [36:58<1:57:56,  3.00s/it] 24%|██▎       | 734/3094 [37:01<1:56:59,  2.97s/it]                                                     24%|██▎       | 734/3094 [37:01<1:56:59,  2.97s/it] 24%|██▍       | 735/3094 [37:05<2:03:03,  3.13s/it]                                                     24%|██▍       | 735/3094 [37:05<2:03:03,  3.13s/it] 24%|██▍       | 736/3094 [37:08<2:00:44,  3.07s/it]                                                     24%|██▍       | 736/3094 [37:08<2:00:44,  3.07s/it] 24%|██▍       | 737/3094 [37:10<1:54:58,  2.93s/it]                                                     24%|██▍       | 737/3094 [37:10<1:54:58,  2.93s/it] 24%|██▍       | 738/3094 [37:13<1:57:20,  2.99s/it]                                                     24%|██▍       | 738/3094 [37:13<1:57:20,  2.99s/it] 24%|██▍       | 739/3094 [37:16<1:54:45,  2.92s/it]                                                     24%|██▍       | 739/3094 [37:16<1:54:45,  2.92s/it] 24%|██▍       | 740/3094 [37:19<1:50:13,  2.81s/it]                                                     24%|██▍       | 740/3094 [37:19<1:50:13,  2.81s/it] 24%|██▍       | 741/3094 [37:21<1:46:06,  2.71s/it]                                                     24%|██▍       | 741/3094 [37:21<1:46:06,  2.71s/it] 24%|██▍       | 742/3094 [37:24<1:50:29,  2.82s/it]                                                     24%|██▍       | 742/3094 [37:24<1:50:29,  2.82s/it] 24%|██▍       | 743/3094 [37:27<1:47:28,  2.74s/it]                                                     24%|██▍       | 743/3094 [37:27<1:47:28,  2.74s/it] 24%|██▍       | 744/3094 [37:30<1:50:31,  2.82s/it]                                                     24%|██▍       | 744/3094 [37:30<1:50:31,  2.82s/it] 24%|██▍       | 745/3094 [37:33<1:52:33,  2.88s/it]                                                     24%|██▍       | 745/3094 [37:33<1:52:33,  2.88s/it] 24%|██▍       | 746/3094 [37:36<1:54:21,  2.92s/it]                                                     24%|██▍       | 746/3094 [37:36<1:54:21,  2.92s/it] 24%|██▍       | 747/3094 [37:39<1:56:51,  2.99s/it]                                                     24%|██▍       | 747/3094 [37:39<1:56:51,  2.99s/it] 24%|██▍       | 748/3094 [37:41<1:52:35,  2.88s/it]                                                     24%|██▍       | 748/3094 [37:41<1:52:35,  2.88s/it] 24%|██▍       | 749/3094 [37:44<1:52:30,  2.88s/it]                                                     24%|██▍       | 749/3094 [37:44<1:52:30,  2.88s/it] 24%|██▍       | 750/3094 [37:47<1:51:50,  2.86s/it]                                                     24%|██▍       | 750/3094 [37:47<1:51:50,  2.86s/it] 24%|██▍       | 751/3094 [37:50<1:56:07,  2.97s/it]                                                     24%|██▍       | 751/3094 [37:50<1:56:07,  2.97s/it] 24%|██▍       | 752/3094 [37:53<1:55:55,  2.97s/it]                                                     24%|██▍       | 752/3094 [37:53<1:55:55,  2.97s/it] 24%|██▍       | 753/3094 [37:56<1:51:24,  2.86s/it]                                                     24%|██▍       | 753/3094 [37:56<1:51:24,  2.86s/it] 24%|██▍       | 754/3094 [37:59<1:48:28,  2.78s/it]                                                     24%|██▍       | 754/3094 [37:59<1:48:28,  2.78s/it] 24%|██▍       | 755/3094 [38:01<1:46:22,  2.73s/it]                                                     24%|██▍       | 755/3094 [38:01<1:46:22,  2.73s/it] 24%|██▍       | 756/3094 [38:04<1:42:20,  2.63s/it]                                                     24%|██▍       | 756/3094 [38:04<1:42:20,  2.63s/it] 24%|██▍       | 757/3094 [38:06<1:44:36,  2.69s/it]                                                     24%|██▍       | 757/3094 [38:06<1:44:36,  2.69s/it] 24%|██▍       | 758/3094 [38:10<1:51:03,  2.85s/it]                                                     24%|██▍       | 758/3094 [38:10<1:51:03,  2.85s/it] 25%|██▍       | 759/3094 [38:13<1:56:27,  2.99s/it]                                                     25%|██▍       | 759/3094 [38:13<1:56:27,  2.99s/it] 25%|██▍       | 760/3094 [38:16<1:53:34,  2.92s/it]                                                     25%|██▍       | 760/3094 [38:16<1:53:34,  2.92s/it] 25%|██▍       | 761/3094 [38:18<1:49:38,  2.82s/it]                                                     25%|██▍       | 761/3094 [38:18<1:49:38,  2.82s/it] 25%|██▍       | 762/3094 [38:21<1:52:56,  2.91s/it]                                                     25%|██▍       | 762/3094 [38:21<1:52:56,  2.91s/it] 25%|██▍       | 763/3094 [38:25<1:55:48,  2.98s/it]                                                     25%|██▍       | 763/3094 [38:25<1:55:48,  2.98s/it] 25%|██▍       | 764/3094 [38:27<1:53:04,  2.91s/it]                                                     25%|██▍       | 764/3094 [38:27<1:53:04,  2.91s/it] 25%|██▍       | 765/3094 [38:30<1:51:29,  2.87s/it]                                                     25%|██▍       | 765/3094 [38:30<1:51:29,  2.87s/it] 25%|██▍       | 766/3094 [38:33<1:50:16,  2.84s/it]                                                     25%|██▍       | 766/3094 [38:33<1:50:16,  2.84s/it] 25%|██▍       | 767/3094 [38:36<1:56:32,  3.01s/it]                                                     25%|██▍       | 767/3094 [38:36<1:56:32,  3.01s/it] 25%|██▍       | 768/3094 [38:39<1:54:52,  2.96s/it]                                                     25%|██▍       | 768/3094 [38:39<1:54:52,  2.96s/it] 25%|██▍       | 769/3094 [38:42<1:52:11,  2.90s/it]                                                     25%|██▍       | 769/3094 [38:42<1:52:11,  2.90s/it] 25%|██▍       | 770/3094 [38:45<1:55:26,  2.98s/it]                                                     25%|██▍       | 770/3094 [38:45<1:55:26,  2.98s/it] 25%|██▍       | 771/3094 [38:49<2:04:44,  3.22s/it]                                                    
{'loss': 1.9408, 'grad_norm': 0.21693241596221924, 'learning_rate': 0.00015539009388151507, 'epoch': 0.22}
{'loss': 2.0575, 'grad_norm': 0.208909809589386, 'learning_rate': 0.00015532534800906443, 'epoch': 0.22}
{'loss': 1.8962, 'grad_norm': 0.1958802044391632, 'learning_rate': 0.0001552606021366138, 'epoch': 0.23}
{'loss': 2.1042, 'grad_norm': 0.22093944251537323, 'learning_rate': 0.00015519585626416318, 'epoch': 0.23}
{'loss': 1.7085, 'grad_norm': 0.19498799741268158, 'learning_rate': 0.00015513111039171254, 'epoch': 0.23}
{'loss': 1.9817, 'grad_norm': 0.21983802318572998, 'learning_rate': 0.0001550663645192619, 'epoch': 0.23}
{'loss': 1.8472, 'grad_norm': 0.1800122708082199, 'learning_rate': 0.00015500161864681126, 'epoch': 0.23}
{'loss': 1.8239, 'grad_norm': 0.2160596400499344, 'learning_rate': 0.00015493687277436064, 'epoch': 0.23}
{'loss': 1.8572, 'grad_norm': 0.21248537302017212, 'learning_rate': 0.00015487212690191003, 'epoch': 0.23}
{'loss': 1.875, 'grad_norm': 0.22014720737934113, 'learning_rate': 0.00015480738102945936, 'epoch': 0.23}
{'loss': 1.9373, 'grad_norm': 0.2191419154405594, 'learning_rate': 0.00015474263515700875, 'epoch': 0.23}
{'loss': 2.0118, 'grad_norm': 0.22733484208583832, 'learning_rate': 0.0001546778892845581, 'epoch': 0.23}
{'loss': 1.9146, 'grad_norm': 0.18582366406917572, 'learning_rate': 0.0001546131434121075, 'epoch': 0.23}
{'loss': 1.9373, 'grad_norm': 0.20138022303581238, 'learning_rate': 0.00015454839753965686, 'epoch': 0.23}
{'loss': 1.8528, 'grad_norm': 0.19757114350795746, 'learning_rate': 0.00015448365166720622, 'epoch': 0.23}
{'loss': 2.0596, 'grad_norm': 0.22059744596481323, 'learning_rate': 0.0001544189057947556, 'epoch': 0.23}
{'loss': 2.0452, 'grad_norm': 0.20917116105556488, 'learning_rate': 0.00015435415992230497, 'epoch': 0.23}
{'loss': 2.0708, 'grad_norm': 0.2183837741613388, 'learning_rate': 0.00015428941404985433, 'epoch': 0.23}
{'loss': 1.7633, 'grad_norm': 0.1984807550907135, 'learning_rate': 0.0001542246681774037, 'epoch': 0.23}
{'loss': 2.0498, 'grad_norm': 0.21244628727436066, 'learning_rate': 0.00015415992230495307, 'epoch': 0.23}
{'loss': 2.0288, 'grad_norm': 0.20668351650238037, 'learning_rate': 0.00015409517643250243, 'epoch': 0.23}
{'loss': 2.0574, 'grad_norm': 0.21550939977169037, 'learning_rate': 0.0001540304305600518, 'epoch': 0.23}
{'loss': 2.1292, 'grad_norm': 0.1933632642030716, 'learning_rate': 0.00015396568468760118, 'epoch': 0.23}
{'loss': 1.9993, 'grad_norm': 0.22605253756046295, 'learning_rate': 0.00015390093881515054, 'epoch': 0.23}
{'loss': 1.7956, 'grad_norm': 0.23200340569019318, 'learning_rate': 0.0001538361929426999, 'epoch': 0.23}
{'loss': 1.8406, 'grad_norm': 0.20825810730457306, 'learning_rate': 0.00015377144707024929, 'epoch': 0.23}
{'loss': 1.981, 'grad_norm': 0.2040647268295288, 'learning_rate': 0.00015370670119779865, 'epoch': 0.23}
{'loss': 2.1066, 'grad_norm': 0.26883652806282043, 'learning_rate': 0.00015364195532534803, 'epoch': 0.23}
{'loss': 1.8853, 'grad_norm': 0.19965915381908417, 'learning_rate': 0.00015357720945289737, 'epoch': 0.23}
{'loss': 1.9188, 'grad_norm': 0.19503311812877655, 'learning_rate': 0.00015351246358044675, 'epoch': 0.23}
{'loss': 1.7375, 'grad_norm': 0.20343397557735443, 'learning_rate': 0.00015344771770799614, 'epoch': 0.23}
{'loss': 1.9113, 'grad_norm': 0.18306927382946014, 'learning_rate': 0.0001533829718355455, 'epoch': 0.23}
{'loss': 1.8245, 'grad_norm': 0.2195633053779602, 'learning_rate': 0.00015331822596309486, 'epoch': 0.23}
{'loss': 2.0696, 'grad_norm': 0.21468202769756317, 'learning_rate': 0.00015325348009064422, 'epoch': 0.24}
{'loss': 1.7203, 'grad_norm': 0.19375155866146088, 'learning_rate': 0.0001531887342181936, 'epoch': 0.24}
{'loss': 1.9642, 'grad_norm': 0.2061397284269333, 'learning_rate': 0.00015312398834574297, 'epoch': 0.24}
{'loss': 2.0637, 'grad_norm': 0.1986534297466278, 'learning_rate': 0.00015305924247329233, 'epoch': 0.24}
{'loss': 1.8679, 'grad_norm': 0.20470190048217773, 'learning_rate': 0.0001529944966008417, 'epoch': 0.24}
{'loss': 1.8927, 'grad_norm': 0.20454075932502747, 'learning_rate': 0.00015292975072839107, 'epoch': 0.24}
{'loss': 1.8192, 'grad_norm': 0.19174887239933014, 'learning_rate': 0.00015286500485594043, 'epoch': 0.24}
{'loss': 1.8206, 'grad_norm': 0.18335910141468048, 'learning_rate': 0.00015280025898348982, 'epoch': 0.24}
{'loss': 1.9462, 'grad_norm': 0.2147059589624405, 'learning_rate': 0.00015273551311103918, 'epoch': 0.24}
{'loss': 2.053, 'grad_norm': 0.2370259165763855, 'learning_rate': 0.00015267076723858854, 'epoch': 0.24}
{'loss': 2.0156, 'grad_norm': 0.2183012068271637, 'learning_rate': 0.0001526060213661379, 'epoch': 0.24}
{'loss': 2.0832, 'grad_norm': 0.21987463533878326, 'learning_rate': 0.00015254127549368729, 'epoch': 0.24}
{'loss': 1.9511, 'grad_norm': 0.2160511463880539, 'learning_rate': 0.00015247652962123667, 'epoch': 0.24}
{'loss': 1.9986, 'grad_norm': 0.22501300275325775, 'learning_rate': 0.000152411783748786, 'epoch': 0.24}
{'loss': 2.1057, 'grad_norm': 0.21329094469547272, 'learning_rate': 0.0001523470378763354, 'epoch': 0.24}
{'loss': 1.9272, 'grad_norm': 0.2233884334564209, 'learning_rate': 0.00015228229200388475, 'epoch': 0.24}
{'loss': 1.9881, 'grad_norm': 0.21886149048805237, 'learning_rate': 0.00015221754613143414, 'epoch': 0.24}
{'loss': 2.1022, 'grad_norm': 0.19902612268924713, 'learning_rate': 0.0001521528002589835, 'epoch': 0.24}
{'loss': 1.9767, 'grad_norm': 0.2029510885477066, 'learning_rate': 0.00015208805438653286, 'epoch': 0.24}
{'loss': 1.9064, 'grad_norm': 0.2136574387550354, 'learning_rate': 0.00015202330851408225, 'epoch': 0.24}
{'loss': 2.0802, 'grad_norm': 0.20933544635772705, 'learning_rate': 0.0001519585626416316, 'epoch': 0.24}
{'loss': 2.022, 'grad_norm': 0.2417593151330948, 'learning_rate': 0.00015189381676918097, 'epoch': 0.24}
{'loss': 2.1396, 'grad_norm': 0.22237181663513184, 'learning_rate': 0.00015182907089673033, 'epoch': 0.24}
{'loss': 1.8404, 'grad_norm': 0.1809098720550537, 'learning_rate': 0.0001517643250242797, 'epoch': 0.24}
{'loss': 1.9514, 'grad_norm': 0.21236975491046906, 'learning_rate': 0.00015169957915182907, 'epoch': 0.24}
{'loss': 1.9426, 'grad_norm': 0.20897060632705688, 'learning_rate': 0.00015163483327937843, 'epoch': 0.24}
{'loss': 1.8769, 'grad_norm': 0.20207452774047852, 'learning_rate': 0.00015157008740692782, 'epoch': 0.24}
{'loss': 1.9599, 'grad_norm': 0.2055656611919403, 'learning_rate': 0.00015150534153447718, 'epoch': 0.24}
{'loss': 1.9886, 'grad_norm': 0.22361856698989868, 'learning_rate': 0.00015144059566202654, 'epoch': 0.24}
{'loss': 1.9041, 'grad_norm': 0.204973042011261, 'learning_rate': 0.00015137584978957593, 'epoch': 0.24}
{'loss': 1.9282, 'grad_norm': 0.21525990962982178, 'learning_rate': 0.0001513111039171253, 'epoch': 0.25}
{'loss': 2.3539, 'grad_norm': 0.19304145872592926, 'learning_rate': 0.00015124635804467467, 'epoch': 0.25}
{'loss': 1.9179, 'grad_norm': 0.2166862040758133, 'learning_rate': 0.000151181612172224, 'epoch': 0.25}
{'loss': 2.0809, 'grad_norm': 0.2182900309562683, 'learning_rate': 0.0001511168662997734, 'epoch': 0.25}
{'loss': 2.0764, 'grad_norm': 0.19673044979572296, 'learning_rate': 0.00015105212042732278, 'epoch': 0.25}
{'loss': 1.8055, 'grad_norm': 0.1916358321905136, 'learning_rate': 0.00015098737455487214, 'epoch': 0.25}
{'loss': 2.0646, 'grad_norm': 0.20717176795005798, 'learning_rate': 0.0001509226286824215, 'epoch': 0.25}
{'loss': 1.9294, 'grad_norm': 0.21365495026111603, 'learning_rate': 0.00015085788280997086, 'epoch': 0.25}
{'loss': 1.9477, 'grad_norm': 0.20032265782356262, 'learning_rate': 0.00015079313693752025, 'epoch': 0.25}
{'loss': 2.1235, 'grad_norm': 0.21095971763134003, 'learning_rate': 0.0001507283910650696, 'epoch': 0.25}
{'loss': 2.0129, 'grad_norm': 0.19205059111118317, 'learning_rate': 0.00015066364519261897, 'epoch': 0.25}
{'loss': 2.0109, 'grad_norm': 0.21683929860591888, 'learning_rate': 0.00015059889932016835, 'epoch': 0.25}
{'loss': 1.9013, 'grad_norm': 0.19725148379802704, 'learning_rate': 0.00015053415344771771, 'epoch': 0.25}
{'loss': 1.9576, 'grad_norm': 0.19633528590202332, 'learning_rate': 0.00015046940757526707, 'epoch': 0.25} 25%|██▍       | 771/3094 [38:49<2:04:44,  3.22s/it] 25%|██▍       | 772/3094 [38:52<2:01:39,  3.14s/it]                                                     25%|██▍       | 772/3094 [38:52<2:01:39,  3.14s/it] 25%|██▍       | 773/3094 [38:55<1:59:03,  3.08s/it]                                                     25%|██▍       | 773/3094 [38:55<1:59:03,  3.08s/it] 25%|██▌       | 774/3094 [38:59<2:08:01,  3.31s/it]                                                     25%|██▌       | 774/3094 [38:59<2:08:01,  3.31s/it] 25%|██▌       | 775/3094 [39:01<2:01:42,  3.15s/it]                                                     25%|██▌       | 775/3094 [39:01<2:01:42,  3.15s/it] 25%|██▌       | 776/3094 [39:04<2:00:49,  3.13s/it]                                                     25%|██▌       | 776/3094 [39:04<2:00:49,  3.13s/it] 25%|██▌       | 777/3094 [39:07<1:56:13,  3.01s/it]                                                     25%|██▌       | 777/3094 [39:07<1:56:13,  3.01s/it] 25%|██▌       | 778/3094 [39:10<1:56:16,  3.01s/it]                                                     25%|██▌       | 778/3094 [39:10<1:56:16,  3.01s/it] 25%|██▌       | 779/3094 [39:13<1:56:33,  3.02s/it]                                                     25%|██▌       | 779/3094 [39:13<1:56:33,  3.02s/it] 25%|██▌       | 780/3094 [39:16<1:56:20,  3.02s/it]                                                     25%|██▌       | 780/3094 [39:16<1:56:20,  3.02s/it] 25%|██▌       | 781/3094 [39:20<2:04:33,  3.23s/it]                                                     25%|██▌       | 781/3094 [39:20<2:04:33,  3.23s/it] 25%|██▌       | 782/3094 [39:23<2:03:21,  3.20s/it]                                                     25%|██▌       | 782/3094 [39:23<2:03:21,  3.20s/it] 25%|██▌       | 783/3094 [39:26<2:00:28,  3.13s/it]                                                     25%|██▌       | 783/3094 [39:26<2:00:28,  3.13s/it] 25%|██▌       | 784/3094 [39:28<1:52:45,  2.93s/it]                                                     25%|██▌       | 784/3094 [39:28<1:52:45,  2.93s/it] 25%|██▌       | 785/3094 [39:31<1:53:54,  2.96s/it]                                                     25%|██▌       | 785/3094 [39:31<1:53:54,  2.96s/it] 25%|██▌       | 786/3094 [39:34<1:54:17,  2.97s/it]                                                     25%|██▌       | 786/3094 [39:34<1:54:17,  2.97s/it] 25%|██▌       | 787/3094 [39:38<2:01:18,  3.15s/it]                                                     25%|██▌       | 787/3094 [39:38<2:01:18,  3.15s/it] 25%|██▌       | 788/3094 [39:41<1:54:21,  2.98s/it]                                                     25%|██▌       | 788/3094 [39:41<1:54:21,  2.98s/it] 26%|██▌       | 789/3094 [39:44<2:01:12,  3.16s/it]                                                     26%|██▌       | 789/3094 [39:44<2:01:12,  3.16s/it] 26%|██▌       | 790/3094 [39:47<1:58:16,  3.08s/it]                                                     26%|██▌       | 790/3094 [39:47<1:58:16,  3.08s/it] 26%|██▌       | 791/3094 [39:50<1:53:31,  2.96s/it]                                                     26%|██▌       | 791/3094 [39:50<1:53:31,  2.96s/it] 26%|██▌       | 792/3094 [39:53<1:51:35,  2.91s/it]                                                     26%|██▌       | 792/3094 [39:53<1:51:35,  2.91s/it] 26%|██▌       | 793/3094 [39:56<1:53:25,  2.96s/it]                                                     26%|██▌       | 793/3094 [39:56<1:53:25,  2.96s/it] 26%|██▌       | 794/3094 [39:59<1:54:31,  2.99s/it]                                                     26%|██▌       | 794/3094 [39:59<1:54:31,  2.99s/it] 26%|██▌       | 795/3094 [40:02<1:58:59,  3.11s/it]                                                     26%|██▌       | 795/3094 [40:02<1:58:59,  3.11s/it] 26%|██▌       | 796/3094 [40:05<1:53:59,  2.98s/it]                                                     26%|██▌       | 796/3094 [40:05<1:53:59,  2.98s/it] 26%|██▌       | 797/3094 [40:08<1:54:43,  3.00s/it]                                                     26%|██▌       | 797/3094 [40:08<1:54:43,  3.00s/it] 26%|██▌       | 798/3094 [40:10<1:50:40,  2.89s/it]                                                     26%|██▌       | 798/3094 [40:10<1:50:40,  2.89s/it] 26%|██▌       | 799/3094 [40:14<1:53:12,  2.96s/it]                                                     26%|██▌       | 799/3094 [40:14<1:53:12,  2.96s/it] 26%|██▌       | 800/3094 [40:16<1:51:31,  2.92s/it]                                                     26%|██▌       | 800/3094 [40:16<1:51:31,  2.92s/it] 26%|██▌       | 801/3094 [40:19<1:50:57,  2.90s/it]                                                     26%|██▌       | 801/3094 [40:19<1:50:57,  2.90s/it] 26%|██▌       | 802/3094 [40:22<1:50:43,  2.90s/it]                                                     26%|██▌       | 802/3094 [40:22<1:50:43,  2.90s/it] 26%|██▌       | 803/3094 [40:26<2:02:05,  3.20s/it]                                                     26%|██▌       | 803/3094 [40:26<2:02:05,  3.20s/it] 26%|██▌       | 804/3094 [40:28<1:50:57,  2.91s/it]                                                     26%|██▌       | 804/3094 [40:28<1:50:57,  2.91s/it] 26%|██▌       | 805/3094 [40:31<1:50:20,  2.89s/it]                                                     26%|██▌       | 805/3094 [40:31<1:50:20,  2.89s/it] 26%|██▌       | 806/3094 [40:34<1:50:17,  2.89s/it]                                                     26%|██▌       | 806/3094 [40:34<1:50:17,  2.89s/it] 26%|██▌       | 807/3094 [40:37<1:51:06,  2.91s/it]                                                     26%|██▌       | 807/3094 [40:37<1:51:06,  2.91s/it] 26%|██▌       | 808/3094 [40:40<1:51:44,  2.93s/it]                                                     26%|██▌       | 808/3094 [40:40<1:51:44,  2.93s/it] 26%|██▌       | 809/3094 [40:43<1:56:20,  3.05s/it]                                                     26%|██▌       | 809/3094 [40:43<1:56:20,  3.05s/it] 26%|██▌       | 810/3094 [40:47<2:04:06,  3.26s/it]                                                     26%|██▌       | 810/3094 [40:47<2:04:06,  3.26s/it] 26%|██▌       | 811/3094 [40:50<2:01:23,  3.19s/it]                                                     26%|██▌       | 811/3094 [40:50<2:01:23,  3.19s/it] 26%|██▌       | 812/3094 [40:53<1:58:53,  3.13s/it]                                                     26%|██▌       | 812/3094 [40:53<1:58:53,  3.13s/it] 26%|██▋       | 813/3094 [40:56<1:56:18,  3.06s/it]                                                     26%|██▋       | 813/3094 [40:56<1:56:18,  3.06s/it] 26%|██▋       | 814/3094 [40:59<1:59:12,  3.14s/it]                                                     26%|██▋       | 814/3094 [40:59<1:59:12,  3.14s/it] 26%|██▋       | 815/3094 [41:02<1:51:50,  2.94s/it]                                                     26%|██▋       | 815/3094 [41:02<1:51:50,  2.94s/it] 26%|██▋       | 816/3094 [41:05<1:54:20,  3.01s/it]                                                     26%|██▋       | 816/3094 [41:05<1:54:20,  3.01s/it] 26%|██▋       | 817/3094 [41:08<1:51:58,  2.95s/it]                                                     26%|██▋       | 817/3094 [41:08<1:51:58,  2.95s/it] 26%|██▋       | 818/3094 [41:10<1:48:54,  2.87s/it]                                                     26%|██▋       | 818/3094 [41:10<1:48:54,  2.87s/it] 26%|██▋       | 819/3094 [41:14<1:53:27,  2.99s/it]                                                     26%|██▋       | 819/3094 [41:14<1:53:27,  2.99s/it] 27%|██▋       | 820/3094 [41:16<1:50:13,  2.91s/it]                                                     27%|██▋       | 820/3094 [41:16<1:50:13,  2.91s/it] 27%|██▋       | 821/3094 [41:20<1:54:23,  3.02s/it]                                                     27%|██▋       | 821/3094 [41:20<1:54:23,  3.02s/it] 27%|██▋       | 822/3094 [41:23<1:52:32,  2.97s/it]                                                     27%|██▋       | 822/3094 [41:23<1:52:32,  2.97s/it] 27%|██▋       | 823/3094 [41:26<1:53:02,  2.99s/it]                                                     27%|██▋       | 823/3094 [41:26<1:53:02,  2.99s/it] 27%|██▋       | 824/3094 [41:29<2:01:03,  3.20s/it]                                                     27%|██▋       | 824/3094 [41:29<2:01:03,  3.20s/it] 27%|██▋       | 825/3094 [41:32<1:59:19,  3.16s/it]                                                     27%|██▋       | 825/3094 [41:32<1:59:19,  3.16s/it] 27%|██▋       | 826/3094 [41:35<1:55:47,  3.06s/it]                                                     27%|██▋       | 826/3094 [41:35<1:55:47,  3.06s/it] 27%|██▋       | 827/3094 [41:38<1:54:41,  3.04s/it]                                                     27%|██▋       | 827/3094 [41:38<1:54:41,  3.04s/it] 27%|██▋       | 828/3094 [41:41<1:49:15,  2.89s/it]                                                     27%|██▋       | 828/3094 [41:41<1:49:15,  2.89s/it] 27%|██▋       | 829/3094 [41:43<1:47:29,  2.85s/it]                                                     27%|██▋       | 829/3094 [41:43<1:47:29,  2.85s/it] 27%|██▋       | 830/3094 [41:46<1:44:24,  2.77s/it]                                                     27%|██▋       | 830/3094 [41:46<1:44:24,  2.77s/it] 27%|██▋       | 831/3094 [41:49<1:52:12,  2.97s/it]                                                     27%|██▋       | 831/3094 [41:49<1:52:12,  2.97s/it] 27%|██▋       | 832/3094 [41:53<1:54:49,  3.05s/it]                                                     27%|██▋       | 832/3094 [41:53<1:54:49,  3.05s/it] 27%|██▋       | 833/3094 [41:55<1:47:54,  2.86s/it]                                                     27%|██▋       | 833/3094 [41:55<1:47:54,  2.86s/it] 27%|██▋       | 834/3094 [41:58<1:48:20,  2.88s/it]                                                     27%|██▋       | 834/3094 [41:58<1:48:20,  2.88s/it] 27%|██▋       | 835/3094 [42:01<1:47:29,  2.86s/it]                                                     27%|██▋       | 835/3094 [42:01<1:47:29,  2.86s/it] 27%|██▋       | 836/3094 [42:03<1:44:09,  2.77s/it]                                                     27%|██▋       | 836/3094 [42:03<1:44:09,  2.77s/it] 27%|██▋       | 837/3094 [42:06<1:47:21,  2.85s/it]                                                     27%|██▋       | 837/3094 [42:06<1:47:21,  2.85s/it] 27%|██▋       | 838/3094 [42:09<1:48:02,  2.87s/it]                                                     27%|██▋       | 838/3094 [42:09<1:48:02,  2.87s/it] 27%|██▋       | 839/3094 [42:12<1:48:22,  2.88s/it]                                                     27%|██▋       | 839/3094 [42:12<1:48:22,  2.88s/it] 27%|██▋       | 840/3094 [42:15<1:43:57,  2.77s/it]                                                     27%|██▋       | 840/3094 [42:15<1:43:57,  2.77s/it] 27%|██▋       | 841/3094 [42:18<1:50:31,  2.94s/it]                                                     27%|██▋       | 841/3094 [42:18<1:50:31,  2.94s/it] 27%|██▋       | 842/3094 [42:21<1:47:24,  2.86s/it]                                                     27%|██▋       | 842/3094 [42:21<1:47:24,  2.86s/it] 27%|██▋       | 843/3094 [42:24<1:45:38,  2.82s/it]                                                     27%|██▋       | 843/3094 [42:24<1:45:38,  2.82s/it] 27%|██▋       | 844/3094 [42:27<1:51:22,  2.97s/it]                                                     27%|██▋       | 844/3094 [42:27<1:51:22,  2.97s/it] 27%|██▋       | 845/3094 [42:30<1:48:32,  2.90s/it]                                                     27%|██▋       | 845/3094 [42:30<1:48:32,  2.90s/it] 27%|██▋       | 846/3094 [42:32<1:48:01,  2.88s/it]                                                     27%|██▋       | 846/3094 [42:32<1:48:01,  2.88s/it] 27%|██▋       | 847/3094 [42:35<1:45:43,  2.82s/it]                                                     27%|██▋       | 847/3094 [42:35<1:45:43,  2.82s/it] 27%|██▋       | 848/3094 [42:38<1:46:11,  2.84s/it]                                                    
{'loss': 1.9447, 'grad_norm': 0.19080187380313873, 'learning_rate': 0.00015040466170281646, 'epoch': 0.25}
{'loss': 2.0364, 'grad_norm': 0.20458805561065674, 'learning_rate': 0.00015033991583036582, 'epoch': 0.25}
{'loss': 1.9128, 'grad_norm': 0.17461887001991272, 'learning_rate': 0.0001502751699579152, 'epoch': 0.25}
{'loss': 1.9032, 'grad_norm': 0.21337451040744781, 'learning_rate': 0.00015021042408546454, 'epoch': 0.25}
{'loss': 2.2216, 'grad_norm': 0.20625433325767517, 'learning_rate': 0.00015014567821301393, 'epoch': 0.25}
{'loss': 1.7734, 'grad_norm': 0.2209377884864807, 'learning_rate': 0.00015008093234056331, 'epoch': 0.25}
{'loss': 2.0312, 'grad_norm': 0.22840850055217743, 'learning_rate': 0.00015001618646811267, 'epoch': 0.25}
{'loss': 2.0265, 'grad_norm': 0.1982712745666504, 'learning_rate': 0.00014995144059566203, 'epoch': 0.25}
{'loss': 1.93, 'grad_norm': 0.2798411548137665, 'learning_rate': 0.0001498866947232114, 'epoch': 0.25}
{'loss': 1.7991, 'grad_norm': 0.17898084223270416, 'learning_rate': 0.00014982194885076078, 'epoch': 0.25}
{'loss': 2.1268, 'grad_norm': 0.22902309894561768, 'learning_rate': 0.00014975720297831014, 'epoch': 0.25}
{'loss': 1.9777, 'grad_norm': 0.20053979754447937, 'learning_rate': 0.0001496924571058595, 'epoch': 0.25}
{'loss': 1.9073, 'grad_norm': 0.21598073840141296, 'learning_rate': 0.0001496277112334089, 'epoch': 0.25}
{'loss': 1.8916, 'grad_norm': 0.2094707190990448, 'learning_rate': 0.00014956296536095825, 'epoch': 0.25}
{'loss': 1.9327, 'grad_norm': 0.18956340849399567, 'learning_rate': 0.0001494982194885076, 'epoch': 0.25}
{'loss': 1.8669, 'grad_norm': 0.18633563816547394, 'learning_rate': 0.00014943347361605697, 'epoch': 0.25}
{'loss': 1.8302, 'grad_norm': 0.2079131007194519, 'learning_rate': 0.00014936872774360635, 'epoch': 0.25}
{'loss': 1.5914, 'grad_norm': 0.20322029292583466, 'learning_rate': 0.00014930398187115574, 'epoch': 0.26}
{'loss': 1.9449, 'grad_norm': 0.203766331076622, 'learning_rate': 0.00014923923599870507, 'epoch': 0.26}
{'loss': 1.9377, 'grad_norm': 0.21807309985160828, 'learning_rate': 0.00014917449012625446, 'epoch': 0.26}
{'loss': 2.0701, 'grad_norm': 0.20968714356422424, 'learning_rate': 0.00014910974425380382, 'epoch': 0.26}
{'loss': 1.8783, 'grad_norm': 0.19061222672462463, 'learning_rate': 0.0001490449983813532, 'epoch': 0.26}
{'loss': 2.1344, 'grad_norm': 0.1963348388671875, 'learning_rate': 0.00014898025250890257, 'epoch': 0.26}
{'loss': 2.135, 'grad_norm': 0.18959882855415344, 'learning_rate': 0.00014891550663645193, 'epoch': 0.26}
{'loss': 2.0747, 'grad_norm': 0.20528952777385712, 'learning_rate': 0.00014885076076400131, 'epoch': 0.26}
{'loss': 1.9248, 'grad_norm': 0.20378707349300385, 'learning_rate': 0.00014878601489155067, 'epoch': 0.26}
{'loss': 1.8973, 'grad_norm': 0.21575705707073212, 'learning_rate': 0.00014872126901910003, 'epoch': 0.26}
{'loss': 1.825, 'grad_norm': 0.21197570860385895, 'learning_rate': 0.00014865652314664942, 'epoch': 0.26}
{'loss': 2.0432, 'grad_norm': 0.20920278131961823, 'learning_rate': 0.00014859177727419878, 'epoch': 0.26}
{'loss': 2.0115, 'grad_norm': 0.21639631688594818, 'learning_rate': 0.00014852703140174814, 'epoch': 0.26}
{'loss': 1.8505, 'grad_norm': 0.21186114847660065, 'learning_rate': 0.0001484622855292975, 'epoch': 0.26}
{'loss': 1.8039, 'grad_norm': 0.17303062975406647, 'learning_rate': 0.0001483975396568469, 'epoch': 0.26}
{'loss': 2.2218, 'grad_norm': 0.2485455423593521, 'learning_rate': 0.00014833279378439628, 'epoch': 0.26}
{'loss': 2.0329, 'grad_norm': 0.21091662347316742, 'learning_rate': 0.0001482680479119456, 'epoch': 0.26}
{'loss': 1.8518, 'grad_norm': 0.21494300663471222, 'learning_rate': 0.000148203302039495, 'epoch': 0.26}
{'loss': 2.0418, 'grad_norm': 0.22750380635261536, 'learning_rate': 0.00014813855616704435, 'epoch': 0.26}
{'loss': 1.772, 'grad_norm': 0.18315941095352173, 'learning_rate': 0.00014807381029459374, 'epoch': 0.26}
{'loss': 1.7343, 'grad_norm': 0.19174699485301971, 'learning_rate': 0.00014800906442214307, 'epoch': 0.26}
{'loss': 1.8691, 'grad_norm': 0.17645713686943054, 'learning_rate': 0.00014794431854969246, 'epoch': 0.26}
{'loss': 2.0349, 'grad_norm': 0.20059135556221008, 'learning_rate': 0.00014787957267724185, 'epoch': 0.26}
{'loss': 1.8831, 'grad_norm': 0.20154346525669098, 'learning_rate': 0.0001478148268047912, 'epoch': 0.26}
{'loss': 2.0119, 'grad_norm': 0.21008607745170593, 'learning_rate': 0.00014775008093234057, 'epoch': 0.26}
{'loss': 2.0567, 'grad_norm': 0.20657393336296082, 'learning_rate': 0.00014768533505988993, 'epoch': 0.26}
{'loss': 2.0131, 'grad_norm': 0.23395827412605286, 'learning_rate': 0.00014762058918743932, 'epoch': 0.26}
{'loss': 1.751, 'grad_norm': 0.19969651103019714, 'learning_rate': 0.00014755584331498868, 'epoch': 0.26}
{'loss': 1.7828, 'grad_norm': 0.2065507173538208, 'learning_rate': 0.00014749109744253803, 'epoch': 0.26}
{'loss': 2.0233, 'grad_norm': 0.2040203958749771, 'learning_rate': 0.00014742635157008742, 'epoch': 0.26}
{'loss': 1.9575, 'grad_norm': 0.1986115723848343, 'learning_rate': 0.00014736160569763678, 'epoch': 0.26}
{'loss': 2.135, 'grad_norm': 0.22206729650497437, 'learning_rate': 0.00014729685982518614, 'epoch': 0.27}
{'loss': 1.8607, 'grad_norm': 0.20658372342586517, 'learning_rate': 0.00014723211395273553, 'epoch': 0.27}
{'loss': 1.868, 'grad_norm': 0.2200484722852707, 'learning_rate': 0.0001471673680802849, 'epoch': 0.27}
{'loss': 1.7741, 'grad_norm': 0.20753999054431915, 'learning_rate': 0.00014710262220783425, 'epoch': 0.27}
{'loss': 2.0173, 'grad_norm': 0.17196506261825562, 'learning_rate': 0.0001470378763353836, 'epoch': 0.27}
{'loss': 1.9495, 'grad_norm': 0.19447867572307587, 'learning_rate': 0.000146973130462933, 'epoch': 0.27}
{'loss': 1.8976, 'grad_norm': 0.20444895327091217, 'learning_rate': 0.00014690838459048238, 'epoch': 0.27}
{'loss': 1.8181, 'grad_norm': 0.1991877555847168, 'learning_rate': 0.00014684363871803172, 'epoch': 0.27}
{'loss': 1.8774, 'grad_norm': 0.26048439741134644, 'learning_rate': 0.0001467788928455811, 'epoch': 0.27}
{'loss': 1.8609, 'grad_norm': 0.20003361999988556, 'learning_rate': 0.00014671414697313046, 'epoch': 0.27}
{'loss': 2.0085, 'grad_norm': 0.23262514173984528, 'learning_rate': 0.00014664940110067985, 'epoch': 0.27}
{'loss': 2.0689, 'grad_norm': 0.19241702556610107, 'learning_rate': 0.0001465846552282292, 'epoch': 0.27}
{'loss': 1.7535, 'grad_norm': 0.1882103979587555, 'learning_rate': 0.00014651990935577857, 'epoch': 0.27}
{'loss': 1.9937, 'grad_norm': 0.21046794950962067, 'learning_rate': 0.00014645516348332796, 'epoch': 0.27}
{'loss': 2.0665, 'grad_norm': 0.21569441258907318, 'learning_rate': 0.00014639041761087732, 'epoch': 0.27}
{'loss': 1.9961, 'grad_norm': 0.20312468707561493, 'learning_rate': 0.00014632567173842668, 'epoch': 0.27}
{'loss': 2.0093, 'grad_norm': 0.2219882309436798, 'learning_rate': 0.00014626092586597606, 'epoch': 0.27}
{'loss': 1.9016, 'grad_norm': 0.18433400988578796, 'learning_rate': 0.00014619617999352542, 'epoch': 0.27}
{'loss': 2.1219, 'grad_norm': 0.22111554443836212, 'learning_rate': 0.00014613143412107478, 'epoch': 0.27}
{'loss': 2.1629, 'grad_norm': 0.24280492961406708, 'learning_rate': 0.00014606668824862414, 'epoch': 0.27}
{'loss': 1.9258, 'grad_norm': 0.22903327643871307, 'learning_rate': 0.00014600194237617353, 'epoch': 0.27}
{'loss': 1.9219, 'grad_norm': 0.20018842816352844, 'learning_rate': 0.0001459371965037229, 'epoch': 0.27}
{'loss': 2.0124, 'grad_norm': 0.2314247488975525, 'learning_rate': 0.00014587245063127225, 'epoch': 0.27}
{'loss': 2.0054, 'grad_norm': 0.19747419655323029, 'learning_rate': 0.00014580770475882164, 'epoch': 0.27}
{'loss': 1.8636, 'grad_norm': 0.21528002619743347, 'learning_rate': 0.000145742958886371, 'epoch': 0.27}
{'loss': 2.0296, 'grad_norm': 0.2167285829782486, 'learning_rate': 0.00014567821301392038, 'epoch': 0.27}
{'loss': 2.2405, 'grad_norm': 0.2220618724822998, 'learning_rate': 0.00014561346714146972, 'epoch': 0.27}
{'loss': 2.1816, 'grad_norm': 0.2168360948562622, 'learning_rate': 0.0001455487212690191, 'epoch': 0.27}
{'loss': 1.9392, 'grad_norm': 0.1989809274673462, 'learning_rate': 0.0001454839753965685, 'epoch': 0.27} 27%|██▋       | 848/3094 [42:38<1:46:11,  2.84s/it] 27%|██▋       | 849/3094 [42:41<1:45:21,  2.82s/it]                                                     27%|██▋       | 849/3094 [42:41<1:45:21,  2.82s/it] 27%|██▋       | 850/3094 [42:43<1:43:25,  2.77s/it]                                                     27%|██▋       | 850/3094 [42:43<1:43:25,  2.77s/it] 28%|██▊       | 851/3094 [42:46<1:42:47,  2.75s/it]                                                     28%|██▊       | 851/3094 [42:46<1:42:47,  2.75s/it] 28%|██▊       | 852/3094 [42:49<1:42:39,  2.75s/it]                                                     28%|██▊       | 852/3094 [42:49<1:42:39,  2.75s/it] 28%|██▊       | 853/3094 [42:52<1:44:52,  2.81s/it]                                                     28%|██▊       | 853/3094 [42:52<1:44:52,  2.81s/it] 28%|██▊       | 854/3094 [42:55<1:45:18,  2.82s/it]                                                     28%|██▊       | 854/3094 [42:55<1:45:18,  2.82s/it] 28%|██▊       | 855/3094 [42:58<1:48:31,  2.91s/it]                                                     28%|██▊       | 855/3094 [42:58<1:48:31,  2.91s/it] 28%|██▊       | 856/3094 [43:00<1:43:15,  2.77s/it]                                                     28%|██▊       | 856/3094 [43:00<1:43:15,  2.77s/it] 28%|██▊       | 857/3094 [43:03<1:44:16,  2.80s/it]                                                     28%|██▊       | 857/3094 [43:03<1:44:16,  2.80s/it] 28%|██▊       | 858/3094 [43:06<1:45:46,  2.84s/it]                                                     28%|██▊       | 858/3094 [43:06<1:45:46,  2.84s/it] 28%|██▊       | 859/3094 [43:09<1:42:20,  2.75s/it]                                                     28%|██▊       | 859/3094 [43:09<1:42:20,  2.75s/it] 28%|██▊       | 860/3094 [43:11<1:42:46,  2.76s/it]                                                     28%|██▊       | 860/3094 [43:11<1:42:46,  2.76s/it] 28%|██▊       | 861/3094 [43:15<1:47:31,  2.89s/it]                                                     28%|██▊       | 861/3094 [43:15<1:47:31,  2.89s/it] 28%|██▊       | 862/3094 [43:18<1:53:07,  3.04s/it]                                                     28%|██▊       | 862/3094 [43:18<1:53:07,  3.04s/it] 28%|██▊       | 863/3094 [43:21<1:48:56,  2.93s/it]                                                     28%|██▊       | 863/3094 [43:21<1:48:56,  2.93s/it] 28%|██▊       | 864/3094 [43:24<1:50:30,  2.97s/it]                                                     28%|██▊       | 864/3094 [43:24<1:50:30,  2.97s/it] 28%|██▊       | 865/3094 [43:27<1:51:24,  3.00s/it]                                                     28%|██▊       | 865/3094 [43:27<1:51:24,  3.00s/it] 28%|██▊       | 866/3094 [43:30<1:49:40,  2.95s/it]                                                     28%|██▊       | 866/3094 [43:30<1:49:40,  2.95s/it] 28%|██▊       | 867/3094 [43:32<1:47:59,  2.91s/it]                                                     28%|██▊       | 867/3094 [43:32<1:47:59,  2.91s/it] 28%|██▊       | 868/3094 [43:36<1:50:30,  2.98s/it]                                                     28%|██▊       | 868/3094 [43:36<1:50:30,  2.98s/it] 28%|██▊       | 869/3094 [43:39<1:55:33,  3.12s/it]                                                     28%|██▊       | 869/3094 [43:39<1:55:33,  3.12s/it] 28%|██▊       | 870/3094 [43:42<1:54:53,  3.10s/it]                                                     28%|██▊       | 870/3094 [43:42<1:54:53,  3.10s/it] 28%|██▊       | 871/3094 [43:45<1:57:47,  3.18s/it]                                                     28%|██▊       | 871/3094 [43:45<1:57:47,  3.18s/it] 28%|██▊       | 872/3094 [43:48<1:56:01,  3.13s/it]                                                     28%|██▊       | 872/3094 [43:48<1:56:01,  3.13s/it] 28%|██▊       | 873/3094 [43:52<1:57:01,  3.16s/it]                                                     28%|██▊       | 873/3094 [43:52<1:57:01,  3.16s/it] 28%|██▊       | 874/3094 [43:55<1:58:30,  3.20s/it]                                                     28%|██▊       | 874/3094 [43:55<1:58:30,  3.20s/it] 28%|██▊       | 875/3094 [43:59<2:02:54,  3.32s/it]                                                     28%|██▊       | 875/3094 [43:59<2:02:54,  3.32s/it] 28%|██▊       | 876/3094 [44:01<1:58:14,  3.20s/it]                                                     28%|██▊       | 876/3094 [44:01<1:58:14,  3.20s/it] 28%|██▊       | 877/3094 [44:04<1:51:04,  3.01s/it]                                                     28%|██▊       | 877/3094 [44:04<1:51:04,  3.01s/it] 28%|██▊       | 878/3094 [44:07<1:50:46,  3.00s/it]                                                     28%|██▊       | 878/3094 [44:07<1:50:46,  3.00s/it] 28%|██▊       | 879/3094 [44:10<1:48:17,  2.93s/it]                                                     28%|██▊       | 879/3094 [44:10<1:48:17,  2.93s/it] 28%|██▊       | 880/3094 [44:13<1:50:51,  3.00s/it]                                                     28%|██▊       | 880/3094 [44:13<1:50:51,  3.00s/it] 28%|██▊       | 881/3094 [44:16<1:49:24,  2.97s/it]                                                     28%|██▊       | 881/3094 [44:16<1:49:24,  2.97s/it] 29%|██▊       | 882/3094 [44:19<1:49:40,  2.97s/it]                                                     29%|██▊       | 882/3094 [44:19<1:49:40,  2.97s/it] 29%|██▊       | 883/3094 [44:21<1:45:33,  2.86s/it]                                                     29%|██▊       | 883/3094 [44:21<1:45:33,  2.86s/it] 29%|██▊       | 884/3094 [44:24<1:44:26,  2.84s/it]                                                     29%|██▊       | 884/3094 [44:24<1:44:26,  2.84s/it] 29%|██▊       | 885/3094 [44:27<1:43:45,  2.82s/it]                                                     29%|██▊       | 885/3094 [44:27<1:43:45,  2.82s/it] 29%|██▊       | 886/3094 [44:30<1:42:42,  2.79s/it]                                                     29%|██▊       | 886/3094 [44:30<1:42:42,  2.79s/it] 29%|██▊       | 887/3094 [44:33<1:46:20,  2.89s/it]                                                     29%|██▊       | 887/3094 [44:33<1:46:20,  2.89s/it] 29%|██▊       | 888/3094 [44:35<1:43:04,  2.80s/it]                                                     29%|██▊       | 888/3094 [44:35<1:43:04,  2.80s/it] 29%|██▊       | 889/3094 [44:38<1:45:10,  2.86s/it]                                                     29%|██▊       | 889/3094 [44:38<1:45:10,  2.86s/it] 29%|██▉       | 890/3094 [44:42<1:47:57,  2.94s/it]                                                     29%|██▉       | 890/3094 [44:42<1:47:57,  2.94s/it] 29%|██▉       | 891/3094 [44:44<1:48:00,  2.94s/it]                                                     29%|██▉       | 891/3094 [44:44<1:48:00,  2.94s/it] 29%|██▉       | 892/3094 [44:48<1:53:01,  3.08s/it]                                                     29%|██▉       | 892/3094 [44:48<1:53:01,  3.08s/it] 29%|██▉       | 893/3094 [44:51<1:51:11,  3.03s/it]                                                     29%|██▉       | 893/3094 [44:51<1:51:11,  3.03s/it] 29%|██▉       | 894/3094 [44:54<1:48:03,  2.95s/it]                                                     29%|██▉       | 894/3094 [44:54<1:48:03,  2.95s/it] 29%|██▉       | 895/3094 [44:56<1:43:25,  2.82s/it]                                                     29%|██▉       | 895/3094 [44:56<1:43:25,  2.82s/it] 29%|██▉       | 896/3094 [45:00<1:50:32,  3.02s/it]                                                     29%|██▉       | 896/3094 [45:00<1:50:32,  3.02s/it] 29%|██▉       | 897/3094 [45:02<1:47:09,  2.93s/it]                                                     29%|██▉       | 897/3094 [45:02<1:47:09,  2.93s/it] 29%|██▉       | 898/3094 [45:05<1:45:35,  2.89s/it]                                                     29%|██▉       | 898/3094 [45:05<1:45:35,  2.89s/it] 29%|██▉       | 899/3094 [45:08<1:41:46,  2.78s/it]                                                     29%|██▉       | 899/3094 [45:08<1:41:46,  2.78s/it] 29%|██▉       | 900/3094 [45:11<1:44:15,  2.85s/it]                                                     29%|██▉       | 900/3094 [45:11<1:44:15,  2.85s/it] 29%|██▉       | 901/3094 [45:13<1:43:47,  2.84s/it]                                                     29%|██▉       | 901/3094 [45:13<1:43:47,  2.84s/it] 29%|██▉       | 902/3094 [45:16<1:43:42,  2.84s/it]                                                     29%|██▉       | 902/3094 [45:16<1:43:42,  2.84s/it] 29%|██▉       | 903/3094 [45:19<1:42:25,  2.81s/it]                                                     29%|██▉       | 903/3094 [45:19<1:42:25,  2.81s/it] 29%|██▉       | 904/3094 [45:21<1:39:18,  2.72s/it]                                                     29%|██▉       | 904/3094 [45:21<1:39:18,  2.72s/it] 29%|██▉       | 905/3094 [45:24<1:40:21,  2.75s/it]                                                     29%|██▉       | 905/3094 [45:24<1:40:21,  2.75s/it] 29%|██▉       | 906/3094 [45:27<1:43:11,  2.83s/it]                                                     29%|██▉       | 906/3094 [45:27<1:43:11,  2.83s/it] 29%|██▉       | 907/3094 [45:30<1:45:13,  2.89s/it]                                                     29%|██▉       | 907/3094 [45:30<1:45:13,  2.89s/it] 29%|██▉       | 908/3094 [45:33<1:45:03,  2.88s/it]                                                     29%|██▉       | 908/3094 [45:33<1:45:03,  2.88s/it] 29%|██▉       | 909/3094 [45:36<1:42:47,  2.82s/it]                                                     29%|██▉       | 909/3094 [45:36<1:42:47,  2.82s/it] 29%|██▉       | 910/3094 [45:39<1:42:39,  2.82s/it]                                                     29%|██▉       | 910/3094 [45:39<1:42:39,  2.82s/it] 29%|██▉       | 911/3094 [45:42<1:43:47,  2.85s/it]                                                     29%|██▉       | 911/3094 [45:42<1:43:47,  2.85s/it] 29%|██▉       | 912/3094 [45:45<1:46:29,  2.93s/it]                                                     29%|██▉       | 912/3094 [45:45<1:46:29,  2.93s/it] 30%|██▉       | 913/3094 [45:48<1:49:35,  3.02s/it]                                                     30%|██▉       | 913/3094 [45:48<1:49:35,  3.02s/it] 30%|██▉       | 914/3094 [45:51<1:46:32,  2.93s/it]                                                     30%|██▉       | 914/3094 [45:51<1:46:32,  2.93s/it] 30%|██▉       | 915/3094 [45:53<1:44:31,  2.88s/it]                                                     30%|██▉       | 915/3094 [45:53<1:44:31,  2.88s/it] 30%|██▉       | 916/3094 [45:57<1:46:30,  2.93s/it]                                                     30%|██▉       | 916/3094 [45:57<1:46:30,  2.93s/it] 30%|██▉       | 917/3094 [45:59<1:43:04,  2.84s/it]                                                     30%|██▉       | 917/3094 [45:59<1:43:04,  2.84s/it] 30%|██▉       | 918/3094 [46:02<1:44:28,  2.88s/it]                                                     30%|██▉       | 918/3094 [46:02<1:44:28,  2.88s/it] 30%|██▉       | 919/3094 [46:05<1:44:57,  2.90s/it]                                                     30%|██▉       | 919/3094 [46:05<1:44:57,  2.90s/it] 30%|██▉       | 920/3094 [46:08<1:44:57,  2.90s/it]                                                     30%|██▉       | 920/3094 [46:08<1:44:57,  2.90s/it] 30%|██▉       | 921/3094 [46:11<1:44:45,  2.89s/it]                                                     30%|██▉       | 921/3094 [46:11<1:44:45,  2.89s/it] 30%|██▉       | 922/3094 [46:13<1:41:31,  2.80s/it]                                                     30%|██▉       | 922/3094 [46:13<1:41:31,  2.80s/it] 30%|██▉       | 923/3094 [46:16<1:43:16,  2.85s/it]                                                     30%|██▉       | 923/3094 [46:16<1:43:16,  2.85s/it] 30%|██▉       | 924/3094 [46:19<1:42:32,  2.84s/it]                                                     30%|██▉       | 924/3094 [46:19<1:42:32,  2.84s/it] 30%|██▉       | 925/3094 [46:22<1:44:50,  2.90s/it]                                                    
{'loss': 1.9492, 'grad_norm': 0.21052925288677216, 'learning_rate': 0.00014541922952411785, 'epoch': 0.27}
{'loss': 2.0787, 'grad_norm': 0.21922864019870758, 'learning_rate': 0.0001453544836516672, 'epoch': 0.27}
{'loss': 2.0363, 'grad_norm': 0.2246926724910736, 'learning_rate': 0.00014528973777921657, 'epoch': 0.28}
{'loss': 2.1233, 'grad_norm': 0.2155599147081375, 'learning_rate': 0.00014522499190676596, 'epoch': 0.28}
{'loss': 2.0661, 'grad_norm': 0.20897142589092255, 'learning_rate': 0.00014516024603431532, 'epoch': 0.28}
{'loss': 1.9328, 'grad_norm': 0.2089419662952423, 'learning_rate': 0.00014509550016186468, 'epoch': 0.28}
{'loss': 1.9648, 'grad_norm': 0.19326549768447876, 'learning_rate': 0.00014503075428941406, 'epoch': 0.28}
{'loss': 2.1771, 'grad_norm': 0.22144456207752228, 'learning_rate': 0.00014496600841696342, 'epoch': 0.28}
{'loss': 2.0253, 'grad_norm': 0.21107494831085205, 'learning_rate': 0.00014490126254451278, 'epoch': 0.28}
{'loss': 1.903, 'grad_norm': 0.21064521372318268, 'learning_rate': 0.00014483651667206217, 'epoch': 0.28}
{'loss': 2.0544, 'grad_norm': 0.21661503612995148, 'learning_rate': 0.00014477177079961153, 'epoch': 0.28}
{'loss': 2.1052, 'grad_norm': 0.21621090173721313, 'learning_rate': 0.00014470702492716092, 'epoch': 0.28}
{'loss': 2.1242, 'grad_norm': 0.19741980731487274, 'learning_rate': 0.00014464227905471025, 'epoch': 0.28}
{'loss': 1.944, 'grad_norm': 0.20336849987506866, 'learning_rate': 0.00014457753318225964, 'epoch': 0.28}
{'loss': 2.0838, 'grad_norm': 0.2341689169406891, 'learning_rate': 0.00014451278730980902, 'epoch': 0.28}
{'loss': 2.022, 'grad_norm': 0.1979103833436966, 'learning_rate': 0.00014444804143735838, 'epoch': 0.28}
{'loss': 2.2827, 'grad_norm': 0.20967240631580353, 'learning_rate': 0.00014438329556490774, 'epoch': 0.28}
{'loss': 2.1385, 'grad_norm': 0.20035536587238312, 'learning_rate': 0.0001443185496924571, 'epoch': 0.28}
{'loss': 2.0224, 'grad_norm': 0.22742131352424622, 'learning_rate': 0.0001442538038200065, 'epoch': 0.28}
{'loss': 1.8339, 'grad_norm': 0.18670415878295898, 'learning_rate': 0.00014418905794755585, 'epoch': 0.28}
{'loss': 1.9353, 'grad_norm': 0.19027850031852722, 'learning_rate': 0.0001441243120751052, 'epoch': 0.28}
{'loss': 1.9562, 'grad_norm': 0.21332113444805145, 'learning_rate': 0.0001440595662026546, 'epoch': 0.28}
{'loss': 2.0378, 'grad_norm': 0.1867416501045227, 'learning_rate': 0.00014399482033020396, 'epoch': 0.28}
{'loss': 2.0348, 'grad_norm': 0.22770273685455322, 'learning_rate': 0.00014393007445775332, 'epoch': 0.28}
{'loss': 1.9588, 'grad_norm': 0.19094218313694, 'learning_rate': 0.00014386532858530268, 'epoch': 0.28}
{'loss': 2.0621, 'grad_norm': 0.19113889336585999, 'learning_rate': 0.00014380058271285206, 'epoch': 0.28}
{'loss': 1.6231, 'grad_norm': 0.1787542700767517, 'learning_rate': 0.00014373583684040145, 'epoch': 0.28}
{'loss': 2.0701, 'grad_norm': 0.220985546708107, 'learning_rate': 0.00014367109096795078, 'epoch': 0.28}
{'loss': 1.9629, 'grad_norm': 0.2314520627260208, 'learning_rate': 0.00014360634509550017, 'epoch': 0.28}
{'loss': 2.0276, 'grad_norm': 0.22442704439163208, 'learning_rate': 0.00014354159922304953, 'epoch': 0.28}
{'loss': 2.1766, 'grad_norm': 0.21875536441802979, 'learning_rate': 0.00014347685335059892, 'epoch': 0.28}
{'loss': 2.0159, 'grad_norm': 0.208125501871109, 'learning_rate': 0.00014341210747814828, 'epoch': 0.28}
{'loss': 2.1553, 'grad_norm': 0.2363303005695343, 'learning_rate': 0.00014334736160569764, 'epoch': 0.28}
{'loss': 2.041, 'grad_norm': 0.2029104083776474, 'learning_rate': 0.00014328261573324702, 'epoch': 0.29}
{'loss': 2.098, 'grad_norm': 0.22596623003482819, 'learning_rate': 0.00014321786986079638, 'epoch': 0.29}
{'loss': 2.0898, 'grad_norm': 0.20589719712734222, 'learning_rate': 0.00014315312398834574, 'epoch': 0.29}
{'loss': 2.146, 'grad_norm': 0.21939823031425476, 'learning_rate': 0.00014308837811589513, 'epoch': 0.29}
{'loss': 2.0522, 'grad_norm': 0.23594529926776886, 'learning_rate': 0.0001430236322434445, 'epoch': 0.29}
{'loss': 1.8199, 'grad_norm': 0.20395749807357788, 'learning_rate': 0.00014295888637099385, 'epoch': 0.29}
{'loss': 1.9515, 'grad_norm': 0.21907435357570648, 'learning_rate': 0.0001428941404985432, 'epoch': 0.29}
{'loss': 1.8863, 'grad_norm': 0.19729501008987427, 'learning_rate': 0.0001428293946260926, 'epoch': 0.29}
{'loss': 2.0557, 'grad_norm': 0.19762153923511505, 'learning_rate': 0.00014276464875364198, 'epoch': 0.29}
{'loss': 1.7732, 'grad_norm': 0.21932892501354218, 'learning_rate': 0.00014269990288119132, 'epoch': 0.29}
{'loss': 2.0803, 'grad_norm': 0.18605570495128632, 'learning_rate': 0.0001426351570087407, 'epoch': 0.29}
{'loss': 1.9513, 'grad_norm': 0.21058285236358643, 'learning_rate': 0.00014257041113629006, 'epoch': 0.29}
{'loss': 2.0818, 'grad_norm': 0.22250668704509735, 'learning_rate': 0.00014250566526383945, 'epoch': 0.29}
{'loss': 2.1486, 'grad_norm': 0.22657382488250732, 'learning_rate': 0.0001424409193913888, 'epoch': 0.29}
{'loss': 1.8653, 'grad_norm': 0.18893426656723022, 'learning_rate': 0.00014237617351893817, 'epoch': 0.29}
{'loss': 1.9696, 'grad_norm': 0.2174842208623886, 'learning_rate': 0.00014231142764648756, 'epoch': 0.29}
{'loss': 2.0784, 'grad_norm': 0.2150641679763794, 'learning_rate': 0.00014224668177403692, 'epoch': 0.29}
{'loss': 1.9769, 'grad_norm': 0.21545958518981934, 'learning_rate': 0.00014218193590158628, 'epoch': 0.29}
{'loss': 2.0798, 'grad_norm': 0.22517572343349457, 'learning_rate': 0.00014211719002913564, 'epoch': 0.29}
{'loss': 1.9673, 'grad_norm': 0.21757251024246216, 'learning_rate': 0.00014205244415668502, 'epoch': 0.29}
{'loss': 2.0164, 'grad_norm': 0.23760190606117249, 'learning_rate': 0.00014198769828423438, 'epoch': 0.29}
{'loss': 2.1069, 'grad_norm': 0.22753560543060303, 'learning_rate': 0.00014192295241178374, 'epoch': 0.29}
{'loss': 2.0415, 'grad_norm': 0.24616827070713043, 'learning_rate': 0.00014185820653933313, 'epoch': 0.29}
{'loss': 2.14, 'grad_norm': 0.20258155465126038, 'learning_rate': 0.0001417934606668825, 'epoch': 0.29}
{'loss': 1.7308, 'grad_norm': 0.18682362139225006, 'learning_rate': 0.00014172871479443185, 'epoch': 0.29}
{'loss': 1.8916, 'grad_norm': 0.20938628911972046, 'learning_rate': 0.00014166396892198124, 'epoch': 0.29}
{'loss': 2.187, 'grad_norm': 0.22599588334560394, 'learning_rate': 0.0001415992230495306, 'epoch': 0.29}
{'loss': 2.1849, 'grad_norm': 0.230296328663826, 'learning_rate': 0.00014153447717707998, 'epoch': 0.29}
{'loss': 1.942, 'grad_norm': 0.21917624771595, 'learning_rate': 0.00014146973130462932, 'epoch': 0.29}
{'loss': 2.1648, 'grad_norm': 0.209581658244133, 'learning_rate': 0.0001414049854321787, 'epoch': 0.29}
{'loss': 2.013, 'grad_norm': 0.20774203538894653, 'learning_rate': 0.0001413402395597281, 'epoch': 0.29}
{'loss': 1.8611, 'grad_norm': 0.19126319885253906, 'learning_rate': 0.00014127549368727745, 'epoch': 0.3}
{'loss': 1.8918, 'grad_norm': 0.22978860139846802, 'learning_rate': 0.0001412107478148268, 'epoch': 0.3}
{'loss': 1.9256, 'grad_norm': 0.23411935567855835, 'learning_rate': 0.00014114600194237617, 'epoch': 0.3}
{'loss': 1.8756, 'grad_norm': 0.2059072107076645, 'learning_rate': 0.00014108125606992556, 'epoch': 0.3}
{'loss': 2.0338, 'grad_norm': 0.2222784012556076, 'learning_rate': 0.00014101651019747492, 'epoch': 0.3}
{'loss': 1.9272, 'grad_norm': 0.21654090285301208, 'learning_rate': 0.00014095176432502428, 'epoch': 0.3}
{'loss': 1.7657, 'grad_norm': 0.20915056765079498, 'learning_rate': 0.00014088701845257367, 'epoch': 0.3}
{'loss': 2.1122, 'grad_norm': 0.2165464162826538, 'learning_rate': 0.00014082227258012302, 'epoch': 0.3}
{'loss': 2.2493, 'grad_norm': 0.2140120565891266, 'learning_rate': 0.00014075752670767238, 'epoch': 0.3}
{'loss': 1.9929, 'grad_norm': 0.21543709933757782, 'learning_rate': 0.00014069278083522177, 'epoch': 0.3}
{'loss': 1.9263, 'grad_norm': 0.19194212555885315, 'learning_rate': 0.00014062803496277113, 'epoch': 0.3}
{'loss': 1.8607, 'grad_norm': 0.21733957529067993, 'learning_rate': 0.0001405632890903205, 'epoch': 0.3}
{'loss': 2.0335, 'grad_norm': 0.20373797416687012, 'learning_rate': 0.00014049854321786985, 'epoch': 0.3} 30%|██▉       | 925/3094 [46:22<1:44:50,  2.90s/it] 30%|██▉       | 926/3094 [46:25<1:42:06,  2.83s/it]                                                     30%|██▉       | 926/3094 [46:25<1:42:06,  2.83s/it] 30%|██▉       | 927/3094 [46:28<1:43:36,  2.87s/it]                                                     30%|██▉       | 927/3094 [46:28<1:43:36,  2.87s/it] 30%|██▉       | 928/3094 [46:31<1:45:43,  2.93s/it]                                                     30%|██▉       | 928/3094 [46:31<1:45:43,  2.93s/it] 30%|███       | 929/3094 [46:34<1:48:14,  3.00s/it]                                                     30%|███       | 929/3094 [46:34<1:48:14,  3.00s/it] 30%|███       | 930/3094 [46:38<1:53:46,  3.15s/it]                                                     30%|███       | 930/3094 [46:38<1:53:46,  3.15s/it] 30%|███       | 931/3094 [46:40<1:46:45,  2.96s/it]                                                     30%|███       | 931/3094 [46:40<1:46:45,  2.96s/it] 30%|███       | 932/3094 [46:44<1:53:40,  3.15s/it]                                                     30%|███       | 932/3094 [46:44<1:53:40,  3.15s/it] 30%|███       | 933/3094 [46:47<1:51:07,  3.09s/it]                                                     30%|███       | 933/3094 [46:47<1:51:07,  3.09s/it] 30%|███       | 934/3094 [46:49<1:44:55,  2.91s/it]                                                     30%|███       | 934/3094 [46:49<1:44:55,  2.91s/it] 30%|███       | 935/3094 [46:52<1:45:38,  2.94s/it]                                                     30%|███       | 935/3094 [46:52<1:45:38,  2.94s/it] 30%|███       | 936/3094 [46:55<1:49:27,  3.04s/it]                                                     30%|███       | 936/3094 [46:55<1:49:27,  3.04s/it] 30%|███       | 937/3094 [46:58<1:46:37,  2.97s/it]                                                     30%|███       | 937/3094 [46:58<1:46:37,  2.97s/it] 30%|███       | 938/3094 [47:01<1:47:39,  3.00s/it]                                                     30%|███       | 938/3094 [47:01<1:47:39,  3.00s/it] 30%|███       | 939/3094 [47:04<1:48:53,  3.03s/it]                                                     30%|███       | 939/3094 [47:04<1:48:53,  3.03s/it] 30%|███       | 940/3094 [47:08<1:49:26,  3.05s/it]                                                     30%|███       | 940/3094 [47:08<1:49:26,  3.05s/it] 30%|███       | 941/3094 [47:10<1:44:56,  2.92s/it]                                                     30%|███       | 941/3094 [47:10<1:44:56,  2.92s/it] 30%|███       | 942/3094 [47:13<1:48:07,  3.01s/it]                                                     30%|███       | 942/3094 [47:13<1:48:07,  3.01s/it] 30%|███       | 943/3094 [47:16<1:48:10,  3.02s/it]                                                     30%|███       | 943/3094 [47:16<1:48:10,  3.02s/it] 31%|███       | 944/3094 [47:19<1:47:34,  3.00s/it]                                                     31%|███       | 944/3094 [47:19<1:47:34,  3.00s/it] 31%|███       | 945/3094 [47:22<1:44:04,  2.91s/it]                                                     31%|███       | 945/3094 [47:22<1:44:04,  2.91s/it] 31%|███       | 946/3094 [47:25<1:41:50,  2.84s/it]                                                     31%|███       | 946/3094 [47:25<1:41:50,  2.84s/it] 31%|███       | 947/3094 [47:28<1:42:36,  2.87s/it]                                                     31%|███       | 947/3094 [47:28<1:42:36,  2.87s/it] 31%|███       | 948/3094 [47:30<1:41:55,  2.85s/it]                                                     31%|███       | 948/3094 [47:30<1:41:55,  2.85s/it] 31%|███       | 949/3094 [47:34<1:49:30,  3.06s/it]                                                     31%|███       | 949/3094 [47:34<1:49:30,  3.06s/it] 31%|███       | 950/3094 [47:37<1:47:13,  3.00s/it]                                                     31%|███       | 950/3094 [47:37<1:47:13,  3.00s/it] 31%|███       | 951/3094 [47:40<1:43:23,  2.89s/it]                                                     31%|███       | 951/3094 [47:40<1:43:23,  2.89s/it] 31%|███       | 952/3094 [47:43<1:44:47,  2.94s/it]                                                     31%|███       | 952/3094 [47:43<1:44:47,  2.94s/it] 31%|███       | 953/3094 [47:45<1:41:48,  2.85s/it]                                                     31%|███       | 953/3094 [47:45<1:41:48,  2.85s/it] 31%|███       | 954/3094 [47:48<1:37:17,  2.73s/it]                                                     31%|███       | 954/3094 [47:48<1:37:17,  2.73s/it] 31%|███       | 955/3094 [47:51<1:38:42,  2.77s/it]                                                     31%|███       | 955/3094 [47:51<1:38:42,  2.77s/it] 31%|███       | 956/3094 [47:54<1:46:14,  2.98s/it]                                                     31%|███       | 956/3094 [47:54<1:46:14,  2.98s/it] 31%|███       | 957/3094 [47:58<1:52:16,  3.15s/it]                                                     31%|███       | 957/3094 [47:58<1:52:16,  3.15s/it] 31%|███       | 958/3094 [48:01<1:53:26,  3.19s/it]                                                     31%|███       | 958/3094 [48:01<1:53:26,  3.19s/it] 31%|███       | 959/3094 [48:04<1:52:36,  3.16s/it]                                                     31%|███       | 959/3094 [48:04<1:52:36,  3.16s/it] 31%|███       | 960/3094 [48:07<1:51:12,  3.13s/it]                                                     31%|███       | 960/3094 [48:07<1:51:12,  3.13s/it] 31%|███       | 961/3094 [48:10<1:47:47,  3.03s/it]                                                     31%|███       | 961/3094 [48:10<1:47:47,  3.03s/it] 31%|███       | 962/3094 [48:13<1:44:27,  2.94s/it]                                                     31%|███       | 962/3094 [48:13<1:44:27,  2.94s/it] 31%|███       | 963/3094 [48:15<1:42:35,  2.89s/it]                                                     31%|███       | 963/3094 [48:15<1:42:35,  2.89s/it] 31%|███       | 964/3094 [48:18<1:43:26,  2.91s/it]                                                     31%|███       | 964/3094 [48:18<1:43:26,  2.91s/it] 31%|███       | 965/3094 [48:21<1:39:42,  2.81s/it]                                                     31%|███       | 965/3094 [48:21<1:39:42,  2.81s/it] 31%|███       | 966/3094 [48:24<1:39:24,  2.80s/it]                                                     31%|███       | 966/3094 [48:24<1:39:24,  2.80s/it] 31%|███▏      | 967/3094 [48:27<1:40:27,  2.83s/it]                                                     31%|███▏      | 967/3094 [48:27<1:40:27,  2.83s/it] 31%|███▏      | 968/3094 [48:29<1:36:25,  2.72s/it]                                                     31%|███▏      | 968/3094 [48:29<1:36:25,  2.72s/it] 31%|███▏      | 969/3094 [48:32<1:40:48,  2.85s/it]                                                     31%|███▏      | 969/3094 [48:32<1:40:48,  2.85s/it] 31%|███▏      | 970/3094 [48:35<1:45:04,  2.97s/it]                                                     31%|███▏      | 970/3094 [48:35<1:45:04,  2.97s/it] 31%|███▏      | 971/3094 [48:38<1:39:49,  2.82s/it]                                                     31%|███▏      | 971/3094 [48:38<1:39:49,  2.82s/it] 31%|███▏      | 972/3094 [48:41<1:39:29,  2.81s/it]                                                     31%|███▏      | 972/3094 [48:41<1:39:29,  2.81s/it] 31%|███▏      | 973/3094 [48:44<1:42:19,  2.89s/it]                                                     31%|███▏      | 973/3094 [48:44<1:42:19,  2.89s/it] 31%|███▏      | 974/3094 [48:47<1:43:44,  2.94s/it]                                                     31%|███▏      | 974/3094 [48:47<1:43:44,  2.94s/it] 32%|███▏      | 975/3094 [48:50<1:42:45,  2.91s/it]                                                     32%|███▏      | 975/3094 [48:50<1:42:45,  2.91s/it] 32%|███▏      | 976/3094 [48:52<1:42:35,  2.91s/it]                                                     32%|███▏      | 976/3094 [48:52<1:42:35,  2.91s/it] 32%|███▏      | 977/3094 [48:55<1:40:25,  2.85s/it]                                                     32%|███▏      | 977/3094 [48:55<1:40:25,  2.85s/it] 32%|███▏      | 978/3094 [48:58<1:38:27,  2.79s/it]                                                     32%|███▏      | 978/3094 [48:58<1:38:27,  2.79s/it] 32%|███▏      | 979/3094 [49:01<1:41:44,  2.89s/it]                                                     32%|███▏      | 979/3094 [49:01<1:41:44,  2.89s/it] 32%|███▏      | 980/3094 [49:04<1:43:56,  2.95s/it]                                                     32%|███▏      | 980/3094 [49:04<1:43:56,  2.95s/it] 32%|███▏      | 981/3094 [49:07<1:43:20,  2.93s/it]                                                     32%|███▏      | 981/3094 [49:07<1:43:20,  2.93s/it] 32%|███▏      | 982/3094 [49:10<1:41:57,  2.90s/it]                                                     32%|███▏      | 982/3094 [49:10<1:41:57,  2.90s/it] 32%|███▏      | 983/3094 [49:13<1:43:29,  2.94s/it]                                                     32%|███▏      | 983/3094 [49:13<1:43:29,  2.94s/it] 32%|███▏      | 984/3094 [49:15<1:38:13,  2.79s/it]                                                     32%|███▏      | 984/3094 [49:15<1:38:13,  2.79s/it] 32%|███▏      | 985/3094 [49:18<1:33:12,  2.65s/it]                                                     32%|███▏      | 985/3094 [49:18<1:33:12,  2.65s/it] 32%|███▏      | 986/3094 [49:21<1:36:27,  2.75s/it]                                                     32%|███▏      | 986/3094 [49:21<1:36:27,  2.75s/it] 32%|███▏      | 987/3094 [49:24<1:39:25,  2.83s/it]                                                     32%|███▏      | 987/3094 [49:24<1:39:25,  2.83s/it] 32%|███▏      | 988/3094 [49:26<1:39:46,  2.84s/it]                                                     32%|███▏      | 988/3094 [49:26<1:39:46,  2.84s/it] 32%|███▏      | 989/3094 [49:29<1:39:03,  2.82s/it]                                                     32%|███▏      | 989/3094 [49:29<1:39:03,  2.82s/it] 32%|███▏      | 990/3094 [49:32<1:37:41,  2.79s/it]                                                     32%|███▏      | 990/3094 [49:32<1:37:41,  2.79s/it] 32%|███▏      | 991/3094 [49:35<1:39:05,  2.83s/it]                                                     32%|███▏      | 991/3094 [49:35<1:39:05,  2.83s/it] 32%|███▏      | 992/3094 [49:38<1:37:55,  2.80s/it]                                                     32%|███▏      | 992/3094 [49:38<1:37:55,  2.80s/it] 32%|███▏      | 993/3094 [49:40<1:36:49,  2.77s/it]                                                     32%|███▏      | 993/3094 [49:40<1:36:49,  2.77s/it] 32%|███▏      | 994/3094 [49:43<1:37:36,  2.79s/it]                                                     32%|███▏      | 994/3094 [49:43<1:37:36,  2.79s/it] 32%|███▏      | 995/3094 [49:46<1:34:37,  2.71s/it]                                                     32%|███▏      | 995/3094 [49:46<1:34:37,  2.71s/it] 32%|███▏      | 996/3094 [49:48<1:34:26,  2.70s/it]                                                     32%|███▏      | 996/3094 [49:48<1:34:26,  2.70s/it] 32%|███▏      | 997/3094 [49:51<1:35:52,  2.74s/it]                                                     32%|███▏      | 997/3094 [49:51<1:35:52,  2.74s/it] 32%|███▏      | 998/3094 [49:54<1:40:14,  2.87s/it]                                                     32%|███▏      | 998/3094 [49:54<1:40:14,  2.87s/it] 32%|███▏      | 999/3094 [49:57<1:40:38,  2.88s/it]                                                     32%|███▏      | 999/3094 [49:57<1:40:38,  2.88s/it] 32%|███▏      | 1000/3094 [50:00<1:43:41,  2.97s/it]                                                      32%|███▏      | 1000/3094 [50:00<1:43:41,  2.97s/it] 32%|███▏      | 1001/3094 [50:04<1:45:36,  3.03s/it]                                                      32%|███▏      | 1001/3094 [50:04<1:45:36,  3.03s/it] 32%|███▏      | 1002/3094 [50:07<1:45:54,  3.04s/it]                                                     
{'loss': 1.7695, 'grad_norm': 0.21242767572402954, 'learning_rate': 0.00014043379734541924, 'epoch': 0.3}
{'loss': 1.8836, 'grad_norm': 0.21283362805843353, 'learning_rate': 0.00014036905147296863, 'epoch': 0.3}
{'loss': 1.9415, 'grad_norm': 0.21046121418476105, 'learning_rate': 0.00014030430560051796, 'epoch': 0.3}
{'loss': 2.1716, 'grad_norm': 0.21174822747707367, 'learning_rate': 0.00014023955972806735, 'epoch': 0.3}
{'loss': 1.856, 'grad_norm': 0.18876773118972778, 'learning_rate': 0.0001401748138556167, 'epoch': 0.3}
{'loss': 1.9044, 'grad_norm': 0.25293484330177307, 'learning_rate': 0.0001401100679831661, 'epoch': 0.3}
{'loss': 1.9286, 'grad_norm': 0.1976759284734726, 'learning_rate': 0.00014004532211071542, 'epoch': 0.3}
{'loss': 2.0116, 'grad_norm': 0.23270629346370697, 'learning_rate': 0.0001399805762382648, 'epoch': 0.3}
{'loss': 2.0016, 'grad_norm': 0.22646839916706085, 'learning_rate': 0.0001399158303658142, 'epoch': 0.3}
{'loss': 1.8763, 'grad_norm': 0.20576688647270203, 'learning_rate': 0.00013985108449336356, 'epoch': 0.3}
{'loss': 1.946, 'grad_norm': 0.20858867466449738, 'learning_rate': 0.00013978633862091292, 'epoch': 0.3}
{'loss': 2.2696, 'grad_norm': 0.23835334181785583, 'learning_rate': 0.00013972159274846228, 'epoch': 0.3}
{'loss': 1.9733, 'grad_norm': 0.19531090557575226, 'learning_rate': 0.00013965684687601167, 'epoch': 0.3}
{'loss': 1.9581, 'grad_norm': 0.20385509729385376, 'learning_rate': 0.00013959210100356103, 'epoch': 0.3}
{'loss': 1.7367, 'grad_norm': 0.20621232688426971, 'learning_rate': 0.00013952735513111039, 'epoch': 0.3}
{'loss': 2.1857, 'grad_norm': 0.23089654743671417, 'learning_rate': 0.00013946260925865977, 'epoch': 0.3}
{'loss': 1.9511, 'grad_norm': 0.20114067196846008, 'learning_rate': 0.00013939786338620913, 'epoch': 0.3}
{'loss': 2.0927, 'grad_norm': 0.22039437294006348, 'learning_rate': 0.0001393331175137585, 'epoch': 0.3}
{'loss': 2.0349, 'grad_norm': 0.23840618133544922, 'learning_rate': 0.00013926837164130788, 'epoch': 0.31}
{'loss': 1.9599, 'grad_norm': 0.2275054007768631, 'learning_rate': 0.00013920362576885724, 'epoch': 0.31}
{'loss': 2.0718, 'grad_norm': 0.2077798694372177, 'learning_rate': 0.00013913887989640663, 'epoch': 0.31}
{'loss': 2.0094, 'grad_norm': 0.45245054364204407, 'learning_rate': 0.00013907413402395596, 'epoch': 0.31}
{'loss': 2.1317, 'grad_norm': 0.20137566328048706, 'learning_rate': 0.00013900938815150535, 'epoch': 0.31}
{'loss': 1.98, 'grad_norm': 0.19168373942375183, 'learning_rate': 0.00013894464227905473, 'epoch': 0.31}
{'loss': 1.8023, 'grad_norm': 0.2029161900281906, 'learning_rate': 0.0001388798964066041, 'epoch': 0.31}
{'loss': 1.876, 'grad_norm': 0.21437610685825348, 'learning_rate': 0.00013881515053415345, 'epoch': 0.31}
{'loss': 2.3136, 'grad_norm': 0.8284228444099426, 'learning_rate': 0.0001387504046617028, 'epoch': 0.31}
{'loss': 2.2333, 'grad_norm': 0.21882610023021698, 'learning_rate': 0.0001386856587892522, 'epoch': 0.31}
{'loss': 2.1028, 'grad_norm': 0.2365029752254486, 'learning_rate': 0.00013862091291680156, 'epoch': 0.31}
{'loss': 2.1315, 'grad_norm': 0.21540245413780212, 'learning_rate': 0.00013855616704435092, 'epoch': 0.31}
{'loss': 2.0631, 'grad_norm': 0.2064783275127411, 'learning_rate': 0.0001384914211719003, 'epoch': 0.31}
{'loss': 1.9151, 'grad_norm': 0.18123561143875122, 'learning_rate': 0.00013842667529944967, 'epoch': 0.31}
{'loss': 2.1825, 'grad_norm': 0.21035385131835938, 'learning_rate': 0.00013836192942699903, 'epoch': 0.31}
{'loss': 2.1592, 'grad_norm': 0.23788109421730042, 'learning_rate': 0.0001382971835545484, 'epoch': 0.31}
{'loss': 1.9572, 'grad_norm': 0.24069778621196747, 'learning_rate': 0.00013823243768209777, 'epoch': 0.31}
{'loss': 1.9849, 'grad_norm': 0.21148036420345306, 'learning_rate': 0.00013816769180964716, 'epoch': 0.31}
{'loss': 1.9811, 'grad_norm': 0.2653539478778839, 'learning_rate': 0.0001381029459371965, 'epoch': 0.31}
{'loss': 1.7348, 'grad_norm': 0.20697152614593506, 'learning_rate': 0.00013803820006474588, 'epoch': 0.31}
{'loss': 2.1226, 'grad_norm': 0.19546377658843994, 'learning_rate': 0.00013797345419229524, 'epoch': 0.31}
{'loss': 1.8621, 'grad_norm': 0.24462074041366577, 'learning_rate': 0.00013790870831984463, 'epoch': 0.31}
{'loss': 2.0049, 'grad_norm': 0.211017906665802, 'learning_rate': 0.00013784396244739399, 'epoch': 0.31}
{'loss': 1.9085, 'grad_norm': 0.20709148049354553, 'learning_rate': 0.00013777921657494335, 'epoch': 0.31}
{'loss': 2.0053, 'grad_norm': 0.2262594848871231, 'learning_rate': 0.00013771447070249273, 'epoch': 0.31}
{'loss': 1.7801, 'grad_norm': 0.22814172506332397, 'learning_rate': 0.0001376497248300421, 'epoch': 0.31}
{'loss': 1.8975, 'grad_norm': 0.1896670162677765, 'learning_rate': 0.00013758497895759145, 'epoch': 0.31}
{'loss': 2.2233, 'grad_norm': 0.2710430920124054, 'learning_rate': 0.00013752023308514084, 'epoch': 0.31}
{'loss': 1.8393, 'grad_norm': 0.21919119358062744, 'learning_rate': 0.0001374554872126902, 'epoch': 0.31}
{'loss': 1.8761, 'grad_norm': 0.20685072243213654, 'learning_rate': 0.00013739074134023956, 'epoch': 0.31}
{'loss': 1.9129, 'grad_norm': 0.22817181050777435, 'learning_rate': 0.00013732599546778892, 'epoch': 0.31}
{'loss': 1.9968, 'grad_norm': 0.32081398367881775, 'learning_rate': 0.0001372612495953383, 'epoch': 0.32}
{'loss': 1.8744, 'grad_norm': 0.18388059735298157, 'learning_rate': 0.0001371965037228877, 'epoch': 0.32}
{'loss': 2.1433, 'grad_norm': 0.22969186305999756, 'learning_rate': 0.00013713175785043703, 'epoch': 0.32}
{'loss': 1.9893, 'grad_norm': 0.22530026733875275, 'learning_rate': 0.0001370670119779864, 'epoch': 0.32}
{'loss': 1.7629, 'grad_norm': 0.20494495332241058, 'learning_rate': 0.00013700226610553577, 'epoch': 0.32}
{'loss': 1.8208, 'grad_norm': 0.24172845482826233, 'learning_rate': 0.00013693752023308516, 'epoch': 0.32}
{'loss': 2.0116, 'grad_norm': 0.2244347780942917, 'learning_rate': 0.00013687277436063452, 'epoch': 0.32}
{'loss': 2.2142, 'grad_norm': 0.2341206818819046, 'learning_rate': 0.00013680802848818388, 'epoch': 0.32}
{'loss': 2.0936, 'grad_norm': 0.19345451891422272, 'learning_rate': 0.00013674328261573327, 'epoch': 0.32}
{'loss': 1.9031, 'grad_norm': 0.22939249873161316, 'learning_rate': 0.00013667853674328263, 'epoch': 0.32}
{'loss': 2.1093, 'grad_norm': 0.2847534716129303, 'learning_rate': 0.000136613790870832, 'epoch': 0.32}
{'loss': 2.1042, 'grad_norm': 0.20498669147491455, 'learning_rate': 0.00013654904499838137, 'epoch': 0.32}
{'loss': 2.1235, 'grad_norm': 0.20846696197986603, 'learning_rate': 0.00013648429912593073, 'epoch': 0.32}
{'loss': 2.1293, 'grad_norm': 0.23959995806217194, 'learning_rate': 0.0001364195532534801, 'epoch': 0.32}
{'loss': 2.133, 'grad_norm': 0.2188495695590973, 'learning_rate': 0.00013635480738102945, 'epoch': 0.32}
{'loss': 2.0814, 'grad_norm': 0.22341494262218475, 'learning_rate': 0.00013629006150857884, 'epoch': 0.32}
{'loss': 1.8945, 'grad_norm': 0.1981644183397293, 'learning_rate': 0.0001362253156361282, 'epoch': 0.32}
{'loss': 1.8249, 'grad_norm': 0.21140779554843903, 'learning_rate': 0.00013616056976367756, 'epoch': 0.32}
{'loss': 2.3438, 'grad_norm': 0.22572064399719238, 'learning_rate': 0.00013609582389122695, 'epoch': 0.32}
{'loss': 1.9535, 'grad_norm': 0.2355467528104782, 'learning_rate': 0.0001360310780187763, 'epoch': 0.32}
{'loss': 1.7258, 'grad_norm': 0.24037490785121918, 'learning_rate': 0.0001359663321463257, 'epoch': 0.32}
{'loss': 1.9775, 'grad_norm': 0.21842239797115326, 'learning_rate': 0.00013590158627387503, 'epoch': 0.32}
{'loss': 1.7389, 'grad_norm': 0.22874322533607483, 'learning_rate': 0.00013583684040142441, 'epoch': 0.32}
{'loss': 1.9349, 'grad_norm': 0.19714666903018951, 'learning_rate': 0.0001357720945289738, 'epoch': 0.32}
{'loss': 1.9434, 'grad_norm': 0.1970905214548111, 'learning_rate': 0.00013570734865652316, 'epoch': 0.32}
{'loss': 1.942, 'grad_norm': 0.23128746449947357, 'learning_rate': 0.00013564260278407252, 'epoch': 0.32}
{'loss': 2.0349, 'grad_norm': 0.20870797336101532, 'learning_rate': 0.00013557785691162188, 'epoch': 0.32}
{'loss': 1.7498, 'grad_norm': 0.2085770219564438, 'learning_rate': 0.00013551311103917127, 'epoch': 0.32} 32%|███▏      | 1002/3094 [50:07<1:45:54,  3.04s/it] 32%|███▏      | 1003/3094 [50:09<1:37:31,  2.80s/it]                                                      32%|███▏      | 1003/3094 [50:09<1:37:31,  2.80s/it] 32%|███▏      | 1004/3094 [50:12<1:39:06,  2.85s/it]                                                      32%|███▏      | 1004/3094 [50:12<1:39:06,  2.85s/it] 32%|███▏      | 1005/3094 [50:15<1:43:03,  2.96s/it]                                                      32%|███▏      | 1005/3094 [50:15<1:43:03,  2.96s/it] 33%|███▎      | 1006/3094 [50:18<1:44:29,  3.00s/it]                                                      33%|███▎      | 1006/3094 [50:18<1:44:29,  3.00s/it] 33%|███▎      | 1007/3094 [50:21<1:40:34,  2.89s/it]                                                      33%|███▎      | 1007/3094 [50:21<1:40:34,  2.89s/it] 33%|███▎      | 1008/3094 [50:24<1:39:25,  2.86s/it]                                                      33%|███▎      | 1008/3094 [50:24<1:39:25,  2.86s/it] 33%|███▎      | 1009/3094 [50:27<1:40:54,  2.90s/it]                                                      33%|███▎      | 1009/3094 [50:27<1:40:54,  2.90s/it] 33%|███▎      | 1010/3094 [50:30<1:41:53,  2.93s/it]                                                      33%|███▎      | 1010/3094 [50:30<1:41:53,  2.93s/it] 33%|███▎      | 1011/3094 [50:32<1:37:42,  2.81s/it]                                                      33%|███▎      | 1011/3094 [50:32<1:37:42,  2.81s/it] 33%|███▎      | 1012/3094 [50:35<1:37:30,  2.81s/it]                                                      33%|███▎      | 1012/3094 [50:35<1:37:30,  2.81s/it] 33%|███▎      | 1013/3094 [50:38<1:40:21,  2.89s/it]                                                      33%|███▎      | 1013/3094 [50:38<1:40:21,  2.89s/it] 33%|███▎      | 1014/3094 [50:41<1:37:41,  2.82s/it]                                                      33%|███▎      | 1014/3094 [50:41<1:37:41,  2.82s/it] 33%|███▎      | 1015/3094 [50:43<1:37:22,  2.81s/it]                                                      33%|███▎      | 1015/3094 [50:43<1:37:22,  2.81s/it] 33%|███▎      | 1016/3094 [50:46<1:39:35,  2.88s/it]                                                      33%|███▎      | 1016/3094 [50:46<1:39:35,  2.88s/it] 33%|███▎      | 1017/3094 [50:49<1:34:15,  2.72s/it]                                                      33%|███▎      | 1017/3094 [50:49<1:34:15,  2.72s/it] 33%|███▎      | 1018/3094 [50:52<1:34:34,  2.73s/it]                                                      33%|███▎      | 1018/3094 [50:52<1:34:34,  2.73s/it] 33%|███▎      | 1019/3094 [50:55<1:38:52,  2.86s/it]                                                      33%|███▎      | 1019/3094 [50:55<1:38:52,  2.86s/it] 33%|███▎      | 1020/3094 [50:57<1:35:51,  2.77s/it]                                                      33%|███▎      | 1020/3094 [50:57<1:35:51,  2.77s/it] 33%|███▎      | 1021/3094 [51:01<1:40:34,  2.91s/it]                                                      33%|███▎      | 1021/3094 [51:01<1:40:34,  2.91s/it] 33%|███▎      | 1022/3094 [51:03<1:37:10,  2.81s/it]                                                      33%|███▎      | 1022/3094 [51:03<1:37:10,  2.81s/it] 33%|███▎      | 1023/3094 [51:06<1:41:35,  2.94s/it]                                                      33%|███▎      | 1023/3094 [51:06<1:41:35,  2.94s/it] 33%|███▎      | 1024/3094 [51:09<1:41:37,  2.95s/it]                                                      33%|███▎      | 1024/3094 [51:09<1:41:37,  2.95s/it] 33%|███▎      | 1025/3094 [51:12<1:38:30,  2.86s/it]                                                      33%|███▎      | 1025/3094 [51:12<1:38:30,  2.86s/it] 33%|███▎      | 1026/3094 [51:15<1:38:59,  2.87s/it]                                                      33%|███▎      | 1026/3094 [51:15<1:38:59,  2.87s/it] 33%|███▎      | 1027/3094 [51:18<1:37:51,  2.84s/it]                                                      33%|███▎      | 1027/3094 [51:18<1:37:51,  2.84s/it] 33%|███▎      | 1028/3094 [51:20<1:33:38,  2.72s/it]                                                      33%|███▎      | 1028/3094 [51:20<1:33:38,  2.72s/it] 33%|███▎      | 1029/3094 [51:23<1:36:12,  2.80s/it]                                                      33%|███▎      | 1029/3094 [51:23<1:36:12,  2.80s/it] 33%|███▎      | 1030/3094 [51:26<1:37:25,  2.83s/it]                                                      33%|███▎      | 1030/3094 [51:26<1:37:25,  2.83s/it] 33%|███▎      | 1031/3094 [51:29<1:34:09,  2.74s/it]                                                      33%|███▎      | 1031/3094 [51:29<1:34:09,  2.74s/it] 33%|███▎      | 1032/3094 [51:31<1:30:33,  2.64s/it]                                                      33%|███▎      | 1032/3094 [51:31<1:30:33,  2.64s/it] 33%|███▎      | 1033/3094 [51:34<1:37:48,  2.85s/it]                                                      33%|███▎      | 1033/3094 [51:34<1:37:48,  2.85s/it] 33%|███▎      | 1034/3094 [51:37<1:39:27,  2.90s/it]                                                      33%|███▎      | 1034/3094 [51:37<1:39:27,  2.90s/it] 33%|███▎      | 1035/3094 [51:40<1:40:58,  2.94s/it]                                                      33%|███▎      | 1035/3094 [51:40<1:40:58,  2.94s/it] 33%|███▎      | 1036/3094 [51:43<1:40:10,  2.92s/it]                                                      33%|███▎      | 1036/3094 [51:43<1:40:10,  2.92s/it] 34%|███▎      | 1037/3094 [51:47<1:50:00,  3.21s/it]                                                      34%|███▎      | 1037/3094 [51:47<1:50:00,  3.21s/it] 34%|███▎      | 1038/3094 [51:50<1:43:56,  3.03s/it]                                                      34%|███▎      | 1038/3094 [51:50<1:43:56,  3.03s/it] 34%|███▎      | 1039/3094 [51:53<1:44:48,  3.06s/it]                                                      34%|███▎      | 1039/3094 [51:53<1:44:48,  3.06s/it] 34%|███▎      | 1040/3094 [51:56<1:49:10,  3.19s/it]                                                      34%|███▎      | 1040/3094 [51:56<1:49:10,  3.19s/it] 34%|███▎      | 1041/3094 [52:00<1:51:29,  3.26s/it]                                                      34%|███▎      | 1041/3094 [52:00<1:51:29,  3.26s/it] 34%|███▎      | 1042/3094 [52:03<1:47:08,  3.13s/it]                                                      34%|███▎      | 1042/3094 [52:03<1:47:08,  3.13s/it] 34%|███▎      | 1043/3094 [52:06<1:46:55,  3.13s/it]                                                      34%|███▎      | 1043/3094 [52:06<1:46:55,  3.13s/it] 34%|███▎      | 1044/3094 [52:09<1:45:50,  3.10s/it]                                                      34%|███▎      | 1044/3094 [52:09<1:45:50,  3.10s/it] 34%|███▍      | 1045/3094 [52:12<1:45:29,  3.09s/it]                                                      34%|███▍      | 1045/3094 [52:12<1:45:29,  3.09s/it] 34%|███▍      | 1046/3094 [52:15<1:45:04,  3.08s/it]                                                      34%|███▍      | 1046/3094 [52:15<1:45:04,  3.08s/it] 34%|███▍      | 1047/3094 [52:18<1:43:43,  3.04s/it]                                                      34%|███▍      | 1047/3094 [52:18<1:43:43,  3.04s/it] 34%|███▍      | 1048/3094 [52:20<1:34:56,  2.78s/it]                                                      34%|███▍      | 1048/3094 [52:20<1:34:56,  2.78s/it] 34%|███▍      | 1049/3094 [52:23<1:34:01,  2.76s/it]                                                      34%|███▍      | 1049/3094 [52:23<1:34:01,  2.76s/it] 34%|███▍      | 1050/3094 [52:25<1:31:51,  2.70s/it]                                                      34%|███▍      | 1050/3094 [52:25<1:31:51,  2.70s/it] 34%|███▍      | 1051/3094 [52:28<1:32:23,  2.71s/it]                                                      34%|███▍      | 1051/3094 [52:28<1:32:23,  2.71s/it] 34%|███▍      | 1052/3094 [52:31<1:36:35,  2.84s/it]                                                      34%|███▍      | 1052/3094 [52:31<1:36:35,  2.84s/it] 34%|███▍      | 1053/3094 [52:34<1:37:14,  2.86s/it]                                                      34%|███▍      | 1053/3094 [52:34<1:37:14,  2.86s/it] 34%|███▍      | 1054/3094 [52:37<1:39:02,  2.91s/it]                                                      34%|███▍      | 1054/3094 [52:37<1:39:02,  2.91s/it] 34%|███▍      | 1055/3094 [52:40<1:41:51,  3.00s/it]                                                      34%|███▍      | 1055/3094 [52:40<1:41:51,  3.00s/it] 34%|███▍      | 1056/3094 [52:43<1:43:47,  3.06s/it]                                                      34%|███▍      | 1056/3094 [52:43<1:43:47,  3.06s/it] 34%|███▍      | 1057/3094 [52:46<1:35:56,  2.83s/it]                                                      34%|███▍      | 1057/3094 [52:46<1:35:56,  2.83s/it] 34%|███▍      | 1058/3094 [52:49<1:38:43,  2.91s/it]                                                      34%|███▍      | 1058/3094 [52:49<1:38:43,  2.91s/it] 34%|███▍      | 1059/3094 [52:52<1:45:08,  3.10s/it]                                                      34%|███▍      | 1059/3094 [52:52<1:45:08,  3.10s/it] 34%|███▍      | 1060/3094 [52:56<1:46:22,  3.14s/it]                                                      34%|███▍      | 1060/3094 [52:56<1:46:22,  3.14s/it] 34%|███▍      | 1061/3094 [52:59<1:44:56,  3.10s/it]                                                      34%|███▍      | 1061/3094 [52:59<1:44:56,  3.10s/it] 34%|███▍      | 1062/3094 [53:02<1:49:01,  3.22s/it]                                                      34%|███▍      | 1062/3094 [53:02<1:49:01,  3.22s/it] 34%|███▍      | 1063/3094 [53:05<1:43:11,  3.05s/it]                                                      34%|███▍      | 1063/3094 [53:05<1:43:11,  3.05s/it] 34%|███▍      | 1064/3094 [53:07<1:38:19,  2.91s/it]                                                      34%|███▍      | 1064/3094 [53:07<1:38:19,  2.91s/it] 34%|███▍      | 1065/3094 [53:11<1:41:22,  3.00s/it]                                                      34%|███▍      | 1065/3094 [53:11<1:41:22,  3.00s/it] 34%|███▍      | 1066/3094 [53:13<1:39:00,  2.93s/it]                                                      34%|███▍      | 1066/3094 [53:13<1:39:00,  2.93s/it] 34%|███▍      | 1067/3094 [53:16<1:35:05,  2.81s/it]                                                      34%|███▍      | 1067/3094 [53:16<1:35:05,  2.81s/it] 35%|███▍      | 1068/3094 [53:19<1:36:18,  2.85s/it]                                                      35%|███▍      | 1068/3094 [53:19<1:36:18,  2.85s/it] 35%|███▍      | 1069/3094 [53:22<1:37:39,  2.89s/it]                                                      35%|███▍      | 1069/3094 [53:22<1:37:39,  2.89s/it] 35%|███▍      | 1070/3094 [53:25<1:38:19,  2.91s/it]                                                      35%|███▍      | 1070/3094 [53:25<1:38:19,  2.91s/it] 35%|███▍      | 1071/3094 [53:28<1:39:24,  2.95s/it]                                                      35%|███▍      | 1071/3094 [53:28<1:39:24,  2.95s/it] 35%|███▍      | 1072/3094 [53:31<1:39:49,  2.96s/it]                                                      35%|███▍      | 1072/3094 [53:31<1:39:49,  2.96s/it] 35%|███▍      | 1073/3094 [53:33<1:37:03,  2.88s/it]                                                      35%|███▍      | 1073/3094 [53:33<1:37:03,  2.88s/it] 35%|███▍      | 1074/3094 [53:36<1:34:16,  2.80s/it]                                                      35%|███▍      | 1074/3094 [53:36<1:34:16,  2.80s/it] 35%|███▍      | 1075/3094 [53:40<1:43:42,  3.08s/it]                                                      35%|███▍      | 1075/3094 [53:40<1:43:42,  3.08s/it] 35%|███▍      | 1076/3094 [53:43<1:46:50,  3.18s/it]                                                      35%|███▍      | 1076/3094 [53:43<1:46:50,  3.18s/it] 35%|███▍      | 1077/3094 [53:47<1:53:01,  3.36s/it]                                                      35%|███▍      | 1077/3094 [53:47<1:53:01,  3.36s/it] 35%|███▍      | 1078/3094 [53:50<1:48:58,  3.24s/it]                                                      35%|███▍      | 1078/3094 [53:50<1:48:58,  3.24s/it] 35%|███▍      | 1079/3094 [53:53<1:44:19,  3.11s/it]                                                     
{'loss': 1.9333, 'grad_norm': 0.2427128404378891, 'learning_rate': 0.00013544836516672063, 'epoch': 0.32}
{'loss': 2.0037, 'grad_norm': 0.19779257476329803, 'learning_rate': 0.00013538361929427, 'epoch': 0.32}
{'loss': 2.1056, 'grad_norm': 0.20060180127620697, 'learning_rate': 0.00013531887342181937, 'epoch': 0.32}
{'loss': 2.0305, 'grad_norm': 0.22623373568058014, 'learning_rate': 0.00013525412754936873, 'epoch': 0.33}
{'loss': 2.0384, 'grad_norm': 0.19405491650104523, 'learning_rate': 0.0001351893816769181, 'epoch': 0.33}
{'loss': 2.1049, 'grad_norm': 0.21420004963874817, 'learning_rate': 0.00013512463580446748, 'epoch': 0.33}
{'loss': 1.897, 'grad_norm': 0.2244948148727417, 'learning_rate': 0.00013505988993201684, 'epoch': 0.33}
{'loss': 1.9691, 'grad_norm': 0.21728679537773132, 'learning_rate': 0.0001349951440595662, 'epoch': 0.33}
{'loss': 2.0841, 'grad_norm': 0.234257772564888, 'learning_rate': 0.00013493039818711556, 'epoch': 0.33}
{'loss': 1.9422, 'grad_norm': 0.21194826066493988, 'learning_rate': 0.00013486565231466495, 'epoch': 0.33}
{'loss': 1.8407, 'grad_norm': 0.19515924155712128, 'learning_rate': 0.00013480090644221433, 'epoch': 0.33}
{'loss': 1.9687, 'grad_norm': 0.19999143481254578, 'learning_rate': 0.00013473616056976367, 'epoch': 0.33}
{'loss': 1.9564, 'grad_norm': 0.22809918224811554, 'learning_rate': 0.00013467141469731305, 'epoch': 0.33}
{'loss': 1.7875, 'grad_norm': 0.20328135788440704, 'learning_rate': 0.00013460666882486241, 'epoch': 0.33}
{'loss': 1.9513, 'grad_norm': 0.25689223408699036, 'learning_rate': 0.0001345419229524118, 'epoch': 0.33}
{'loss': 2.0586, 'grad_norm': 0.2251584231853485, 'learning_rate': 0.00013447717707996116, 'epoch': 0.33}
{'loss': 2.0772, 'grad_norm': 0.19926002621650696, 'learning_rate': 0.00013441243120751052, 'epoch': 0.33}
{'loss': 1.805, 'grad_norm': 0.22332090139389038, 'learning_rate': 0.0001343476853350599, 'epoch': 0.33}
{'loss': 2.1223, 'grad_norm': 0.23069414496421814, 'learning_rate': 0.00013428293946260927, 'epoch': 0.33}
{'loss': 2.2168, 'grad_norm': 0.2504860758781433, 'learning_rate': 0.00013421819359015863, 'epoch': 0.33}
{'loss': 1.953, 'grad_norm': 0.20726075768470764, 'learning_rate': 0.000134153447717708, 'epoch': 0.33}
{'loss': 2.0132, 'grad_norm': 0.2646636962890625, 'learning_rate': 0.00013408870184525737, 'epoch': 0.33}
{'loss': 2.0211, 'grad_norm': 0.22278322279453278, 'learning_rate': 0.00013402395597280673, 'epoch': 0.33}
{'loss': 2.1959, 'grad_norm': 0.2338264137506485, 'learning_rate': 0.0001339592101003561, 'epoch': 0.33}
{'loss': 2.1433, 'grad_norm': 0.21216972172260284, 'learning_rate': 0.00013389446422790548, 'epoch': 0.33}
{'loss': 1.8791, 'grad_norm': 0.2258463352918625, 'learning_rate': 0.00013382971835545484, 'epoch': 0.33}
{'loss': 1.953, 'grad_norm': 0.19574394822120667, 'learning_rate': 0.0001337649724830042, 'epoch': 0.33}
{'loss': 1.8698, 'grad_norm': 0.21697935461997986, 'learning_rate': 0.0001337002266105536, 'epoch': 0.33}
{'loss': 2.0595, 'grad_norm': 0.2358008176088333, 'learning_rate': 0.00013363548073810295, 'epoch': 0.33}
{'loss': 2.0681, 'grad_norm': 0.22748377919197083, 'learning_rate': 0.00013357073486565234, 'epoch': 0.33}
{'loss': 2.0865, 'grad_norm': 0.19720129668712616, 'learning_rate': 0.00013350598899320167, 'epoch': 0.33}
{'loss': 2.0279, 'grad_norm': 0.21332480013370514, 'learning_rate': 0.00013344124312075106, 'epoch': 0.33}
{'loss': 1.872, 'grad_norm': 0.20299451053142548, 'learning_rate': 0.00013337649724830044, 'epoch': 0.33}
{'loss': 1.9425, 'grad_norm': 0.2131737619638443, 'learning_rate': 0.0001333117513758498, 'epoch': 0.33}
{'loss': 1.9493, 'grad_norm': 0.17776614427566528, 'learning_rate': 0.00013324700550339916, 'epoch': 0.34}
{'loss': 1.9975, 'grad_norm': 0.21628093719482422, 'learning_rate': 0.00013318225963094852, 'epoch': 0.34}
{'loss': 1.9452, 'grad_norm': 0.2051210254430771, 'learning_rate': 0.0001331175137584979, 'epoch': 0.34}
{'loss': 1.7666, 'grad_norm': 0.19120539724826813, 'learning_rate': 0.00013305276788604727, 'epoch': 0.34}
{'loss': 1.92, 'grad_norm': 0.19396837055683136, 'learning_rate': 0.00013298802201359663, 'epoch': 0.34}
{'loss': 1.8361, 'grad_norm': 0.21244558691978455, 'learning_rate': 0.00013292327614114602, 'epoch': 0.34}
{'loss': 2.0337, 'grad_norm': 0.2043123096227646, 'learning_rate': 0.00013285853026869538, 'epoch': 0.34}
{'loss': 2.0238, 'grad_norm': 0.20451445877552032, 'learning_rate': 0.00013279378439624474, 'epoch': 0.34}
{'loss': 2.0873, 'grad_norm': 0.21563762426376343, 'learning_rate': 0.00013272903852379412, 'epoch': 0.34}
{'loss': 2.0633, 'grad_norm': 0.2196684181690216, 'learning_rate': 0.00013266429265134348, 'epoch': 0.34}
{'loss': 1.9853, 'grad_norm': 0.21613706648349762, 'learning_rate': 0.00013259954677889287, 'epoch': 0.34}
{'loss': 2.2323, 'grad_norm': 0.24919171631336212, 'learning_rate': 0.0001325348009064422, 'epoch': 0.34}
{'loss': 2.0678, 'grad_norm': 0.23139415681362152, 'learning_rate': 0.0001324700550339916, 'epoch': 0.34}
{'loss': 2.1012, 'grad_norm': 0.24591867625713348, 'learning_rate': 0.00013240530916154098, 'epoch': 0.34}
{'loss': 1.9498, 'grad_norm': 0.22574681043624878, 'learning_rate': 0.00013234056328909034, 'epoch': 0.34}
{'loss': 2.0772, 'grad_norm': 0.21455103158950806, 'learning_rate': 0.0001322758174166397, 'epoch': 0.34}
{'loss': 1.9949, 'grad_norm': 0.21826550364494324, 'learning_rate': 0.00013221107154418906, 'epoch': 0.34}
{'loss': 1.8109, 'grad_norm': 0.19496826827526093, 'learning_rate': 0.00013214632567173844, 'epoch': 0.34}
{'loss': 1.8986, 'grad_norm': 0.20430704951286316, 'learning_rate': 0.0001320815797992878, 'epoch': 0.34}
{'loss': 2.062, 'grad_norm': 0.2398943454027176, 'learning_rate': 0.00013201683392683716, 'epoch': 0.34}
{'loss': 2.1852, 'grad_norm': 0.24363160133361816, 'learning_rate': 0.00013195208805438655, 'epoch': 0.34}
{'loss': 2.0349, 'grad_norm': 0.22307531535625458, 'learning_rate': 0.0001318873421819359, 'epoch': 0.34}
{'loss': 1.9307, 'grad_norm': 0.20092681050300598, 'learning_rate': 0.00013182259630948527, 'epoch': 0.34}
{'loss': 1.8911, 'grad_norm': 0.1942671686410904, 'learning_rate': 0.00013175785043703463, 'epoch': 0.34}
{'loss': 1.866, 'grad_norm': 0.20868739485740662, 'learning_rate': 0.00013169310456458402, 'epoch': 0.34}
{'loss': 2.15, 'grad_norm': 0.203395277261734, 'learning_rate': 0.0001316283586921334, 'epoch': 0.34}
{'loss': 2.0532, 'grad_norm': 0.2656741440296173, 'learning_rate': 0.00013156361281968274, 'epoch': 0.34}
{'loss': 2.1574, 'grad_norm': 0.24502165615558624, 'learning_rate': 0.00013149886694723212, 'epoch': 0.34}
{'loss': 1.8806, 'grad_norm': 0.2044283002614975, 'learning_rate': 0.00013143412107478148, 'epoch': 0.34}
{'loss': 1.8747, 'grad_norm': 0.21207790076732635, 'learning_rate': 0.00013136937520233087, 'epoch': 0.34}
{'loss': 2.0076, 'grad_norm': 0.2408493012189865, 'learning_rate': 0.00013130462932988023, 'epoch': 0.34}
{'loss': 2.1404, 'grad_norm': 0.23715120553970337, 'learning_rate': 0.0001312398834574296, 'epoch': 0.35}
{'loss': 1.9886, 'grad_norm': 0.21332614123821259, 'learning_rate': 0.00013117513758497898, 'epoch': 0.35}
{'loss': 1.9794, 'grad_norm': 0.20264406502246857, 'learning_rate': 0.00013111039171252834, 'epoch': 0.35}
{'loss': 2.0142, 'grad_norm': 0.2072436511516571, 'learning_rate': 0.0001310456458400777, 'epoch': 0.35}
{'loss': 1.8942, 'grad_norm': 0.20662686228752136, 'learning_rate': 0.00013098089996762708, 'epoch': 0.35}
{'loss': 2.0646, 'grad_norm': 0.2353082150220871, 'learning_rate': 0.00013091615409517644, 'epoch': 0.35}
{'loss': 2.052, 'grad_norm': 0.23138540983200073, 'learning_rate': 0.0001308514082227258, 'epoch': 0.35}
{'loss': 2.1089, 'grad_norm': 0.17819935083389282, 'learning_rate': 0.00013078666235027516, 'epoch': 0.35}
{'loss': 2.0559, 'grad_norm': 0.20962494611740112, 'learning_rate': 0.00013072191647782455, 'epoch': 0.35}
{'loss': 1.5484, 'grad_norm': 0.18282856047153473, 'learning_rate': 0.00013065717060537394, 'epoch': 0.35}
{'loss': 2.0698, 'grad_norm': 0.21195770800113678, 'learning_rate': 0.00013059242473292327, 'epoch': 0.35}
{'loss': 1.7916, 'grad_norm': 0.2243718057870865, 'learning_rate': 0.00013052767886047266, 'epoch': 0.35} 35%|███▍      | 1079/3094 [53:53<1:44:19,  3.11s/it] 35%|███▍      | 1080/3094 [53:56<1:43:38,  3.09s/it]                                                      35%|███▍      | 1080/3094 [53:56<1:43:38,  3.09s/it] 35%|███▍      | 1081/3094 [53:58<1:37:01,  2.89s/it]                                                      35%|███▍      | 1081/3094 [53:58<1:37:01,  2.89s/it] 35%|███▍      | 1082/3094 [54:01<1:35:35,  2.85s/it]                                                      35%|███▍      | 1082/3094 [54:01<1:35:35,  2.85s/it] 35%|███▌      | 1083/3094 [54:04<1:33:39,  2.79s/it]                                                      35%|███▌      | 1083/3094 [54:04<1:33:39,  2.79s/it] 35%|███▌      | 1084/3094 [54:06<1:33:07,  2.78s/it]                                                      35%|███▌      | 1084/3094 [54:06<1:33:07,  2.78s/it] 35%|███▌      | 1085/3094 [54:10<1:38:51,  2.95s/it]                                                      35%|███▌      | 1085/3094 [54:10<1:38:51,  2.95s/it] 35%|███▌      | 1086/3094 [54:13<1:42:04,  3.05s/it]                                                      35%|███▌      | 1086/3094 [54:13<1:42:04,  3.05s/it] 35%|███▌      | 1087/3094 [54:16<1:40:19,  3.00s/it]                                                      35%|███▌      | 1087/3094 [54:16<1:40:19,  3.00s/it] 35%|███▌      | 1088/3094 [54:19<1:43:50,  3.11s/it]                                                      35%|███▌      | 1088/3094 [54:19<1:43:50,  3.11s/it] 35%|███▌      | 1089/3094 [54:22<1:37:37,  2.92s/it]                                                      35%|███▌      | 1089/3094 [54:22<1:37:37,  2.92s/it] 35%|███▌      | 1090/3094 [54:25<1:39:03,  2.97s/it]                                                      35%|███▌      | 1090/3094 [54:25<1:39:03,  2.97s/it] 35%|███▌      | 1091/3094 [54:28<1:36:09,  2.88s/it]                                                      35%|███▌      | 1091/3094 [54:28<1:36:09,  2.88s/it] 35%|███▌      | 1092/3094 [54:30<1:34:30,  2.83s/it]                                                      35%|███▌      | 1092/3094 [54:30<1:34:30,  2.83s/it] 35%|███▌      | 1093/3094 [54:33<1:34:41,  2.84s/it]                                                      35%|███▌      | 1093/3094 [54:33<1:34:41,  2.84s/it] 35%|███▌      | 1094/3094 [54:36<1:30:38,  2.72s/it]                                                      35%|███▌      | 1094/3094 [54:36<1:30:38,  2.72s/it] 35%|███▌      | 1095/3094 [54:38<1:30:55,  2.73s/it]                                                      35%|███▌      | 1095/3094 [54:38<1:30:55,  2.73s/it] 35%|███▌      | 1096/3094 [54:41<1:31:32,  2.75s/it]                                                      35%|███▌      | 1096/3094 [54:41<1:31:32,  2.75s/it] 35%|███▌      | 1097/3094 [54:44<1:34:49,  2.85s/it]                                                      35%|███▌      | 1097/3094 [54:44<1:34:49,  2.85s/it] 35%|███▌      | 1098/3094 [54:47<1:35:46,  2.88s/it]                                                      35%|███▌      | 1098/3094 [54:47<1:35:46,  2.88s/it] 36%|███▌      | 1099/3094 [54:50<1:39:19,  2.99s/it]                                                      36%|███▌      | 1099/3094 [54:50<1:39:19,  2.99s/it] 36%|███▌      | 1100/3094 [54:53<1:38:33,  2.97s/it]                                                      36%|███▌      | 1100/3094 [54:53<1:38:33,  2.97s/it] 36%|███▌      | 1101/3094 [54:57<1:43:23,  3.11s/it]                                                      36%|███▌      | 1101/3094 [54:57<1:43:23,  3.11s/it] 36%|███▌      | 1102/3094 [55:00<1:42:22,  3.08s/it]                                                      36%|███▌      | 1102/3094 [55:00<1:42:22,  3.08s/it] 36%|███▌      | 1103/3094 [55:02<1:39:01,  2.98s/it]                                                      36%|███▌      | 1103/3094 [55:02<1:39:01,  2.98s/it] 36%|███▌      | 1104/3094 [55:05<1:36:17,  2.90s/it]                                                      36%|███▌      | 1104/3094 [55:05<1:36:17,  2.90s/it] 36%|███▌      | 1105/3094 [55:08<1:33:23,  2.82s/it]                                                      36%|███▌      | 1105/3094 [55:08<1:33:23,  2.82s/it] 36%|███▌      | 1106/3094 [55:11<1:36:58,  2.93s/it]                                                      36%|███▌      | 1106/3094 [55:11<1:36:58,  2.93s/it] 36%|███▌      | 1107/3094 [55:14<1:34:29,  2.85s/it]                                                      36%|███▌      | 1107/3094 [55:14<1:34:29,  2.85s/it] 36%|███▌      | 1108/3094 [55:17<1:34:33,  2.86s/it]                                                      36%|███▌      | 1108/3094 [55:17<1:34:33,  2.86s/it] 36%|███▌      | 1109/3094 [55:20<1:43:32,  3.13s/it]                                                      36%|███▌      | 1109/3094 [55:20<1:43:32,  3.13s/it] 36%|███▌      | 1110/3094 [55:23<1:41:45,  3.08s/it]                                                      36%|███▌      | 1110/3094 [55:23<1:41:45,  3.08s/it] 36%|███▌      | 1111/3094 [55:26<1:40:37,  3.04s/it]                                                      36%|███▌      | 1111/3094 [55:26<1:40:37,  3.04s/it] 36%|███▌      | 1112/3094 [55:29<1:34:15,  2.85s/it]                                                      36%|███▌      | 1112/3094 [55:29<1:34:15,  2.85s/it] 36%|███▌      | 1113/3094 [55:32<1:37:20,  2.95s/it]                                                      36%|███▌      | 1113/3094 [55:32<1:37:20,  2.95s/it] 36%|███▌      | 1114/3094 [55:35<1:39:36,  3.02s/it]                                                      36%|███▌      | 1114/3094 [55:35<1:39:36,  3.02s/it] 36%|███▌      | 1115/3094 [55:38<1:39:22,  3.01s/it]                                                      36%|███▌      | 1115/3094 [55:38<1:39:22,  3.01s/it] 36%|███▌      | 1116/3094 [55:41<1:40:53,  3.06s/it]                                                      36%|███▌      | 1116/3094 [55:41<1:40:53,  3.06s/it] 36%|███▌      | 1117/3094 [55:44<1:35:38,  2.90s/it]                                                      36%|███▌      | 1117/3094 [55:44<1:35:38,  2.90s/it] 36%|███▌      | 1118/3094 [55:47<1:38:47,  3.00s/it]                                                      36%|███▌      | 1118/3094 [55:47<1:38:47,  3.00s/it] 36%|███▌      | 1119/3094 [55:50<1:39:50,  3.03s/it]                                                      36%|███▌      | 1119/3094 [55:50<1:39:50,  3.03s/it] 36%|███▌      | 1120/3094 [55:53<1:43:32,  3.15s/it]                                                      36%|███▌      | 1120/3094 [55:53<1:43:32,  3.15s/it] 36%|███▌      | 1121/3094 [55:57<1:46:45,  3.25s/it]                                                      36%|███▌      | 1121/3094 [55:57<1:46:45,  3.25s/it] 36%|███▋      | 1122/3094 [56:00<1:43:06,  3.14s/it]                                                      36%|███▋      | 1122/3094 [56:00<1:43:06,  3.14s/it] 36%|███▋      | 1123/3094 [56:03<1:43:38,  3.15s/it]                                                      36%|███▋      | 1123/3094 [56:03<1:43:38,  3.15s/it] 36%|███▋      | 1124/3094 [56:05<1:36:51,  2.95s/it]                                                      36%|███▋      | 1124/3094 [56:05<1:36:51,  2.95s/it] 36%|███▋      | 1125/3094 [56:09<1:41:00,  3.08s/it]                                                      36%|███▋      | 1125/3094 [56:09<1:41:00,  3.08s/it] 36%|███▋      | 1126/3094 [56:12<1:38:46,  3.01s/it]                                                      36%|███▋      | 1126/3094 [56:12<1:38:46,  3.01s/it] 36%|███▋      | 1127/3094 [56:14<1:35:33,  2.91s/it]                                                      36%|███▋      | 1127/3094 [56:14<1:35:33,  2.91s/it] 36%|███▋      | 1128/3094 [56:17<1:34:19,  2.88s/it]                                                      36%|███▋      | 1128/3094 [56:17<1:34:19,  2.88s/it] 36%|███▋      | 1129/3094 [56:20<1:35:42,  2.92s/it]                                                      36%|███▋      | 1129/3094 [56:20<1:35:42,  2.92s/it] 37%|███▋      | 1130/3094 [56:23<1:35:54,  2.93s/it]                                                      37%|███▋      | 1130/3094 [56:23<1:35:54,  2.93s/it] 37%|███▋      | 1131/3094 [56:27<1:41:28,  3.10s/it]                                                      37%|███▋      | 1131/3094 [56:27<1:41:28,  3.10s/it] 37%|███▋      | 1132/3094 [56:29<1:36:37,  2.96s/it]                                                      37%|███▋      | 1132/3094 [56:29<1:36:37,  2.96s/it] 37%|███▋      | 1133/3094 [56:33<1:39:17,  3.04s/it]                                                      37%|███▋      | 1133/3094 [56:33<1:39:17,  3.04s/it] 37%|███▋      | 1134/3094 [56:35<1:34:41,  2.90s/it]                                                      37%|███▋      | 1134/3094 [56:35<1:34:41,  2.90s/it] 37%|███▋      | 1135/3094 [56:38<1:32:12,  2.82s/it]                                                      37%|███▋      | 1135/3094 [56:38<1:32:12,  2.82s/it] 37%|███▋      | 1136/3094 [56:41<1:32:22,  2.83s/it]                                                      37%|███▋      | 1136/3094 [56:41<1:32:22,  2.83s/it] 37%|███▋      | 1137/3094 [56:43<1:32:46,  2.84s/it]                                                      37%|███▋      | 1137/3094 [56:43<1:32:46,  2.84s/it] 37%|███▋      | 1138/3094 [56:46<1:30:10,  2.77s/it]                                                      37%|███▋      | 1138/3094 [56:46<1:30:10,  2.77s/it] 37%|███▋      | 1139/3094 [56:49<1:28:31,  2.72s/it]                                                      37%|███▋      | 1139/3094 [56:49<1:28:31,  2.72s/it] 37%|███▋      | 1140/3094 [56:51<1:29:09,  2.74s/it]                                                      37%|███▋      | 1140/3094 [56:51<1:29:09,  2.74s/it] 37%|███▋      | 1141/3094 [56:54<1:28:07,  2.71s/it]                                                      37%|███▋      | 1141/3094 [56:54<1:28:07,  2.71s/it] 37%|███▋      | 1142/3094 [56:57<1:33:13,  2.87s/it]                                                      37%|███▋      | 1142/3094 [56:57<1:33:13,  2.87s/it] 37%|███▋      | 1143/3094 [57:01<1:36:38,  2.97s/it]                                                      37%|███▋      | 1143/3094 [57:01<1:36:38,  2.97s/it] 37%|███▋      | 1144/3094 [57:04<1:38:43,  3.04s/it]                                                      37%|███▋      | 1144/3094 [57:04<1:38:43,  3.04s/it] 37%|███▋      | 1145/3094 [57:07<1:40:20,  3.09s/it]                                                      37%|███▋      | 1145/3094 [57:07<1:40:20,  3.09s/it] 37%|███▋      | 1146/3094 [57:09<1:34:00,  2.90s/it]                                                      37%|███▋      | 1146/3094 [57:09<1:34:00,  2.90s/it] 37%|███▋      | 1147/3094 [57:12<1:34:58,  2.93s/it]                                                      37%|███▋      | 1147/3094 [57:12<1:34:58,  2.93s/it] 37%|███▋      | 1148/3094 [57:15<1:36:50,  2.99s/it]                                                      37%|███▋      | 1148/3094 [57:15<1:36:50,  2.99s/it] 37%|███▋      | 1149/3094 [57:18<1:32:56,  2.87s/it]                                                      37%|███▋      | 1149/3094 [57:18<1:32:56,  2.87s/it] 37%|███▋      | 1150/3094 [57:20<1:27:42,  2.71s/it]                                                      37%|███▋      | 1150/3094 [57:20<1:27:42,  2.71s/it] 37%|███▋      | 1151/3094 [57:24<1:32:25,  2.85s/it]                                                      37%|███▋      | 1151/3094 [57:24<1:32:25,  2.85s/it] 37%|███▋      | 1152/3094 [57:26<1:32:00,  2.84s/it]                                                      37%|███▋      | 1152/3094 [57:26<1:32:00,  2.84s/it] 37%|███▋      | 1153/3094 [57:29<1:33:31,  2.89s/it]                                                      37%|███▋      | 1153/3094 [57:29<1:33:31,  2.89s/it] 37%|███▋      | 1154/3094 [57:32<1:31:44,  2.84s/it]                                                      37%|███▋      | 1154/3094 [57:32<1:31:44,  2.84s/it] 37%|███▋      | 1155/3094 [57:36<1:36:55,  3.00s/it]                                                      37%|███▋      | 1155/3094 [57:36<1:36:55,  3.00s/it] 37%|███▋      | 1156/3094 [57:39<1:40:53,  3.12s/it]                                                     
{'loss': 1.9397, 'grad_norm': 0.2147296965122223, 'learning_rate': 0.00013046293298802202, 'epoch': 0.35}
{'loss': 1.9646, 'grad_norm': 0.285881370306015, 'learning_rate': 0.0001303981871155714, 'epoch': 0.35}
{'loss': 2.0977, 'grad_norm': 0.24400107562541962, 'learning_rate': 0.00013033344124312074, 'epoch': 0.35}
{'loss': 2.0885, 'grad_norm': 0.22112439572811127, 'learning_rate': 0.00013026869537067012, 'epoch': 0.35}
{'loss': 2.0145, 'grad_norm': 0.22676818072795868, 'learning_rate': 0.0001302039494982195, 'epoch': 0.35}
{'loss': 2.0973, 'grad_norm': 0.20453070104122162, 'learning_rate': 0.00013013920362576887, 'epoch': 0.35}
{'loss': 2.0282, 'grad_norm': 0.18242835998535156, 'learning_rate': 0.00013007445775331823, 'epoch': 0.35}
{'loss': 2.2509, 'grad_norm': 0.21772663295269012, 'learning_rate': 0.0001300097118808676, 'epoch': 0.35}
{'loss': 1.8552, 'grad_norm': 0.19458921253681183, 'learning_rate': 0.00012994496600841698, 'epoch': 0.35}
{'loss': 1.919, 'grad_norm': 0.2112000435590744, 'learning_rate': 0.00012988022013596634, 'epoch': 0.35}
{'loss': 1.8986, 'grad_norm': 0.2138415277004242, 'learning_rate': 0.0001298154742635157, 'epoch': 0.35}
{'loss': 2.0872, 'grad_norm': 0.21561545133590698, 'learning_rate': 0.00012975072839106508, 'epoch': 0.35}
{'loss': 2.0716, 'grad_norm': 0.22821693122386932, 'learning_rate': 0.00012968598251861444, 'epoch': 0.35}
{'loss': 1.9511, 'grad_norm': 0.22698098421096802, 'learning_rate': 0.0001296212366461638, 'epoch': 0.35}
{'loss': 2.061, 'grad_norm': 0.24503876268863678, 'learning_rate': 0.0001295564907737132, 'epoch': 0.35}
{'loss': 2.0684, 'grad_norm': 0.22109954059123993, 'learning_rate': 0.00012949174490126255, 'epoch': 0.35}
{'loss': 2.07, 'grad_norm': 0.20285986363887787, 'learning_rate': 0.0001294269990288119, 'epoch': 0.35}
{'loss': 1.8903, 'grad_norm': 0.19797258079051971, 'learning_rate': 0.00012936225315636127, 'epoch': 0.35}
{'loss': 1.8944, 'grad_norm': 0.20403511822223663, 'learning_rate': 0.00012929750728391066, 'epoch': 0.35}
{'loss': 1.8487, 'grad_norm': 0.19974654912948608, 'learning_rate': 0.00012923276141146004, 'epoch': 0.36}
{'loss': 1.9636, 'grad_norm': 0.2049121856689453, 'learning_rate': 0.00012916801553900938, 'epoch': 0.36}
{'loss': 1.727, 'grad_norm': 0.19240984320640564, 'learning_rate': 0.00012910326966655876, 'epoch': 0.36}
{'loss': 1.8511, 'grad_norm': 0.203484907746315, 'learning_rate': 0.00012903852379410812, 'epoch': 0.36}
{'loss': 1.8741, 'grad_norm': 0.2234472781419754, 'learning_rate': 0.0001289737779216575, 'epoch': 0.36}
{'loss': 2.0108, 'grad_norm': 0.21514096856117249, 'learning_rate': 0.00012890903204920687, 'epoch': 0.36}
{'loss': 2.1592, 'grad_norm': 0.22479954361915588, 'learning_rate': 0.00012884428617675623, 'epoch': 0.36}
{'loss': 1.8403, 'grad_norm': 0.19940394163131714, 'learning_rate': 0.00012877954030430562, 'epoch': 0.36}
{'loss': 2.0215, 'grad_norm': 0.2276373952627182, 'learning_rate': 0.00012871479443185498, 'epoch': 0.36}
{'loss': 2.0412, 'grad_norm': 0.2139011025428772, 'learning_rate': 0.00012865004855940434, 'epoch': 0.36}
{'loss': 1.7341, 'grad_norm': 0.18830280005931854, 'learning_rate': 0.00012858530268695372, 'epoch': 0.36}
{'loss': 1.8341, 'grad_norm': 0.19687196612358093, 'learning_rate': 0.00012852055681450308, 'epoch': 0.36}
{'loss': 2.2857, 'grad_norm': 0.22892700135707855, 'learning_rate': 0.00012845581094205244, 'epoch': 0.36}
{'loss': 2.0581, 'grad_norm': 0.22402678430080414, 'learning_rate': 0.0001283910650696018, 'epoch': 0.36}
{'loss': 2.1601, 'grad_norm': 0.21831931173801422, 'learning_rate': 0.0001283263191971512, 'epoch': 0.36}
{'loss': 1.9347, 'grad_norm': 0.1941065490245819, 'learning_rate': 0.00012826157332470055, 'epoch': 0.36}
{'loss': 2.0186, 'grad_norm': 0.2123529613018036, 'learning_rate': 0.0001281968274522499, 'epoch': 0.36}
{'loss': 1.9464, 'grad_norm': 0.21844035387039185, 'learning_rate': 0.0001281320815797993, 'epoch': 0.36}
{'loss': 1.9898, 'grad_norm': 0.22733160853385925, 'learning_rate': 0.00012806733570734866, 'epoch': 0.36}
{'loss': 1.7895, 'grad_norm': 0.22699229419231415, 'learning_rate': 0.00012800258983489804, 'epoch': 0.36}
{'loss': 1.9374, 'grad_norm': 0.19876669347286224, 'learning_rate': 0.00012793784396244738, 'epoch': 0.36}
{'loss': 1.8205, 'grad_norm': 0.18245960772037506, 'learning_rate': 0.00012787309808999676, 'epoch': 0.36}
{'loss': 1.8551, 'grad_norm': 0.20703695714473724, 'learning_rate': 0.00012780835221754615, 'epoch': 0.36}
{'loss': 2.028, 'grad_norm': 0.22069106996059418, 'learning_rate': 0.0001277436063450955, 'epoch': 0.36}
{'loss': 1.7995, 'grad_norm': 0.19030410051345825, 'learning_rate': 0.00012767886047264487, 'epoch': 0.36}
{'loss': 2.0899, 'grad_norm': 0.24292951822280884, 'learning_rate': 0.00012761411460019423, 'epoch': 0.36}
{'loss': 1.7564, 'grad_norm': 0.1878686547279358, 'learning_rate': 0.00012754936872774362, 'epoch': 0.36}
{'loss': 1.9909, 'grad_norm': 0.22181978821754456, 'learning_rate': 0.00012748462285529298, 'epoch': 0.36}
{'loss': 1.7987, 'grad_norm': 0.2134639024734497, 'learning_rate': 0.00012741987698284234, 'epoch': 0.36}
{'loss': 1.8922, 'grad_norm': 0.21591027081012726, 'learning_rate': 0.00012735513111039172, 'epoch': 0.36}
{'loss': 1.9905, 'grad_norm': 0.20835869014263153, 'learning_rate': 0.00012729038523794108, 'epoch': 0.36}
{'loss': 1.8944, 'grad_norm': 0.21181516349315643, 'learning_rate': 0.00012722563936549044, 'epoch': 0.37}
{'loss': 1.9365, 'grad_norm': 0.1928524672985077, 'learning_rate': 0.00012716089349303983, 'epoch': 0.37}
{'loss': 1.8444, 'grad_norm': 0.23353002965450287, 'learning_rate': 0.0001270961476205892, 'epoch': 0.37}
{'loss': 1.8655, 'grad_norm': 0.2285676896572113, 'learning_rate': 0.00012703140174813858, 'epoch': 0.37}
{'loss': 2.0582, 'grad_norm': 0.23773635923862457, 'learning_rate': 0.0001269666558756879, 'epoch': 0.37}
{'loss': 2.2947, 'grad_norm': 0.23295001685619354, 'learning_rate': 0.0001269019100032373, 'epoch': 0.37}
{'loss': 2.1521, 'grad_norm': 0.20985113084316254, 'learning_rate': 0.00012683716413078669, 'epoch': 0.37}
{'loss': 1.8447, 'grad_norm': 0.20091910660266876, 'learning_rate': 0.00012677241825833605, 'epoch': 0.37}
{'loss': 2.0671, 'grad_norm': 0.21772702038288116, 'learning_rate': 0.0001267076723858854, 'epoch': 0.37}
{'loss': 2.1819, 'grad_norm': 0.24761085212230682, 'learning_rate': 0.00012664292651343477, 'epoch': 0.37}
{'loss': 1.997, 'grad_norm': 0.21918636560440063, 'learning_rate': 0.00012657818064098415, 'epoch': 0.37}
{'loss': 1.9735, 'grad_norm': 0.24010057747364044, 'learning_rate': 0.0001265134347685335, 'epoch': 0.37}
{'loss': 2.0865, 'grad_norm': 0.21397459506988525, 'learning_rate': 0.00012644868889608287, 'epoch': 0.37}
{'loss': 1.6688, 'grad_norm': 0.23928651213645935, 'learning_rate': 0.00012638394302363226, 'epoch': 0.37}
{'loss': 1.9095, 'grad_norm': 0.1891280859708786, 'learning_rate': 0.00012631919715118162, 'epoch': 0.37}
{'loss': 1.8571, 'grad_norm': 0.2245253473520279, 'learning_rate': 0.00012625445127873098, 'epoch': 0.37}
{'loss': 1.9176, 'grad_norm': 0.24780115485191345, 'learning_rate': 0.00012618970540628034, 'epoch': 0.37}
{'loss': 2.0196, 'grad_norm': 0.2093658596277237, 'learning_rate': 0.00012612495953382973, 'epoch': 0.37}
{'loss': 2.048, 'grad_norm': 0.21173395216464996, 'learning_rate': 0.0001260602136613791, 'epoch': 0.37}
{'loss': 2.0011, 'grad_norm': 0.21287181973457336, 'learning_rate': 0.00012599546778892845, 'epoch': 0.37}
{'loss': 1.9821, 'grad_norm': 0.2435488998889923, 'learning_rate': 0.00012593072191647783, 'epoch': 0.37}
{'loss': 1.8606, 'grad_norm': 0.20293471217155457, 'learning_rate': 0.0001258659760440272, 'epoch': 0.37}
{'loss': 2.0118, 'grad_norm': 0.21178533136844635, 'learning_rate': 0.00012580123017157658, 'epoch': 0.37}
{'loss': 2.092, 'grad_norm': 0.22402101755142212, 'learning_rate': 0.00012573648429912594, 'epoch': 0.37}
{'loss': 2.1126, 'grad_norm': 0.2269546091556549, 'learning_rate': 0.0001256717384266753, 'epoch': 0.37}
{'loss': 1.864, 'grad_norm': 0.19769157469272614, 'learning_rate': 0.00012560699255422469, 'epoch': 0.37}
{'loss': 2.014, 'grad_norm': 0.19380688667297363, 'learning_rate': 0.00012554224668177405, 'epoch': 0.37} 37%|███▋      | 1156/3094 [57:39<1:40:53,  3.12s/it] 37%|███▋      | 1157/3094 [57:42<1:35:45,  2.97s/it]                                                      37%|███▋      | 1157/3094 [57:42<1:35:45,  2.97s/it] 37%|███▋      | 1158/3094 [57:44<1:29:07,  2.76s/it]                                                      37%|███▋      | 1158/3094 [57:44<1:29:07,  2.76s/it] 37%|███▋      | 1159/3094 [57:47<1:31:11,  2.83s/it]                                                      37%|███▋      | 1159/3094 [57:47<1:31:11,  2.83s/it] 37%|███▋      | 1160/3094 [57:50<1:33:32,  2.90s/it]                                                      37%|███▋      | 1160/3094 [57:50<1:33:32,  2.90s/it] 38%|███▊      | 1161/3094 [57:53<1:31:28,  2.84s/it]                                                      38%|███▊      | 1161/3094 [57:53<1:31:28,  2.84s/it] 38%|███▊      | 1162/3094 [57:56<1:34:24,  2.93s/it]                                                      38%|███▊      | 1162/3094 [57:56<1:34:24,  2.93s/it] 38%|███▊      | 1163/3094 [57:59<1:38:54,  3.07s/it]                                                      38%|███▊      | 1163/3094 [57:59<1:38:54,  3.07s/it] 38%|███▊      | 1164/3094 [58:02<1:39:22,  3.09s/it]                                                      38%|███▊      | 1164/3094 [58:02<1:39:22,  3.09s/it] 38%|███▊      | 1165/3094 [58:06<1:45:02,  3.27s/it]                                                      38%|███▊      | 1165/3094 [58:06<1:45:02,  3.27s/it] 38%|███▊      | 1166/3094 [58:09<1:40:58,  3.14s/it]                                                      38%|███▊      | 1166/3094 [58:09<1:40:58,  3.14s/it] 38%|███▊      | 1167/3094 [58:11<1:34:40,  2.95s/it]                                                      38%|███▊      | 1167/3094 [58:11<1:34:40,  2.95s/it] 38%|███▊      | 1168/3094 [58:15<1:38:34,  3.07s/it]                                                      38%|███▊      | 1168/3094 [58:15<1:38:34,  3.07s/it] 38%|███▊      | 1169/3094 [58:17<1:36:22,  3.00s/it]                                                      38%|███▊      | 1169/3094 [58:17<1:36:22,  3.00s/it] 38%|███▊      | 1170/3094 [58:21<1:38:26,  3.07s/it]                                                      38%|███▊      | 1170/3094 [58:21<1:38:26,  3.07s/it] 38%|███▊      | 1171/3094 [58:23<1:32:00,  2.87s/it]                                                      38%|███▊      | 1171/3094 [58:23<1:32:00,  2.87s/it] 38%|███▊      | 1172/3094 [58:26<1:31:39,  2.86s/it]                                                      38%|███▊      | 1172/3094 [58:26<1:31:39,  2.86s/it] 38%|███▊      | 1173/3094 [58:29<1:28:56,  2.78s/it]                                                      38%|███▊      | 1173/3094 [58:29<1:28:56,  2.78s/it] 38%|███▊      | 1174/3094 [58:32<1:32:06,  2.88s/it]                                                      38%|███▊      | 1174/3094 [58:32<1:32:06,  2.88s/it] 38%|███▊      | 1175/3094 [58:35<1:32:54,  2.91s/it]                                                      38%|███▊      | 1175/3094 [58:35<1:32:54,  2.91s/it] 38%|███▊      | 1176/3094 [58:38<1:34:03,  2.94s/it]                                                      38%|███▊      | 1176/3094 [58:38<1:34:03,  2.94s/it] 38%|███▊      | 1177/3094 [58:40<1:32:56,  2.91s/it]                                                      38%|███▊      | 1177/3094 [58:40<1:32:56,  2.91s/it] 38%|███▊      | 1178/3094 [58:44<1:39:46,  3.12s/it]                                                      38%|███▊      | 1178/3094 [58:44<1:39:46,  3.12s/it] 38%|███▊      | 1179/3094 [58:48<1:43:56,  3.26s/it]                                                      38%|███▊      | 1179/3094 [58:48<1:43:56,  3.26s/it] 38%|███▊      | 1180/3094 [58:51<1:44:36,  3.28s/it]                                                      38%|███▊      | 1180/3094 [58:51<1:44:36,  3.28s/it] 38%|███▊      | 1181/3094 [58:54<1:38:38,  3.09s/it]                                                      38%|███▊      | 1181/3094 [58:54<1:38:38,  3.09s/it] 38%|███▊      | 1182/3094 [58:58<1:52:02,  3.52s/it]                                                      38%|███▊      | 1182/3094 [58:58<1:52:02,  3.52s/it] 38%|███▊      | 1183/3094 [59:02<1:51:50,  3.51s/it]                                                      38%|███▊      | 1183/3094 [59:02<1:51:50,  3.51s/it] 38%|███▊      | 1184/3094 [59:04<1:45:17,  3.31s/it]                                                      38%|███▊      | 1184/3094 [59:04<1:45:17,  3.31s/it] 38%|███▊      | 1185/3094 [59:08<1:44:15,  3.28s/it]                                                      38%|███▊      | 1185/3094 [59:08<1:44:15,  3.28s/it] 38%|███▊      | 1186/3094 [59:11<1:40:15,  3.15s/it]                                                      38%|███▊      | 1186/3094 [59:11<1:40:15,  3.15s/it] 38%|███▊      | 1187/3094 [59:14<1:40:17,  3.16s/it]                                                      38%|███▊      | 1187/3094 [59:14<1:40:17,  3.16s/it] 38%|███▊      | 1188/3094 [59:17<1:38:42,  3.11s/it]                                                      38%|███▊      | 1188/3094 [59:17<1:38:42,  3.11s/it] 38%|███▊      | 1189/3094 [59:20<1:37:41,  3.08s/it]                                                      38%|███▊      | 1189/3094 [59:20<1:37:41,  3.08s/it] 38%|███▊      | 1190/3094 [59:22<1:31:32,  2.88s/it]                                                      38%|███▊      | 1190/3094 [59:22<1:31:32,  2.88s/it] 38%|███▊      | 1191/3094 [59:25<1:32:28,  2.92s/it]                                                      38%|███▊      | 1191/3094 [59:25<1:32:28,  2.92s/it] 39%|███▊      | 1192/3094 [59:28<1:29:42,  2.83s/it]                                                      39%|███▊      | 1192/3094 [59:28<1:29:42,  2.83s/it] 39%|███▊      | 1193/3094 [59:31<1:33:48,  2.96s/it]                                                      39%|███▊      | 1193/3094 [59:31<1:33:48,  2.96s/it] 39%|███▊      | 1194/3094 [59:34<1:36:24,  3.04s/it]                                                      39%|███▊      | 1194/3094 [59:34<1:36:24,  3.04s/it] 39%|███▊      | 1195/3094 [59:37<1:30:17,  2.85s/it]                                                      39%|███▊      | 1195/3094 [59:37<1:30:17,  2.85s/it] 39%|███▊      | 1196/3094 [59:39<1:29:05,  2.82s/it]                                                      39%|███▊      | 1196/3094 [59:39<1:29:05,  2.82s/it] 39%|███▊      | 1197/3094 [59:42<1:27:41,  2.77s/it]                                                      39%|███▊      | 1197/3094 [59:42<1:27:41,  2.77s/it] 39%|███▊      | 1198/3094 [59:45<1:28:31,  2.80s/it]                                                      39%|███▊      | 1198/3094 [59:45<1:28:31,  2.80s/it] 39%|███▉      | 1199/3094 [59:48<1:30:10,  2.85s/it]                                                      39%|███▉      | 1199/3094 [59:48<1:30:10,  2.85s/it] 39%|███▉      | 1200/3094 [59:51<1:29:16,  2.83s/it]                                                      39%|███▉      | 1200/3094 [59:51<1:29:16,  2.83s/it] 39%|███▉      | 1201/3094 [59:54<1:29:39,  2.84s/it]                                                      39%|███▉      | 1201/3094 [59:54<1:29:39,  2.84s/it] 39%|███▉      | 1202/3094 [59:56<1:28:07,  2.79s/it]                                                      39%|███▉      | 1202/3094 [59:56<1:28:07,  2.79s/it] 39%|███▉      | 1203/3094 [59:59<1:25:40,  2.72s/it]                                                      39%|███▉      | 1203/3094 [59:59<1:25:40,  2.72s/it] 39%|███▉      | 1204/3094 [1:00:02<1:34:00,  2.98s/it]                                                        39%|███▉      | 1204/3094 [1:00:02<1:34:00,  2.98s/it] 39%|███▉      | 1205/3094 [1:00:06<1:35:50,  3.04s/it]                                                        39%|███▉      | 1205/3094 [1:00:06<1:35:50,  3.04s/it] 39%|███▉      | 1206/3094 [1:00:09<1:34:33,  3.01s/it]                                                        39%|███▉      | 1206/3094 [1:00:09<1:34:33,  3.01s/it] 39%|███▉      | 1207/3094 [1:00:12<1:35:08,  3.03s/it]                                                        39%|███▉      | 1207/3094 [1:00:12<1:35:08,  3.03s/it] 39%|███▉      | 1208/3094 [1:00:14<1:33:05,  2.96s/it]                                                        39%|███▉      | 1208/3094 [1:00:14<1:33:05,  2.96s/it] 39%|███▉      | 1209/3094 [1:00:17<1:31:07,  2.90s/it]                                                        39%|███▉      | 1209/3094 [1:00:17<1:31:07,  2.90s/it] 39%|███▉      | 1210/3094 [1:00:20<1:31:30,  2.91s/it]                                                        39%|███▉      | 1210/3094 [1:00:20<1:31:30,  2.91s/it] 39%|███▉      | 1211/3094 [1:00:23<1:34:57,  3.03s/it]                                                        39%|███▉      | 1211/3094 [1:00:23<1:34:57,  3.03s/it] 39%|███▉      | 1212/3094 [1:00:26<1:35:05,  3.03s/it]                                                        39%|███▉      | 1212/3094 [1:00:26<1:35:05,  3.03s/it] 39%|███▉      | 1213/3094 [1:00:29<1:35:26,  3.04s/it]                                                        39%|███▉      | 1213/3094 [1:00:29<1:35:26,  3.04s/it] 39%|███▉      | 1214/3094 [1:00:33<1:39:39,  3.18s/it]                                                        39%|███▉      | 1214/3094 [1:00:33<1:39:39,  3.18s/it] 39%|███▉      | 1215/3094 [1:00:36<1:37:43,  3.12s/it]                                                        39%|███▉      | 1215/3094 [1:00:36<1:37:43,  3.12s/it] 39%|███▉      | 1216/3094 [1:00:39<1:33:35,  2.99s/it]                                                        39%|███▉      | 1216/3094 [1:00:39<1:33:35,  2.99s/it] 39%|███▉      | 1217/3094 [1:00:42<1:35:26,  3.05s/it]                                                        39%|███▉      | 1217/3094 [1:00:42<1:35:26,  3.05s/it] 39%|███▉      | 1218/3094 [1:00:45<1:40:16,  3.21s/it]                                                        39%|███▉      | 1218/3094 [1:00:45<1:40:16,  3.21s/it] 39%|███▉      | 1219/3094 [1:00:49<1:38:59,  3.17s/it]                                                        39%|███▉      | 1219/3094 [1:00:49<1:38:59,  3.17s/it] 39%|███▉      | 1220/3094 [1:00:51<1:35:13,  3.05s/it]                                                        39%|███▉      | 1220/3094 [1:00:51<1:35:13,  3.05s/it] 39%|███▉      | 1221/3094 [1:00:55<1:39:21,  3.18s/it]                                                        39%|███▉      | 1221/3094 [1:00:55<1:39:21,  3.18s/it] 39%|███▉      | 1222/3094 [1:00:57<1:32:09,  2.95s/it]                                                        39%|███▉      | 1222/3094 [1:00:57<1:32:09,  2.95s/it] 40%|███▉      | 1223/3094 [1:01:00<1:30:12,  2.89s/it]                                                        40%|███▉      | 1223/3094 [1:01:00<1:30:12,  2.89s/it] 40%|███▉      | 1224/3094 [1:01:03<1:27:57,  2.82s/it]                                                        40%|███▉      | 1224/3094 [1:01:03<1:27:57,  2.82s/it] 40%|███▉      | 1225/3094 [1:01:06<1:33:43,  3.01s/it]                                                        40%|███▉      | 1225/3094 [1:01:06<1:33:43,  3.01s/it] 40%|███▉      | 1226/3094 [1:01:09<1:31:41,  2.95s/it]                                                        40%|███▉      | 1226/3094 [1:01:09<1:31:41,  2.95s/it] 40%|███▉      | 1227/3094 [1:01:12<1:30:00,  2.89s/it]                                                        40%|███▉      | 1227/3094 [1:01:12<1:30:00,  2.89s/it] 40%|███▉      | 1228/3094 [1:01:15<1:30:20,  2.90s/it]                                                        40%|███▉      | 1228/3094 [1:01:15<1:30:20,  2.90s/it] 40%|███▉      | 1229/3094 [1:01:17<1:30:33,  2.91s/it]                                                        40%|███▉      | 1229/3094 [1:01:17<1:30:33,  2.91s/it] 40%|███▉      | 1230/3094 [1:01:20<1:25:53,  2.76s/it]                                                        40%|███▉      | 1230/3094 [1:01:20<1:25:53,  2.76s/it] 40%|███▉      | 1231/3094 [1:01:24<1:34:18,  3.04s/it]                                                        40%|███▉      | 1231/3094 [1:01:24<1:34:18,  3.04s/it] 40%|███▉      | 1232/3094 [1:01:27<1:33:23,  3.01s/it]                                                        40%|███▉      | 1232/3094 [1:01:27<1:33:23,  3.01s/it] 40%|███▉      | 1233/3094 [1:01:29<1:29:56,  2.90s/it]                                                       
{'loss': 1.9612, 'grad_norm': 0.23252390325069427, 'learning_rate': 0.0001254775008093234, 'epoch': 0.37}
{'loss': 2.2592, 'grad_norm': 0.2644751965999603, 'learning_rate': 0.0001254127549368728, 'epoch': 0.37}
{'loss': 2.0528, 'grad_norm': 0.2268657237291336, 'learning_rate': 0.00012534800906442215, 'epoch': 0.37}
{'loss': 1.8378, 'grad_norm': 0.20902957022190094, 'learning_rate': 0.0001252832631919715, 'epoch': 0.37}
{'loss': 1.9805, 'grad_norm': 0.22891634702682495, 'learning_rate': 0.00012521851731952087, 'epoch': 0.38}
{'loss': 1.8668, 'grad_norm': 0.20356418192386627, 'learning_rate': 0.00012515377144707026, 'epoch': 0.38}
{'loss': 2.0668, 'grad_norm': 0.2250708043575287, 'learning_rate': 0.00012508902557461965, 'epoch': 0.38}
{'loss': 2.0754, 'grad_norm': 0.2142508178949356, 'learning_rate': 0.00012502427970216898, 'epoch': 0.38}
{'loss': 1.775, 'grad_norm': 0.18430869281291962, 'learning_rate': 0.00012495953382971837, 'epoch': 0.38}
{'loss': 1.8083, 'grad_norm': 0.23051774501800537, 'learning_rate': 0.00012489478795726773, 'epoch': 0.38}
{'loss': 2.2097, 'grad_norm': 0.24840310215950012, 'learning_rate': 0.0001248300420848171, 'epoch': 0.38}
{'loss': 2.1816, 'grad_norm': 0.20841410756111145, 'learning_rate': 0.00012476529621236647, 'epoch': 0.38}
{'loss': 1.8059, 'grad_norm': 0.21198895573616028, 'learning_rate': 0.00012470055033991583, 'epoch': 0.38}
{'loss': 1.8324, 'grad_norm': 0.189626544713974, 'learning_rate': 0.00012463580446746522, 'epoch': 0.38}
{'loss': 1.9337, 'grad_norm': 0.24504528939723969, 'learning_rate': 0.00012457105859501458, 'epoch': 0.38}
{'loss': 2.0348, 'grad_norm': 0.24692365527153015, 'learning_rate': 0.00012450631272256394, 'epoch': 0.38}
{'loss': 1.7985, 'grad_norm': 0.23114649951457977, 'learning_rate': 0.0001244415668501133, 'epoch': 0.38}
{'loss': 2.0751, 'grad_norm': 0.21358181536197662, 'learning_rate': 0.00012437682097766269, 'epoch': 0.38}
{'loss': 1.7853, 'grad_norm': 0.20252183079719543, 'learning_rate': 0.00012431207510521205, 'epoch': 0.38}
{'loss': 2.0704, 'grad_norm': 0.19673898816108704, 'learning_rate': 0.0001242473292327614, 'epoch': 0.38}
{'loss': 2.1204, 'grad_norm': 0.22909829020500183, 'learning_rate': 0.0001241825833603108, 'epoch': 0.38}
{'loss': 1.8092, 'grad_norm': 0.18762452900409698, 'learning_rate': 0.00012411783748786015, 'epoch': 0.38}
{'loss': 1.9575, 'grad_norm': 0.19446827471256256, 'learning_rate': 0.0001240530916154095, 'epoch': 0.38}
{'loss': 2.1025, 'grad_norm': 0.21900857985019684, 'learning_rate': 0.0001239883457429589, 'epoch': 0.38}
{'loss': 1.9929, 'grad_norm': 0.24606101214885712, 'learning_rate': 0.00012392359987050826, 'epoch': 0.38}
{'loss': 1.7003, 'grad_norm': 0.18004634976387024, 'learning_rate': 0.00012385885399805765, 'epoch': 0.38}
{'loss': 1.7289, 'grad_norm': 0.21002593636512756, 'learning_rate': 0.00012379410812560698, 'epoch': 0.38}
{'loss': 2.1568, 'grad_norm': 0.23068344593048096, 'learning_rate': 0.00012372936225315637, 'epoch': 0.38}
{'loss': 1.9273, 'grad_norm': 0.24728508293628693, 'learning_rate': 0.00012366461638070575, 'epoch': 0.38}
{'loss': 1.7128, 'grad_norm': 0.19796867668628693, 'learning_rate': 0.0001235998705082551, 'epoch': 0.38}
{'loss': 2.0964, 'grad_norm': 0.2333977371454239, 'learning_rate': 0.00012353512463580447, 'epoch': 0.38}
{'loss': 2.1218, 'grad_norm': 0.23945289850234985, 'learning_rate': 0.00012347037876335383, 'epoch': 0.38}
{'loss': 1.7066, 'grad_norm': 0.2042018473148346, 'learning_rate': 0.00012340563289090322, 'epoch': 0.38}
{'loss': 1.9956, 'grad_norm': 0.21543586254119873, 'learning_rate': 0.00012334088701845258, 'epoch': 0.38}
{'loss': 2.0433, 'grad_norm': 0.21742337942123413, 'learning_rate': 0.00012327614114600194, 'epoch': 0.38}
{'loss': 2.0315, 'grad_norm': 0.2174758017063141, 'learning_rate': 0.00012321139527355133, 'epoch': 0.39}
{'loss': 2.0312, 'grad_norm': 0.2005896419286728, 'learning_rate': 0.0001231466494011007, 'epoch': 0.39}
{'loss': 1.9802, 'grad_norm': 0.20525944232940674, 'learning_rate': 0.00012308190352865005, 'epoch': 0.39}
{'loss': 2.0555, 'grad_norm': 0.23662075400352478, 'learning_rate': 0.00012301715765619943, 'epoch': 0.39}
{'loss': 2.1016, 'grad_norm': 0.22516527771949768, 'learning_rate': 0.0001229524117837488, 'epoch': 0.39}
{'loss': 1.8797, 'grad_norm': 0.2235349714756012, 'learning_rate': 0.00012288766591129815, 'epoch': 0.39}
{'loss': 1.9935, 'grad_norm': 0.20322266221046448, 'learning_rate': 0.0001228229200388475, 'epoch': 0.39}
{'loss': 1.9906, 'grad_norm': 0.2055835872888565, 'learning_rate': 0.0001227581741663969, 'epoch': 0.39}
{'loss': 2.2354, 'grad_norm': 0.21831606328487396, 'learning_rate': 0.0001226934282939463, 'epoch': 0.39}
{'loss': 2.0206, 'grad_norm': 0.2187453955411911, 'learning_rate': 0.00012262868242149562, 'epoch': 0.39}
{'loss': 1.9485, 'grad_norm': 0.23133334517478943, 'learning_rate': 0.000122563936549045, 'epoch': 0.39}
{'loss': 2.0472, 'grad_norm': 0.2243947684764862, 'learning_rate': 0.00012249919067659437, 'epoch': 0.39}
{'loss': 1.9512, 'grad_norm': 0.19013488292694092, 'learning_rate': 0.00012243444480414375, 'epoch': 0.39}
{'loss': 1.8195, 'grad_norm': 0.2517201602458954, 'learning_rate': 0.0001223696989316931, 'epoch': 0.39}
{'loss': 2.0795, 'grad_norm': 0.241465225815773, 'learning_rate': 0.00012230495305924247, 'epoch': 0.39}
{'loss': 1.6349, 'grad_norm': 0.20482876896858215, 'learning_rate': 0.00012224020718679186, 'epoch': 0.39}
{'loss': 1.9362, 'grad_norm': 0.21959614753723145, 'learning_rate': 0.00012217546131434122, 'epoch': 0.39}
{'loss': 1.9543, 'grad_norm': 0.21703189611434937, 'learning_rate': 0.00012211071544189058, 'epoch': 0.39}
{'loss': 1.9665, 'grad_norm': 0.19955934584140778, 'learning_rate': 0.00012204596956943994, 'epoch': 0.39}
{'loss': 1.8323, 'grad_norm': 0.20397935807704926, 'learning_rate': 0.00012198122369698933, 'epoch': 0.39}
{'loss': 2.0615, 'grad_norm': 0.21363204717636108, 'learning_rate': 0.0001219164778245387, 'epoch': 0.39}
{'loss': 2.1054, 'grad_norm': 0.20004300773143768, 'learning_rate': 0.00012185173195208806, 'epoch': 0.39}
{'loss': 2.0373, 'grad_norm': 0.20919393002986908, 'learning_rate': 0.00012178698607963743, 'epoch': 0.39}
{'loss': 2.0098, 'grad_norm': 0.21940413117408752, 'learning_rate': 0.0001217222402071868, 'epoch': 0.39}
{'loss': 2.1268, 'grad_norm': 0.22688601911067963, 'learning_rate': 0.00012165749433473617, 'epoch': 0.39}
{'loss': 1.8232, 'grad_norm': 0.218366801738739, 'learning_rate': 0.00012159274846228554, 'epoch': 0.39}
{'loss': 1.9543, 'grad_norm': 0.19842512905597687, 'learning_rate': 0.0001215280025898349, 'epoch': 0.39}
{'loss': 2.0718, 'grad_norm': 0.21962140500545502, 'learning_rate': 0.00012146325671738427, 'epoch': 0.39}
{'loss': 2.0271, 'grad_norm': 0.22900258004665375, 'learning_rate': 0.00012139851084493363, 'epoch': 0.39}
{'loss': 1.9027, 'grad_norm': 0.19882021844387054, 'learning_rate': 0.00012133376497248301, 'epoch': 0.39}
{'loss': 1.9787, 'grad_norm': 0.22507233917713165, 'learning_rate': 0.0001212690191000324, 'epoch': 0.39}
{'loss': 2.0151, 'grad_norm': 0.23714004456996918, 'learning_rate': 0.00012120427322758174, 'epoch': 0.4}
{'loss': 1.8876, 'grad_norm': 0.22838783264160156, 'learning_rate': 0.00012113952735513113, 'epoch': 0.4}
{'loss': 2.0236, 'grad_norm': 0.2081243395805359, 'learning_rate': 0.00012107478148268047, 'epoch': 0.4}
{'loss': 1.9307, 'grad_norm': 0.20700009167194366, 'learning_rate': 0.00012101003561022986, 'epoch': 0.4}
{'loss': 2.1213, 'grad_norm': 0.2226351648569107, 'learning_rate': 0.00012094528973777923, 'epoch': 0.4}
{'loss': 1.9891, 'grad_norm': 0.20493295788764954, 'learning_rate': 0.0001208805438653286, 'epoch': 0.4}
{'loss': 2.2414, 'grad_norm': 0.23082806169986725, 'learning_rate': 0.00012081579799287797, 'epoch': 0.4}
{'loss': 2.0013, 'grad_norm': 0.26595351099967957, 'learning_rate': 0.00012075105212042733, 'epoch': 0.4}
{'loss': 1.9551, 'grad_norm': 0.21376781165599823, 'learning_rate': 0.0001206863062479767, 'epoch': 0.4}
{'loss': 1.9563, 'grad_norm': 0.21837899088859558, 'learning_rate': 0.00012062156037552607, 'epoch': 0.4}
{'loss': 1.9973, 'grad_norm': 0.2547290027141571, 'learning_rate': 0.00012055681450307543, 'epoch': 0.4} 40%|███▉      | 1233/3094 [1:01:29<1:29:56,  2.90s/it] 40%|███▉      | 1234/3094 [1:01:33<1:38:25,  3.17s/it]                                                        40%|███▉      | 1234/3094 [1:01:33<1:38:25,  3.17s/it] 40%|███▉      | 1235/3094 [1:01:36<1:37:13,  3.14s/it]                                                        40%|███▉      | 1235/3094 [1:01:36<1:37:13,  3.14s/it] 40%|███▉      | 1236/3094 [1:01:39<1:38:45,  3.19s/it]                                                        40%|███▉      | 1236/3094 [1:01:39<1:38:45,  3.19s/it] 40%|███▉      | 1237/3094 [1:01:42<1:35:42,  3.09s/it]                                                        40%|███▉      | 1237/3094 [1:01:42<1:35:42,  3.09s/it] 40%|████      | 1238/3094 [1:01:45<1:33:06,  3.01s/it]                                                        40%|████      | 1238/3094 [1:01:45<1:33:06,  3.01s/it] 40%|████      | 1239/3094 [1:01:48<1:36:08,  3.11s/it]                                                        40%|████      | 1239/3094 [1:01:48<1:36:08,  3.11s/it] 40%|████      | 1240/3094 [1:01:51<1:30:40,  2.93s/it]                                                        40%|████      | 1240/3094 [1:01:51<1:30:40,  2.93s/it] 40%|████      | 1241/3094 [1:01:54<1:29:04,  2.88s/it]                                                        40%|████      | 1241/3094 [1:01:54<1:29:04,  2.88s/it] 40%|████      | 1242/3094 [1:01:59<1:49:12,  3.54s/it]                                                        40%|████      | 1242/3094 [1:01:59<1:49:12,  3.54s/it] 40%|████      | 1243/3094 [1:02:02<1:43:07,  3.34s/it]                                                        40%|████      | 1243/3094 [1:02:02<1:43:07,  3.34s/it] 40%|████      | 1244/3094 [1:02:05<1:41:58,  3.31s/it]                                                        40%|████      | 1244/3094 [1:02:05<1:41:58,  3.31s/it] 40%|████      | 1245/3094 [1:02:08<1:39:15,  3.22s/it]                                                        40%|████      | 1245/3094 [1:02:08<1:39:15,  3.22s/it] 40%|████      | 1246/3094 [1:02:12<1:45:38,  3.43s/it]                                                        40%|████      | 1246/3094 [1:02:12<1:45:38,  3.43s/it] 40%|████      | 1247/3094 [1:02:15<1:41:38,  3.30s/it]                                                        40%|████      | 1247/3094 [1:02:15<1:41:38,  3.30s/it] 40%|████      | 1248/3094 [1:02:17<1:34:47,  3.08s/it]                                                        40%|████      | 1248/3094 [1:02:17<1:34:47,  3.08s/it] 40%|████      | 1249/3094 [1:02:21<1:36:25,  3.14s/it]                                                        40%|████      | 1249/3094 [1:02:21<1:36:25,  3.14s/it] 40%|████      | 1250/3094 [1:02:24<1:34:48,  3.08s/it]                                                        40%|████      | 1250/3094 [1:02:24<1:34:48,  3.08s/it] 40%|████      | 1251/3094 [1:02:27<1:36:53,  3.15s/it]                                                        40%|████      | 1251/3094 [1:02:27<1:36:53,  3.15s/it] 40%|████      | 1252/3094 [1:02:30<1:33:59,  3.06s/it]                                                        40%|████      | 1252/3094 [1:02:30<1:33:59,  3.06s/it] 40%|████      | 1253/3094 [1:02:33<1:36:17,  3.14s/it]                                                        40%|████      | 1253/3094 [1:02:33<1:36:17,  3.14s/it] 41%|████      | 1254/3094 [1:02:36<1:36:30,  3.15s/it]                                                        41%|████      | 1254/3094 [1:02:36<1:36:30,  3.15s/it] 41%|████      | 1255/3094 [1:02:39<1:32:22,  3.01s/it]                                                        41%|████      | 1255/3094 [1:02:39<1:32:22,  3.01s/it] 41%|████      | 1256/3094 [1:02:42<1:29:45,  2.93s/it]                                                        41%|████      | 1256/3094 [1:02:42<1:29:45,  2.93s/it] 41%|████      | 1257/3094 [1:02:44<1:27:16,  2.85s/it]                                                        41%|████      | 1257/3094 [1:02:44<1:27:16,  2.85s/it] 41%|████      | 1258/3094 [1:02:47<1:29:24,  2.92s/it]                                                        41%|████      | 1258/3094 [1:02:47<1:29:24,  2.92s/it] 41%|████      | 1259/3094 [1:02:50<1:28:42,  2.90s/it]                                                        41%|████      | 1259/3094 [1:02:50<1:28:42,  2.90s/it] 41%|████      | 1260/3094 [1:02:54<1:35:42,  3.13s/it]                                                        41%|████      | 1260/3094 [1:02:54<1:35:42,  3.13s/it] 41%|████      | 1261/3094 [1:02:58<1:41:39,  3.33s/it]                                                        41%|████      | 1261/3094 [1:02:58<1:41:39,  3.33s/it] 41%|████      | 1262/3094 [1:03:00<1:34:58,  3.11s/it]                                                        41%|████      | 1262/3094 [1:03:00<1:34:58,  3.11s/it] 41%|████      | 1263/3094 [1:03:03<1:28:10,  2.89s/it]                                                        41%|████      | 1263/3094 [1:03:03<1:28:10,  2.89s/it] 41%|████      | 1264/3094 [1:03:06<1:28:31,  2.90s/it]                                                        41%|████      | 1264/3094 [1:03:06<1:28:31,  2.90s/it] 41%|████      | 1265/3094 [1:03:08<1:26:20,  2.83s/it]                                                        41%|████      | 1265/3094 [1:03:08<1:26:20,  2.83s/it] 41%|████      | 1266/3094 [1:03:11<1:23:10,  2.73s/it]                                                        41%|████      | 1266/3094 [1:03:11<1:23:10,  2.73s/it] 41%|████      | 1267/3094 [1:03:14<1:24:43,  2.78s/it]                                                        41%|████      | 1267/3094 [1:03:14<1:24:43,  2.78s/it] 41%|████      | 1268/3094 [1:03:17<1:25:26,  2.81s/it]                                                        41%|████      | 1268/3094 [1:03:17<1:25:26,  2.81s/it] 41%|████      | 1269/3094 [1:03:19<1:21:59,  2.70s/it]                                                        41%|████      | 1269/3094 [1:03:19<1:21:59,  2.70s/it] 41%|████      | 1270/3094 [1:03:23<1:31:39,  3.02s/it]                                                        41%|████      | 1270/3094 [1:03:23<1:31:39,  3.02s/it] 41%|████      | 1271/3094 [1:03:26<1:34:44,  3.12s/it]                                                        41%|████      | 1271/3094 [1:03:26<1:34:44,  3.12s/it] 41%|████      | 1272/3094 [1:03:29<1:29:28,  2.95s/it]                                                        41%|████      | 1272/3094 [1:03:29<1:29:28,  2.95s/it] 41%|████      | 1273/3094 [1:03:31<1:24:08,  2.77s/it]                                                        41%|████      | 1273/3094 [1:03:31<1:24:08,  2.77s/it] 41%|████      | 1274/3094 [1:03:34<1:26:54,  2.86s/it]                                                        41%|████      | 1274/3094 [1:03:34<1:26:54,  2.86s/it] 41%|████      | 1275/3094 [1:03:37<1:24:24,  2.78s/it]                                                        41%|████      | 1275/3094 [1:03:37<1:24:24,  2.78s/it] 41%|████      | 1276/3094 [1:03:40<1:26:01,  2.84s/it]                                                        41%|████      | 1276/3094 [1:03:40<1:26:01,  2.84s/it] 41%|████▏     | 1277/3094 [1:03:43<1:30:50,  3.00s/it]                                                        41%|████▏     | 1277/3094 [1:03:43<1:30:50,  3.00s/it] 41%|████▏     | 1278/3094 [1:03:46<1:30:13,  2.98s/it]                                                        41%|████▏     | 1278/3094 [1:03:46<1:30:13,  2.98s/it] 41%|████▏     | 1279/3094 [1:03:49<1:32:23,  3.05s/it]                                                        41%|████▏     | 1279/3094 [1:03:49<1:32:23,  3.05s/it] 41%|████▏     | 1280/3094 [1:03:52<1:33:18,  3.09s/it]                                                        41%|████▏     | 1280/3094 [1:03:52<1:33:18,  3.09s/it] 41%|████▏     | 1281/3094 [1:03:55<1:32:10,  3.05s/it]                                                        41%|████▏     | 1281/3094 [1:03:55<1:32:10,  3.05s/it] 41%|████▏     | 1282/3094 [1:03:58<1:32:20,  3.06s/it]                                                        41%|████▏     | 1282/3094 [1:03:58<1:32:20,  3.06s/it] 41%|████▏     | 1283/3094 [1:04:01<1:29:23,  2.96s/it]                                                        41%|████▏     | 1283/3094 [1:04:01<1:29:23,  2.96s/it] 41%|████▏     | 1284/3094 [1:04:04<1:26:18,  2.86s/it]                                                        41%|████▏     | 1284/3094 [1:04:04<1:26:18,  2.86s/it] 42%|████▏     | 1285/3094 [1:04:07<1:28:47,  2.95s/it]                                                        42%|████▏     | 1285/3094 [1:04:07<1:28:47,  2.95s/it] 42%|████▏     | 1286/3094 [1:04:10<1:30:10,  2.99s/it]                                                        42%|████▏     | 1286/3094 [1:04:10<1:30:10,  2.99s/it] 42%|████▏     | 1287/3094 [1:04:13<1:27:00,  2.89s/it]                                                        42%|████▏     | 1287/3094 [1:04:13<1:27:00,  2.89s/it] 42%|████▏     | 1288/3094 [1:04:15<1:26:04,  2.86s/it]                                                        42%|████▏     | 1288/3094 [1:04:15<1:26:04,  2.86s/it] 42%|████▏     | 1289/3094 [1:04:19<1:29:19,  2.97s/it]                                                        42%|████▏     | 1289/3094 [1:04:19<1:29:19,  2.97s/it] 42%|████▏     | 1290/3094 [1:04:21<1:22:53,  2.76s/it]                                                        42%|████▏     | 1290/3094 [1:04:21<1:22:53,  2.76s/it] 42%|████▏     | 1291/3094 [1:04:24<1:24:20,  2.81s/it]                                                        42%|████▏     | 1291/3094 [1:04:24<1:24:20,  2.81s/it] 42%|████▏     | 1292/3094 [1:04:27<1:24:23,  2.81s/it]                                                        42%|████▏     | 1292/3094 [1:04:27<1:24:23,  2.81s/it] 42%|████▏     | 1293/3094 [1:04:30<1:27:30,  2.92s/it]                                                        42%|████▏     | 1293/3094 [1:04:30<1:27:30,  2.92s/it] 42%|████▏     | 1294/3094 [1:04:33<1:26:33,  2.89s/it]                                                        42%|████▏     | 1294/3094 [1:04:33<1:26:33,  2.89s/it] 42%|████▏     | 1295/3094 [1:04:35<1:25:37,  2.86s/it]                                                        42%|████▏     | 1295/3094 [1:04:35<1:25:37,  2.86s/it] 42%|████▏     | 1296/3094 [1:04:39<1:27:36,  2.92s/it]                                                        42%|████▏     | 1296/3094 [1:04:39<1:27:36,  2.92s/it] 42%|████▏     | 1297/3094 [1:04:42<1:30:26,  3.02s/it]                                                        42%|████▏     | 1297/3094 [1:04:42<1:30:26,  3.02s/it] 42%|████▏     | 1298/3094 [1:04:44<1:27:02,  2.91s/it]                                                        42%|████▏     | 1298/3094 [1:04:44<1:27:02,  2.91s/it] 42%|████▏     | 1299/3094 [1:04:48<1:29:17,  2.98s/it]                                                        42%|████▏     | 1299/3094 [1:04:48<1:29:17,  2.98s/it] 42%|████▏     | 1300/3094 [1:04:50<1:28:20,  2.95s/it]                                                        42%|████▏     | 1300/3094 [1:04:50<1:28:20,  2.95s/it] 42%|████▏     | 1301/3094 [1:04:53<1:25:08,  2.85s/it]                                                        42%|████▏     | 1301/3094 [1:04:53<1:25:08,  2.85s/it] 42%|████▏     | 1302/3094 [1:04:56<1:26:04,  2.88s/it]                                                        42%|████▏     | 1302/3094 [1:04:56<1:26:04,  2.88s/it] 42%|████▏     | 1303/3094 [1:04:59<1:28:47,  2.97s/it]                                                        42%|████▏     | 1303/3094 [1:04:59<1:28:47,  2.97s/it] 42%|████▏     | 1304/3094 [1:05:02<1:31:11,  3.06s/it]                                                        42%|████▏     | 1304/3094 [1:05:02<1:31:11,  3.06s/it] 42%|████▏     | 1305/3094 [1:05:05<1:28:40,  2.97s/it]                                                        42%|████▏     | 1305/3094 [1:05:05<1:28:40,  2.97s/it] 42%|████▏     | 1306/3094 [1:05:08<1:29:21,  3.00s/it]                                                        42%|████▏     | 1306/3094 [1:05:08<1:29:21,  3.00s/it] 42%|████▏     | 1307/3094 [1:05:11<1:31:09,  3.06s/it]                                                        42%|████▏     | 1307/3094 [1:05:11<1:31:09,  3.06s/it] 42%|████▏     | 1308/3094 [1:05:15<1:34:19,  3.17s/it]                                                        42%|████▏     | 1308/3094 [1:05:15<1:34:19,  3.17s/it] 42%|████▏     | 1309/3094 [1:05:18<1:30:34,  3.04s/it]                                                        42%|████▏     | 1309/3094 [1:05:18<1:30:34,  3.04s/it] 42%|████▏     | 1310/3094 [1:05:20<1:27:36,  2.95s/it]                                                       
{'loss': 2.0244, 'grad_norm': 0.1942872405052185, 'learning_rate': 0.00012049206863062481, 'epoch': 0.4}
{'loss': 2.0236, 'grad_norm': 0.24022020399570465, 'learning_rate': 0.00012042732275817417, 'epoch': 0.4}
{'loss': 1.9577, 'grad_norm': 0.24091432988643646, 'learning_rate': 0.00012036257688572354, 'epoch': 0.4}
{'loss': 2.0334, 'grad_norm': 0.23938387632369995, 'learning_rate': 0.0001202978310132729, 'epoch': 0.4}
{'loss': 1.7397, 'grad_norm': 0.2196260392665863, 'learning_rate': 0.00012023308514082227, 'epoch': 0.4}
{'loss': 2.083, 'grad_norm': 0.20522232353687286, 'learning_rate': 0.00012016833926837165, 'epoch': 0.4}
{'loss': 1.8864, 'grad_norm': 0.21219122409820557, 'learning_rate': 0.00012010359339592101, 'epoch': 0.4}
{'loss': 2.0183, 'grad_norm': 0.22462855279445648, 'learning_rate': 0.00012003884752347038, 'epoch': 0.4}
{'loss': 1.8662, 'grad_norm': 0.1753905564546585, 'learning_rate': 0.00011997410165101974, 'epoch': 0.4}
{'loss': 2.07, 'grad_norm': 0.24086399376392365, 'learning_rate': 0.00011990935577856912, 'epoch': 0.4}
{'loss': 1.9474, 'grad_norm': 0.2156154364347458, 'learning_rate': 0.0001198446099061185, 'epoch': 0.4}
{'loss': 1.9345, 'grad_norm': 0.23676703870296478, 'learning_rate': 0.00011977986403366785, 'epoch': 0.4}
{'loss': 1.9749, 'grad_norm': 0.1998341679573059, 'learning_rate': 0.00011971511816121724, 'epoch': 0.4}
{'loss': 2.0761, 'grad_norm': 0.21676766872406006, 'learning_rate': 0.00011965037228876658, 'epoch': 0.4}
{'loss': 2.0142, 'grad_norm': 0.22385801374912262, 'learning_rate': 0.00011958562641631597, 'epoch': 0.4}
{'loss': 1.9694, 'grad_norm': 0.21126079559326172, 'learning_rate': 0.00011952088054386534, 'epoch': 0.4}
{'loss': 2.293, 'grad_norm': 0.22944855690002441, 'learning_rate': 0.0001194561346714147, 'epoch': 0.4}
{'loss': 2.0353, 'grad_norm': 0.20059546828269958, 'learning_rate': 0.00011939138879896408, 'epoch': 0.4}
{'loss': 2.0384, 'grad_norm': 0.22065670788288116, 'learning_rate': 0.00011932664292651344, 'epoch': 0.4}
{'loss': 1.9577, 'grad_norm': 0.21304205060005188, 'learning_rate': 0.00011926189705406281, 'epoch': 0.41}
{'loss': 1.926, 'grad_norm': 0.21287289261817932, 'learning_rate': 0.00011919715118161218, 'epoch': 0.41}
{'loss': 1.8253, 'grad_norm': 0.21445316076278687, 'learning_rate': 0.00011913240530916154, 'epoch': 0.41}
{'loss': 1.9726, 'grad_norm': 0.21769516170024872, 'learning_rate': 0.00011906765943671092, 'epoch': 0.41}
{'loss': 2.0757, 'grad_norm': 0.23194950819015503, 'learning_rate': 0.00011900291356426028, 'epoch': 0.41}
{'loss': 2.1208, 'grad_norm': 0.19140402972698212, 'learning_rate': 0.00011893816769180965, 'epoch': 0.41}
{'loss': 2.0119, 'grad_norm': 0.21675516664981842, 'learning_rate': 0.00011887342181935904, 'epoch': 0.41}
{'loss': 1.9373, 'grad_norm': 0.20193031430244446, 'learning_rate': 0.00011880867594690838, 'epoch': 0.41}
{'loss': 1.8104, 'grad_norm': 0.17193979024887085, 'learning_rate': 0.00011874393007445777, 'epoch': 0.41}
{'loss': 1.8771, 'grad_norm': 0.21830040216445923, 'learning_rate': 0.00011867918420200712, 'epoch': 0.41}
{'loss': 2.0711, 'grad_norm': 0.23961670696735382, 'learning_rate': 0.0001186144383295565, 'epoch': 0.41}
{'loss': 1.9888, 'grad_norm': 0.22295406460762024, 'learning_rate': 0.00011854969245710585, 'epoch': 0.41}
{'loss': 2.0701, 'grad_norm': 0.21967968344688416, 'learning_rate': 0.00011848494658465524, 'epoch': 0.41}
{'loss': 1.94, 'grad_norm': 0.23271071910858154, 'learning_rate': 0.00011842020071220461, 'epoch': 0.41}
{'loss': 2.024, 'grad_norm': 0.20880410075187683, 'learning_rate': 0.00011835545483975397, 'epoch': 0.41}
{'loss': 1.9998, 'grad_norm': 0.21842992305755615, 'learning_rate': 0.00011829070896730334, 'epoch': 0.41}
{'loss': 2.117, 'grad_norm': 0.2349286675453186, 'learning_rate': 0.0001182259630948527, 'epoch': 0.41}
{'loss': 1.8278, 'grad_norm': 0.19393441081047058, 'learning_rate': 0.00011816121722240208, 'epoch': 0.41}
{'loss': 2.0018, 'grad_norm': 0.20727646350860596, 'learning_rate': 0.00011809647134995145, 'epoch': 0.41}
{'loss': 2.0127, 'grad_norm': 0.2179545909166336, 'learning_rate': 0.00011803172547750081, 'epoch': 0.41}
{'loss': 2.1893, 'grad_norm': 0.25443658232688904, 'learning_rate': 0.00011796697960505018, 'epoch': 0.41}
{'loss': 1.865, 'grad_norm': 0.21475593745708466, 'learning_rate': 0.00011790223373259954, 'epoch': 0.41}
{'loss': 1.9671, 'grad_norm': 0.2179713249206543, 'learning_rate': 0.00011783748786014892, 'epoch': 0.41}
{'loss': 1.8953, 'grad_norm': 0.2050476223230362, 'learning_rate': 0.0001177727419876983, 'epoch': 0.41}
{'loss': 2.1107, 'grad_norm': 0.20948953926563263, 'learning_rate': 0.00011770799611524765, 'epoch': 0.41}
{'loss': 1.9665, 'grad_norm': 0.22651436924934387, 'learning_rate': 0.00011764325024279704, 'epoch': 0.41}
{'loss': 1.9168, 'grad_norm': 0.19463564455509186, 'learning_rate': 0.00011757850437034638, 'epoch': 0.41}
{'loss': 1.8684, 'grad_norm': 0.205819234251976, 'learning_rate': 0.00011751375849789577, 'epoch': 0.41}
{'loss': 1.909, 'grad_norm': 0.2227211594581604, 'learning_rate': 0.00011744901262544514, 'epoch': 0.41}
{'loss': 2.0887, 'grad_norm': 0.22516104578971863, 'learning_rate': 0.0001173842667529945, 'epoch': 0.41}
{'loss': 2.01, 'grad_norm': 0.23563411831855774, 'learning_rate': 0.00011731952088054388, 'epoch': 0.41}
{'loss': 2.0498, 'grad_norm': 0.2201250046491623, 'learning_rate': 0.00011725477500809324, 'epoch': 0.42}
{'loss': 1.8552, 'grad_norm': 0.2209489792585373, 'learning_rate': 0.00011719002913564261, 'epoch': 0.42}
{'loss': 1.9696, 'grad_norm': 0.21608169376850128, 'learning_rate': 0.00011712528326319198, 'epoch': 0.42}
{'loss': 1.9768, 'grad_norm': 0.22074545919895172, 'learning_rate': 0.00011706053739074134, 'epoch': 0.42}
{'loss': 2.2582, 'grad_norm': 0.24080218374729156, 'learning_rate': 0.00011699579151829072, 'epoch': 0.42}
{'loss': 1.8955, 'grad_norm': 0.2153802216053009, 'learning_rate': 0.00011693104564584008, 'epoch': 0.42}
{'loss': 2.0802, 'grad_norm': 0.24657732248306274, 'learning_rate': 0.00011686629977338945, 'epoch': 0.42}
{'loss': 2.0226, 'grad_norm': 0.20070336759090424, 'learning_rate': 0.00011680155390093884, 'epoch': 0.42}
{'loss': 1.7646, 'grad_norm': 0.23405508697032928, 'learning_rate': 0.00011673680802848818, 'epoch': 0.42}
{'loss': 1.8722, 'grad_norm': 0.20521913468837738, 'learning_rate': 0.00011667206215603757, 'epoch': 0.42}
{'loss': 2.0868, 'grad_norm': 0.2352541983127594, 'learning_rate': 0.00011660731628358692, 'epoch': 0.42}
{'loss': 2.0479, 'grad_norm': 0.23096032440662384, 'learning_rate': 0.0001165425704111363, 'epoch': 0.42}
{'loss': 1.7376, 'grad_norm': 0.2146935909986496, 'learning_rate': 0.00011647782453868565, 'epoch': 0.42}
{'loss': 2.1228, 'grad_norm': 0.22683560848236084, 'learning_rate': 0.00011641307866623504, 'epoch': 0.42}
{'loss': 2.1344, 'grad_norm': 0.22508709132671356, 'learning_rate': 0.00011634833279378441, 'epoch': 0.42}
{'loss': 2.0606, 'grad_norm': 0.21084246039390564, 'learning_rate': 0.00011628358692133377, 'epoch': 0.42}
{'loss': 1.9423, 'grad_norm': 0.2595500946044922, 'learning_rate': 0.00011621884104888314, 'epoch': 0.42}
{'loss': 2.1863, 'grad_norm': 0.23516197502613068, 'learning_rate': 0.0001161540951764325, 'epoch': 0.42}
{'loss': 1.7438, 'grad_norm': 0.19972972571849823, 'learning_rate': 0.00011608934930398188, 'epoch': 0.42}
{'loss': 1.726, 'grad_norm': 0.21188059449195862, 'learning_rate': 0.00011602460343153125, 'epoch': 0.42}
{'loss': 2.0565, 'grad_norm': 0.20138190686702728, 'learning_rate': 0.00011595985755908061, 'epoch': 0.42}
{'loss': 1.959, 'grad_norm': 0.21460382640361786, 'learning_rate': 0.00011589511168662998, 'epoch': 0.42}
{'loss': 1.9648, 'grad_norm': 0.2119719535112381, 'learning_rate': 0.00011583036581417934, 'epoch': 0.42}
{'loss': 1.8057, 'grad_norm': 0.19835264980793, 'learning_rate': 0.00011576561994172872, 'epoch': 0.42}
{'loss': 1.8218, 'grad_norm': 0.1965506672859192, 'learning_rate': 0.0001157008740692781, 'epoch': 0.42}
{'loss': 1.89, 'grad_norm': 0.21677973866462708, 'learning_rate': 0.00011563612819682745, 'epoch': 0.42}
{'loss': 1.896, 'grad_norm': 0.21911485493183136, 'learning_rate': 0.00011557138232437684, 'epoch': 0.42} 42%|████▏     | 1310/3094 [1:05:20<1:27:36,  2.95s/it] 42%|████▏     | 1311/3094 [1:05:23<1:28:47,  2.99s/it]                                                        42%|████▏     | 1311/3094 [1:05:23<1:28:47,  2.99s/it] 42%|████▏     | 1312/3094 [1:05:26<1:25:40,  2.88s/it]                                                        42%|████▏     | 1312/3094 [1:05:26<1:25:40,  2.88s/it] 42%|████▏     | 1313/3094 [1:05:29<1:23:58,  2.83s/it]                                                        42%|████▏     | 1313/3094 [1:05:29<1:23:58,  2.83s/it] 42%|████▏     | 1314/3094 [1:05:32<1:24:54,  2.86s/it]                                                        42%|████▏     | 1314/3094 [1:05:32<1:24:54,  2.86s/it] 43%|████▎     | 1315/3094 [1:05:34<1:21:58,  2.76s/it]                                                        43%|████▎     | 1315/3094 [1:05:34<1:21:58,  2.76s/it] 43%|████▎     | 1316/3094 [1:05:37<1:23:50,  2.83s/it]                                                        43%|████▎     | 1316/3094 [1:05:37<1:23:50,  2.83s/it] 43%|████▎     | 1317/3094 [1:05:40<1:24:46,  2.86s/it]                                                        43%|████▎     | 1317/3094 [1:05:40<1:24:46,  2.86s/it] 43%|████▎     | 1318/3094 [1:05:44<1:29:57,  3.04s/it]                                                        43%|████▎     | 1318/3094 [1:05:44<1:29:57,  3.04s/it] 43%|████▎     | 1319/3094 [1:05:47<1:32:36,  3.13s/it]                                                        43%|████▎     | 1319/3094 [1:05:47<1:32:36,  3.13s/it] 43%|████▎     | 1320/3094 [1:05:50<1:29:25,  3.02s/it]                                                        43%|████▎     | 1320/3094 [1:05:50<1:29:25,  3.02s/it] 43%|████▎     | 1321/3094 [1:05:52<1:24:33,  2.86s/it]                                                        43%|████▎     | 1321/3094 [1:05:52<1:24:33,  2.86s/it] 43%|████▎     | 1322/3094 [1:05:55<1:21:41,  2.77s/it]                                                        43%|████▎     | 1322/3094 [1:05:55<1:21:41,  2.77s/it] 43%|████▎     | 1323/3094 [1:05:58<1:29:45,  3.04s/it]                                                        43%|████▎     | 1323/3094 [1:05:58<1:29:45,  3.04s/it] 43%|████▎     | 1324/3094 [1:06:01<1:28:18,  2.99s/it]                                                        43%|████▎     | 1324/3094 [1:06:01<1:28:18,  2.99s/it] 43%|████▎     | 1325/3094 [1:06:04<1:28:18,  3.00s/it]                                                        43%|████▎     | 1325/3094 [1:06:04<1:28:18,  3.00s/it] 43%|████▎     | 1326/3094 [1:06:07<1:25:28,  2.90s/it]                                                        43%|████▎     | 1326/3094 [1:06:07<1:25:28,  2.90s/it] 43%|████▎     | 1327/3094 [1:06:10<1:24:55,  2.88s/it]                                                        43%|████▎     | 1327/3094 [1:06:10<1:24:55,  2.88s/it] 43%|████▎     | 1328/3094 [1:06:13<1:25:35,  2.91s/it]                                                        43%|████▎     | 1328/3094 [1:06:13<1:25:35,  2.91s/it] 43%|████▎     | 1329/3094 [1:06:16<1:25:26,  2.90s/it]                                                        43%|████▎     | 1329/3094 [1:06:16<1:25:26,  2.90s/it] 43%|████▎     | 1330/3094 [1:06:19<1:25:53,  2.92s/it]                                                        43%|████▎     | 1330/3094 [1:06:19<1:25:53,  2.92s/it] 43%|████▎     | 1331/3094 [1:06:21<1:20:38,  2.74s/it]                                                        43%|████▎     | 1331/3094 [1:06:21<1:20:38,  2.74s/it] 43%|████▎     | 1332/3094 [1:06:24<1:22:53,  2.82s/it]                                                        43%|████▎     | 1332/3094 [1:06:24<1:22:53,  2.82s/it] 43%|████▎     | 1333/3094 [1:06:27<1:25:40,  2.92s/it]                                                        43%|████▎     | 1333/3094 [1:06:27<1:25:40,  2.92s/it] 43%|████▎     | 1334/3094 [1:06:30<1:23:55,  2.86s/it]                                                        43%|████▎     | 1334/3094 [1:06:30<1:23:55,  2.86s/it] 43%|████▎     | 1335/3094 [1:06:34<1:30:20,  3.08s/it]                                                        43%|████▎     | 1335/3094 [1:06:34<1:30:20,  3.08s/it] 43%|████▎     | 1336/3094 [1:06:36<1:27:59,  3.00s/it]                                                        43%|████▎     | 1336/3094 [1:06:36<1:27:59,  3.00s/it] 43%|████▎     | 1337/3094 [1:06:39<1:25:50,  2.93s/it]                                                        43%|████▎     | 1337/3094 [1:06:39<1:25:50,  2.93s/it] 43%|████▎     | 1338/3094 [1:06:42<1:21:23,  2.78s/it]                                                        43%|████▎     | 1338/3094 [1:06:42<1:21:23,  2.78s/it] 43%|████▎     | 1339/3094 [1:06:45<1:27:20,  2.99s/it]                                                        43%|████▎     | 1339/3094 [1:06:45<1:27:20,  2.99s/it] 43%|████▎     | 1340/3094 [1:06:48<1:23:13,  2.85s/it]                                                        43%|████▎     | 1340/3094 [1:06:48<1:23:13,  2.85s/it] 43%|████▎     | 1341/3094 [1:06:51<1:27:46,  3.00s/it]                                                        43%|████▎     | 1341/3094 [1:06:51<1:27:46,  3.00s/it] 43%|████▎     | 1342/3094 [1:06:54<1:30:30,  3.10s/it]                                                        43%|████▎     | 1342/3094 [1:06:54<1:30:30,  3.10s/it] 43%|████▎     | 1343/3094 [1:06:57<1:30:07,  3.09s/it]                                                        43%|████▎     | 1343/3094 [1:06:57<1:30:07,  3.09s/it] 43%|████▎     | 1344/3094 [1:07:00<1:29:36,  3.07s/it]                                                        43%|████▎     | 1344/3094 [1:07:00<1:29:36,  3.07s/it] 43%|████▎     | 1345/3094 [1:07:04<1:31:01,  3.12s/it]                                                        43%|████▎     | 1345/3094 [1:07:04<1:31:01,  3.12s/it] 44%|████▎     | 1346/3094 [1:07:06<1:29:00,  3.06s/it]                                                        44%|████▎     | 1346/3094 [1:07:06<1:29:00,  3.06s/it] 44%|████▎     | 1347/3094 [1:07:09<1:25:37,  2.94s/it]                                                        44%|████▎     | 1347/3094 [1:07:09<1:25:37,  2.94s/it] 44%|████▎     | 1348/3094 [1:07:12<1:26:47,  2.98s/it]                                                        44%|████▎     | 1348/3094 [1:07:12<1:26:47,  2.98s/it] 44%|████▎     | 1349/3094 [1:07:15<1:24:49,  2.92s/it]                                                        44%|████▎     | 1349/3094 [1:07:15<1:24:49,  2.92s/it] 44%|████▎     | 1350/3094 [1:07:18<1:22:02,  2.82s/it]                                                        44%|████▎     | 1350/3094 [1:07:18<1:22:02,  2.82s/it] 44%|████▎     | 1351/3094 [1:07:21<1:26:43,  2.99s/it]                                                        44%|████▎     | 1351/3094 [1:07:21<1:26:43,  2.99s/it] 44%|████▎     | 1352/3094 [1:07:24<1:29:13,  3.07s/it]                                                        44%|████▎     | 1352/3094 [1:07:24<1:29:13,  3.07s/it] 44%|████▎     | 1353/3094 [1:07:27<1:23:39,  2.88s/it]                                                        44%|████▎     | 1353/3094 [1:07:27<1:23:39,  2.88s/it] 44%|████▍     | 1354/3094 [1:07:30<1:27:19,  3.01s/it]                                                        44%|████▍     | 1354/3094 [1:07:30<1:27:19,  3.01s/it] 44%|████▍     | 1355/3094 [1:07:33<1:27:22,  3.01s/it]                                                        44%|████▍     | 1355/3094 [1:07:33<1:27:22,  3.01s/it] 44%|████▍     | 1356/3094 [1:07:36<1:24:08,  2.90s/it]                                                        44%|████▍     | 1356/3094 [1:07:36<1:24:08,  2.90s/it] 44%|████▍     | 1357/3094 [1:07:38<1:23:37,  2.89s/it]                                                        44%|████▍     | 1357/3094 [1:07:38<1:23:37,  2.89s/it] 44%|████▍     | 1358/3094 [1:07:41<1:23:55,  2.90s/it]                                                        44%|████▍     | 1358/3094 [1:07:41<1:23:55,  2.90s/it] 44%|████▍     | 1359/3094 [1:07:45<1:26:15,  2.98s/it]                                                        44%|████▍     | 1359/3094 [1:07:45<1:26:15,  2.98s/it] 44%|████▍     | 1360/3094 [1:07:48<1:26:46,  3.00s/it]                                                        44%|████▍     | 1360/3094 [1:07:48<1:26:46,  3.00s/it] 44%|████▍     | 1361/3094 [1:07:50<1:23:39,  2.90s/it]                                                        44%|████▍     | 1361/3094 [1:07:50<1:23:39,  2.90s/it] 44%|████▍     | 1362/3094 [1:07:53<1:23:31,  2.89s/it]                                                        44%|████▍     | 1362/3094 [1:07:53<1:23:31,  2.89s/it] 44%|████▍     | 1363/3094 [1:07:56<1:22:56,  2.88s/it]                                                        44%|████▍     | 1363/3094 [1:07:56<1:22:56,  2.88s/it] 44%|████▍     | 1364/3094 [1:07:59<1:24:00,  2.91s/it]                                                        44%|████▍     | 1364/3094 [1:07:59<1:24:00,  2.91s/it] 44%|████▍     | 1365/3094 [1:08:02<1:22:16,  2.86s/it]                                                        44%|████▍     | 1365/3094 [1:08:02<1:22:16,  2.86s/it] 44%|████▍     | 1366/3094 [1:08:05<1:21:36,  2.83s/it]                                                        44%|████▍     | 1366/3094 [1:08:05<1:21:36,  2.83s/it] 44%|████▍     | 1367/3094 [1:08:07<1:21:16,  2.82s/it]                                                        44%|████▍     | 1367/3094 [1:08:07<1:21:16,  2.82s/it] 44%|████▍     | 1368/3094 [1:08:10<1:20:19,  2.79s/it]                                                        44%|████▍     | 1368/3094 [1:08:10<1:20:19,  2.79s/it] 44%|████▍     | 1369/3094 [1:08:14<1:29:58,  3.13s/it]                                                        44%|████▍     | 1369/3094 [1:08:14<1:29:58,  3.13s/it] 44%|████▍     | 1370/3094 [1:08:17<1:26:40,  3.02s/it]                                                        44%|████▍     | 1370/3094 [1:08:17<1:26:40,  3.02s/it] 44%|████▍     | 1371/3094 [1:08:20<1:25:27,  2.98s/it]                                                        44%|████▍     | 1371/3094 [1:08:20<1:25:27,  2.98s/it] 44%|████▍     | 1372/3094 [1:08:23<1:25:33,  2.98s/it]                                                        44%|████▍     | 1372/3094 [1:08:23<1:25:33,  2.98s/it] 44%|████▍     | 1373/3094 [1:08:25<1:24:28,  2.94s/it]                                                        44%|████▍     | 1373/3094 [1:08:25<1:24:28,  2.94s/it] 44%|████▍     | 1374/3094 [1:08:28<1:24:08,  2.94s/it]                                                        44%|████▍     | 1374/3094 [1:08:28<1:24:08,  2.94s/it] 44%|████▍     | 1375/3094 [1:08:31<1:22:28,  2.88s/it]                                                        44%|████▍     | 1375/3094 [1:08:31<1:22:28,  2.88s/it] 44%|████▍     | 1376/3094 [1:08:34<1:21:16,  2.84s/it]                                                        44%|████▍     | 1376/3094 [1:08:34<1:21:16,  2.84s/it] 45%|████▍     | 1377/3094 [1:08:36<1:19:25,  2.78s/it]                                                        45%|████▍     | 1377/3094 [1:08:36<1:19:25,  2.78s/it] 45%|████▍     | 1378/3094 [1:08:40<1:21:51,  2.86s/it]                                                        45%|████▍     | 1378/3094 [1:08:40<1:21:51,  2.86s/it] 45%|████▍     | 1379/3094 [1:08:43<1:24:15,  2.95s/it]                                                        45%|████▍     | 1379/3094 [1:08:43<1:24:15,  2.95s/it] 45%|████▍     | 1380/3094 [1:08:45<1:20:50,  2.83s/it]                                                        45%|████▍     | 1380/3094 [1:08:45<1:20:50,  2.83s/it] 45%|████▍     | 1381/3094 [1:08:49<1:26:53,  3.04s/it]                                                        45%|████▍     | 1381/3094 [1:08:49<1:26:53,  3.04s/it] 45%|████▍     | 1382/3094 [1:08:52<1:30:20,  3.17s/it]                                                        45%|████▍     | 1382/3094 [1:08:52<1:30:20,  3.17s/it] 45%|████▍     | 1383/3094 [1:08:55<1:26:48,  3.04s/it]                                                        45%|████▍     | 1383/3094 [1:08:55<1:26:48,  3.04s/it] 45%|████▍     | 1384/3094 [1:08:58<1:25:32,  3.00s/it]                                                        45%|████▍     | 1384/3094 [1:08:58<1:25:32,  3.00s/it] 45%|████▍     | 1385/3094 [1:09:01<1:26:51,  3.05s/it]                                                        45%|████▍     | 1385/3094 [1:09:01<1:26:51,  3.05s/it] 45%|████▍     | 1386/3094 [1:09:05<1:31:11,  3.20s/it]                                                        45%|████▍     | 1386/3094 [1:09:05<1:31:11,  3.20s/it] 45%|████▍     | 1387/3094 [1:09:08<1:31:26,  3.21s/it]                                                       
{'loss': 2.181, 'grad_norm': 0.20744864642620087, 'learning_rate': 0.00011550663645192618, 'epoch': 0.42}
{'loss': 1.9413, 'grad_norm': 0.24539510905742645, 'learning_rate': 0.00011544189057947557, 'epoch': 0.42}
{'loss': 1.9652, 'grad_norm': 0.2604888379573822, 'learning_rate': 0.00011537714470702494, 'epoch': 0.42}
{'loss': 1.888, 'grad_norm': 0.20918752253055573, 'learning_rate': 0.0001153123988345743, 'epoch': 0.42}
{'loss': 1.9559, 'grad_norm': 0.2319302260875702, 'learning_rate': 0.00011524765296212368, 'epoch': 0.43}
{'loss': 1.9078, 'grad_norm': 0.21123351156711578, 'learning_rate': 0.00011518290708967304, 'epoch': 0.43}
{'loss': 2.0197, 'grad_norm': 0.2059505730867386, 'learning_rate': 0.00011511816121722241, 'epoch': 0.43}
{'loss': 2.0852, 'grad_norm': 0.19376498460769653, 'learning_rate': 0.00011505341534477178, 'epoch': 0.43}
{'loss': 1.7397, 'grad_norm': 0.18950195610523224, 'learning_rate': 0.00011498866947232114, 'epoch': 0.43}
{'loss': 2.0175, 'grad_norm': 0.23259559273719788, 'learning_rate': 0.00011492392359987052, 'epoch': 0.43}
{'loss': 1.9851, 'grad_norm': 0.24810074269771576, 'learning_rate': 0.00011485917772741988, 'epoch': 0.43}
{'loss': 2.0552, 'grad_norm': 0.21990667283535004, 'learning_rate': 0.00011479443185496925, 'epoch': 0.43}
{'loss': 1.7898, 'grad_norm': 0.18243972957134247, 'learning_rate': 0.00011472968598251862, 'epoch': 0.43}
{'loss': 1.8236, 'grad_norm': 0.20997028052806854, 'learning_rate': 0.00011466494011006798, 'epoch': 0.43}
{'loss': 1.9217, 'grad_norm': 0.21900394558906555, 'learning_rate': 0.00011460019423761736, 'epoch': 0.43}
{'loss': 2.1345, 'grad_norm': 0.23317216336727142, 'learning_rate': 0.00011453544836516672, 'epoch': 0.43}
{'loss': 2.0179, 'grad_norm': 0.21724677085876465, 'learning_rate': 0.00011447070249271609, 'epoch': 0.43}
{'loss': 2.1285, 'grad_norm': 0.22342821955680847, 'learning_rate': 0.00011440595662026545, 'epoch': 0.43}
{'loss': 2.0752, 'grad_norm': 0.21123884618282318, 'learning_rate': 0.00011434121074781482, 'epoch': 0.43}
{'loss': 1.755, 'grad_norm': 0.22192500531673431, 'learning_rate': 0.00011427646487536421, 'epoch': 0.43}
{'loss': 2.1429, 'grad_norm': 0.25475168228149414, 'learning_rate': 0.00011421171900291356, 'epoch': 0.43}
{'loss': 1.968, 'grad_norm': 0.19657717645168304, 'learning_rate': 0.00011414697313046294, 'epoch': 0.43}
{'loss': 2.0222, 'grad_norm': 0.2040526419878006, 'learning_rate': 0.00011408222725801229, 'epoch': 0.43}
{'loss': 2.0922, 'grad_norm': 0.23307253420352936, 'learning_rate': 0.00011401748138556168, 'epoch': 0.43}
{'loss': 1.9493, 'grad_norm': 0.21632544696331024, 'learning_rate': 0.00011395273551311105, 'epoch': 0.43}
{'loss': 2.1264, 'grad_norm': 0.22901245951652527, 'learning_rate': 0.00011388798964066041, 'epoch': 0.43}
{'loss': 2.1229, 'grad_norm': 0.22873125970363617, 'learning_rate': 0.00011382324376820978, 'epoch': 0.43}
{'loss': 2.0489, 'grad_norm': 0.22958382964134216, 'learning_rate': 0.00011375849789575914, 'epoch': 0.43}
{'loss': 1.9457, 'grad_norm': 0.18343493342399597, 'learning_rate': 0.00011369375202330852, 'epoch': 0.43}
{'loss': 2.2705, 'grad_norm': 0.23194758594036102, 'learning_rate': 0.00011362900615085789, 'epoch': 0.43}
{'loss': 1.9558, 'grad_norm': 0.216498464345932, 'learning_rate': 0.00011356426027840725, 'epoch': 0.43}
{'loss': 1.9641, 'grad_norm': 0.21628175675868988, 'learning_rate': 0.00011349951440595662, 'epoch': 0.43}
{'loss': 2.0451, 'grad_norm': 0.20765548944473267, 'learning_rate': 0.00011343476853350598, 'epoch': 0.43}
{'loss': 1.7978, 'grad_norm': 0.21384060382843018, 'learning_rate': 0.00011337002266105536, 'epoch': 0.43}
{'loss': 1.9164, 'grad_norm': 0.20728576183319092, 'learning_rate': 0.00011330527678860475, 'epoch': 0.43}
{'loss': 1.9276, 'grad_norm': 0.2038341611623764, 'learning_rate': 0.00011324053091615409, 'epoch': 0.44}
{'loss': 1.8942, 'grad_norm': 0.22333166003227234, 'learning_rate': 0.00011317578504370348, 'epoch': 0.44}
{'loss': 1.9154, 'grad_norm': 0.1969130039215088, 'learning_rate': 0.00011311103917125282, 'epoch': 0.44}
{'loss': 1.8412, 'grad_norm': 0.2215244024991989, 'learning_rate': 0.00011304629329880221, 'epoch': 0.44}
{'loss': 2.0173, 'grad_norm': 0.2344980686903, 'learning_rate': 0.00011298154742635159, 'epoch': 0.44}
{'loss': 1.8986, 'grad_norm': 0.2002052664756775, 'learning_rate': 0.00011291680155390095, 'epoch': 0.44}
{'loss': 2.0408, 'grad_norm': 0.21968010067939758, 'learning_rate': 0.00011285205568145032, 'epoch': 0.44}
{'loss': 2.1108, 'grad_norm': 0.23826147615909576, 'learning_rate': 0.00011278730980899968, 'epoch': 0.44}
{'loss': 2.0405, 'grad_norm': 0.20726367831230164, 'learning_rate': 0.00011272256393654905, 'epoch': 0.44}
{'loss': 1.8324, 'grad_norm': 0.21131384372711182, 'learning_rate': 0.00011265781806409841, 'epoch': 0.44}
{'loss': 1.8788, 'grad_norm': 0.22722600400447845, 'learning_rate': 0.00011259307219164779, 'epoch': 0.44}
{'loss': 1.8364, 'grad_norm': 0.2914838194847107, 'learning_rate': 0.00011252832631919716, 'epoch': 0.44}
{'loss': 2.135, 'grad_norm': 0.2130204737186432, 'learning_rate': 0.00011246358044674652, 'epoch': 0.44}
{'loss': 1.9268, 'grad_norm': 0.1945677548646927, 'learning_rate': 0.00011239883457429589, 'epoch': 0.44}
{'loss': 1.9711, 'grad_norm': 0.20932738482952118, 'learning_rate': 0.00011233408870184525, 'epoch': 0.44}
{'loss': 1.9849, 'grad_norm': 0.2248883992433548, 'learning_rate': 0.00011226934282939463, 'epoch': 0.44}
{'loss': 2.1231, 'grad_norm': 0.21257594227790833, 'learning_rate': 0.00011220459695694401, 'epoch': 0.44}
{'loss': 2.1511, 'grad_norm': 0.23091278970241547, 'learning_rate': 0.00011213985108449336, 'epoch': 0.44}
{'loss': 1.7088, 'grad_norm': 0.20684899389743805, 'learning_rate': 0.00011207510521204275, 'epoch': 0.44}
{'loss': 1.8304, 'grad_norm': 0.2155420184135437, 'learning_rate': 0.00011201035933959209, 'epoch': 0.44}
{'loss': 1.9587, 'grad_norm': 0.222500279545784, 'learning_rate': 0.00011194561346714148, 'epoch': 0.44}
{'loss': 1.9963, 'grad_norm': 0.22063685953617096, 'learning_rate': 0.00011188086759469085, 'epoch': 0.44}
{'loss': 1.9949, 'grad_norm': 0.23734065890312195, 'learning_rate': 0.00011181612172224021, 'epoch': 0.44}
{'loss': 1.992, 'grad_norm': 0.18316581845283508, 'learning_rate': 0.00011175137584978959, 'epoch': 0.44}
{'loss': 2.0739, 'grad_norm': 0.22084860503673553, 'learning_rate': 0.00011168662997733895, 'epoch': 0.44}
{'loss': 1.8494, 'grad_norm': 0.21849766373634338, 'learning_rate': 0.00011162188410488832, 'epoch': 0.44}
{'loss': 1.7269, 'grad_norm': 0.1988622099161148, 'learning_rate': 0.00011155713823243769, 'epoch': 0.44}
{'loss': 1.9743, 'grad_norm': 0.21397359669208527, 'learning_rate': 0.00011149239235998705, 'epoch': 0.44}
{'loss': 2.002, 'grad_norm': 0.20713326334953308, 'learning_rate': 0.00011142764648753643, 'epoch': 0.44}
{'loss': 2.1165, 'grad_norm': 0.22760748863220215, 'learning_rate': 0.00011136290061508579, 'epoch': 0.44}
{'loss': 1.9256, 'grad_norm': 0.21459302306175232, 'learning_rate': 0.00011129815474263516, 'epoch': 0.44}
{'loss': 2.3653, 'grad_norm': 0.24573425948619843, 'learning_rate': 0.00011123340887018455, 'epoch': 0.45}
{'loss': 1.7321, 'grad_norm': 0.21592575311660767, 'learning_rate': 0.00011116866299773389, 'epoch': 0.45}
{'loss': 2.0631, 'grad_norm': 0.1987733393907547, 'learning_rate': 0.00011110391712528328, 'epoch': 0.45}
{'loss': 2.1142, 'grad_norm': 0.23263899981975555, 'learning_rate': 0.00011103917125283263, 'epoch': 0.45}
{'loss': 1.7913, 'grad_norm': 0.18235008418560028, 'learning_rate': 0.00011097442538038201, 'epoch': 0.45}
{'loss': 2.0328, 'grad_norm': 0.20577184855937958, 'learning_rate': 0.00011090967950793139, 'epoch': 0.45}
{'loss': 2.0224, 'grad_norm': 0.22351406514644623, 'learning_rate': 0.00011084493363548075, 'epoch': 0.45}
{'loss': 1.9808, 'grad_norm': 0.2120388001203537, 'learning_rate': 0.00011078018776303012, 'epoch': 0.45}
{'loss': 1.837, 'grad_norm': 0.18735983967781067, 'learning_rate': 0.00011071544189057948, 'epoch': 0.45}
{'loss': 1.9773, 'grad_norm': 0.18722623586654663, 'learning_rate': 0.00011065069601812885, 'epoch': 0.45}
{'loss': 1.9567, 'grad_norm': 0.2308637499809265, 'learning_rate': 0.00011058595014567821, 'epoch': 0.45} 45%|████▍     | 1387/3094 [1:09:08<1:31:26,  3.21s/it] 45%|████▍     | 1388/3094 [1:09:11<1:31:16,  3.21s/it]                                                        45%|████▍     | 1388/3094 [1:09:11<1:31:16,  3.21s/it] 45%|████▍     | 1389/3094 [1:09:14<1:31:05,  3.21s/it]                                                        45%|████▍     | 1389/3094 [1:09:14<1:31:05,  3.21s/it] 45%|████▍     | 1390/3094 [1:09:17<1:30:45,  3.20s/it]                                                        45%|████▍     | 1390/3094 [1:09:17<1:30:45,  3.20s/it] 45%|████▍     | 1391/3094 [1:09:20<1:23:46,  2.95s/it]                                                        45%|████▍     | 1391/3094 [1:09:20<1:23:46,  2.95s/it] 45%|████▍     | 1392/3094 [1:09:22<1:20:33,  2.84s/it]                                                        45%|████▍     | 1392/3094 [1:09:22<1:20:33,  2.84s/it] 45%|████▌     | 1393/3094 [1:09:25<1:21:53,  2.89s/it]                                                        45%|████▌     | 1393/3094 [1:09:25<1:21:53,  2.89s/it] 45%|████▌     | 1394/3094 [1:09:28<1:20:46,  2.85s/it]                                                        45%|████▌     | 1394/3094 [1:09:28<1:20:46,  2.85s/it] 45%|████▌     | 1395/3094 [1:09:30<1:15:25,  2.66s/it]                                                        45%|████▌     | 1395/3094 [1:09:30<1:15:25,  2.66s/it] 45%|████▌     | 1396/3094 [1:09:33<1:16:26,  2.70s/it]                                                        45%|████▌     | 1396/3094 [1:09:33<1:16:26,  2.70s/it] 45%|████▌     | 1397/3094 [1:09:36<1:13:56,  2.61s/it]                                                        45%|████▌     | 1397/3094 [1:09:36<1:13:56,  2.61s/it] 45%|████▌     | 1398/3094 [1:09:38<1:15:20,  2.67s/it]                                                        45%|████▌     | 1398/3094 [1:09:38<1:15:20,  2.67s/it] 45%|████▌     | 1399/3094 [1:09:41<1:17:34,  2.75s/it]                                                        45%|████▌     | 1399/3094 [1:09:41<1:17:34,  2.75s/it] 45%|████▌     | 1400/3094 [1:09:44<1:19:57,  2.83s/it]                                                        45%|████▌     | 1400/3094 [1:09:44<1:19:57,  2.83s/it] 45%|████▌     | 1401/3094 [1:09:47<1:19:49,  2.83s/it]                                                        45%|████▌     | 1401/3094 [1:09:47<1:19:49,  2.83s/it] 45%|████▌     | 1402/3094 [1:09:50<1:23:00,  2.94s/it]                                                        45%|████▌     | 1402/3094 [1:09:50<1:23:00,  2.94s/it] 45%|████▌     | 1403/3094 [1:09:53<1:20:04,  2.84s/it]                                                        45%|████▌     | 1403/3094 [1:09:53<1:20:04,  2.84s/it] 45%|████▌     | 1404/3094 [1:09:56<1:20:07,  2.84s/it]                                                        45%|████▌     | 1404/3094 [1:09:56<1:20:07,  2.84s/it] 45%|████▌     | 1405/3094 [1:09:59<1:19:38,  2.83s/it]                                                        45%|████▌     | 1405/3094 [1:09:59<1:19:38,  2.83s/it] 45%|████▌     | 1406/3094 [1:10:01<1:12:59,  2.59s/it]                                                        45%|████▌     | 1406/3094 [1:10:01<1:12:59,  2.59s/it] 45%|████▌     | 1407/3094 [1:10:03<1:14:11,  2.64s/it]                                                        45%|████▌     | 1407/3094 [1:10:03<1:14:11,  2.64s/it] 46%|████▌     | 1408/3094 [1:10:06<1:13:29,  2.62s/it]                                                        46%|████▌     | 1408/3094 [1:10:06<1:13:29,  2.62s/it] 46%|████▌     | 1409/3094 [1:10:09<1:15:49,  2.70s/it]                                                        46%|████▌     | 1409/3094 [1:10:09<1:15:49,  2.70s/it] 46%|████▌     | 1410/3094 [1:10:12<1:20:26,  2.87s/it]                                                        46%|████▌     | 1410/3094 [1:10:12<1:20:26,  2.87s/it] 46%|████▌     | 1411/3094 [1:10:16<1:29:24,  3.19s/it]                                                        46%|████▌     | 1411/3094 [1:10:16<1:29:24,  3.19s/it] 46%|████▌     | 1412/3094 [1:10:19<1:26:14,  3.08s/it]                                                        46%|████▌     | 1412/3094 [1:10:19<1:26:14,  3.08s/it] 46%|████▌     | 1413/3094 [1:10:22<1:24:56,  3.03s/it]                                                        46%|████▌     | 1413/3094 [1:10:22<1:24:56,  3.03s/it] 46%|████▌     | 1414/3094 [1:10:25<1:26:19,  3.08s/it]                                                        46%|████▌     | 1414/3094 [1:10:25<1:26:19,  3.08s/it] 46%|████▌     | 1415/3094 [1:10:28<1:27:28,  3.13s/it]                                                        46%|████▌     | 1415/3094 [1:10:28<1:27:28,  3.13s/it] 46%|████▌     | 1416/3094 [1:10:31<1:24:08,  3.01s/it]                                                        46%|████▌     | 1416/3094 [1:10:31<1:24:08,  3.01s/it] 46%|████▌     | 1417/3094 [1:10:34<1:25:10,  3.05s/it]                                                        46%|████▌     | 1417/3094 [1:10:34<1:25:10,  3.05s/it] 46%|████▌     | 1418/3094 [1:10:37<1:24:01,  3.01s/it]                                                        46%|████▌     | 1418/3094 [1:10:37<1:24:01,  3.01s/it] 46%|████▌     | 1419/3094 [1:10:40<1:27:01,  3.12s/it]                                                        46%|████▌     | 1419/3094 [1:10:40<1:27:01,  3.12s/it] 46%|████▌     | 1420/3094 [1:10:43<1:24:08,  3.02s/it]                                                        46%|████▌     | 1420/3094 [1:10:43<1:24:08,  3.02s/it] 46%|████▌     | 1421/3094 [1:10:46<1:22:32,  2.96s/it]                                                        46%|████▌     | 1421/3094 [1:10:46<1:22:32,  2.96s/it] 46%|████▌     | 1422/3094 [1:10:49<1:23:57,  3.01s/it]                                                        46%|████▌     | 1422/3094 [1:10:49<1:23:57,  3.01s/it] 46%|████▌     | 1423/3094 [1:10:52<1:25:15,  3.06s/it]                                                        46%|████▌     | 1423/3094 [1:10:52<1:25:15,  3.06s/it] 46%|████▌     | 1424/3094 [1:10:55<1:23:02,  2.98s/it]                                                        46%|████▌     | 1424/3094 [1:10:55<1:23:02,  2.98s/it] 46%|████▌     | 1425/3094 [1:10:58<1:18:55,  2.84s/it]                                                        46%|████▌     | 1425/3094 [1:10:58<1:18:55,  2.84s/it] 46%|████▌     | 1426/3094 [1:11:00<1:16:54,  2.77s/it]                                                        46%|████▌     | 1426/3094 [1:11:00<1:16:54,  2.77s/it] 46%|████▌     | 1427/3094 [1:11:03<1:16:20,  2.75s/it]                                                        46%|████▌     | 1427/3094 [1:11:03<1:16:20,  2.75s/it] 46%|████▌     | 1428/3094 [1:11:07<1:24:38,  3.05s/it]                                                        46%|████▌     | 1428/3094 [1:11:07<1:24:38,  3.05s/it] 46%|████▌     | 1429/3094 [1:11:09<1:21:03,  2.92s/it]                                                        46%|████▌     | 1429/3094 [1:11:09<1:21:03,  2.92s/it] 46%|████▌     | 1430/3094 [1:11:12<1:20:19,  2.90s/it]                                                        46%|████▌     | 1430/3094 [1:11:12<1:20:19,  2.90s/it] 46%|████▋     | 1431/3094 [1:11:15<1:21:03,  2.92s/it]                                                        46%|████▋     | 1431/3094 [1:11:15<1:21:03,  2.92s/it] 46%|████▋     | 1432/3094 [1:11:18<1:24:31,  3.05s/it]                                                        46%|████▋     | 1432/3094 [1:11:18<1:24:31,  3.05s/it] 46%|████▋     | 1433/3094 [1:11:21<1:20:23,  2.90s/it]                                                        46%|████▋     | 1433/3094 [1:11:21<1:20:23,  2.90s/it] 46%|████▋     | 1434/3094 [1:11:24<1:17:11,  2.79s/it]                                                        46%|████▋     | 1434/3094 [1:11:24<1:17:11,  2.79s/it] 46%|████▋     | 1435/3094 [1:11:27<1:19:35,  2.88s/it]                                                        46%|████▋     | 1435/3094 [1:11:27<1:19:35,  2.88s/it] 46%|████▋     | 1436/3094 [1:11:30<1:20:48,  2.92s/it]                                                        46%|████▋     | 1436/3094 [1:11:30<1:20:48,  2.92s/it] 46%|████▋     | 1437/3094 [1:11:33<1:21:08,  2.94s/it]                                                        46%|████▋     | 1437/3094 [1:11:33<1:21:08,  2.94s/it] 46%|████▋     | 1438/3094 [1:11:36<1:22:24,  2.99s/it]                                                        46%|████▋     | 1438/3094 [1:11:36<1:22:24,  2.99s/it] 47%|████▋     | 1439/3094 [1:11:39<1:21:18,  2.95s/it]                                                        47%|████▋     | 1439/3094 [1:11:39<1:21:18,  2.95s/it] 47%|████▋     | 1440/3094 [1:11:42<1:25:39,  3.11s/it]                                                        47%|████▋     | 1440/3094 [1:11:42<1:25:39,  3.11s/it] 47%|████▋     | 1441/3094 [1:11:45<1:23:58,  3.05s/it]                                                        47%|████▋     | 1441/3094 [1:11:45<1:23:58,  3.05s/it] 47%|████▋     | 1442/3094 [1:11:48<1:23:33,  3.03s/it]                                                        47%|████▋     | 1442/3094 [1:11:48<1:23:33,  3.03s/it] 47%|████▋     | 1443/3094 [1:11:50<1:19:05,  2.87s/it]                                                        47%|████▋     | 1443/3094 [1:11:50<1:19:05,  2.87s/it] 47%|████▋     | 1444/3094 [1:11:53<1:18:28,  2.85s/it]                                                        47%|████▋     | 1444/3094 [1:11:53<1:18:28,  2.85s/it] 47%|████▋     | 1445/3094 [1:11:56<1:19:52,  2.91s/it]                                                        47%|████▋     | 1445/3094 [1:11:56<1:19:52,  2.91s/it] 47%|████▋     | 1446/3094 [1:11:59<1:17:36,  2.83s/it]                                                        47%|████▋     | 1446/3094 [1:11:59<1:17:36,  2.83s/it] 47%|████▋     | 1447/3094 [1:12:01<1:12:59,  2.66s/it]                                                        47%|████▋     | 1447/3094 [1:12:01<1:12:59,  2.66s/it] 47%|████▋     | 1448/3094 [1:12:04<1:14:38,  2.72s/it]                                                        47%|████▋     | 1448/3094 [1:12:04<1:14:38,  2.72s/it] 47%|████▋     | 1449/3094 [1:12:08<1:21:40,  2.98s/it]                                                        47%|████▋     | 1449/3094 [1:12:08<1:21:40,  2.98s/it] 47%|████▋     | 1450/3094 [1:12:10<1:17:21,  2.82s/it]                                                        47%|████▋     | 1450/3094 [1:12:10<1:17:21,  2.82s/it] 47%|████▋     | 1451/3094 [1:12:13<1:16:37,  2.80s/it]                                                        47%|████▋     | 1451/3094 [1:12:13<1:16:37,  2.80s/it] 47%|████▋     | 1452/3094 [1:12:15<1:13:08,  2.67s/it]                                                        47%|████▋     | 1452/3094 [1:12:15<1:13:08,  2.67s/it] 47%|████▋     | 1453/3094 [1:12:18<1:11:43,  2.62s/it]                                                        47%|████▋     | 1453/3094 [1:12:18<1:11:43,  2.62s/it] 47%|████▋     | 1454/3094 [1:12:21<1:18:29,  2.87s/it]                                                        47%|████▋     | 1454/3094 [1:12:21<1:18:29,  2.87s/it] 47%|████▋     | 1455/3094 [1:12:24<1:18:46,  2.88s/it]                                                        47%|████▋     | 1455/3094 [1:12:24<1:18:46,  2.88s/it] 47%|████▋     | 1456/3094 [1:12:27<1:19:52,  2.93s/it]                                                        47%|████▋     | 1456/3094 [1:12:27<1:19:52,  2.93s/it] 47%|████▋     | 1457/3094 [1:12:30<1:18:01,  2.86s/it]                                                        47%|████▋     | 1457/3094 [1:12:30<1:18:01,  2.86s/it] 47%|████▋     | 1458/3094 [1:12:33<1:18:12,  2.87s/it]                                                        47%|████▋     | 1458/3094 [1:12:33<1:18:12,  2.87s/it] 47%|████▋     | 1459/3094 [1:12:36<1:18:25,  2.88s/it]                                                        47%|████▋     | 1459/3094 [1:12:36<1:18:25,  2.88s/it] 47%|████▋     | 1460/3094 [1:12:39<1:18:39,  2.89s/it]                                                        47%|████▋     | 1460/3094 [1:12:39<1:18:39,  2.89s/it] 47%|████▋     | 1461/3094 [1:12:41<1:15:51,  2.79s/it]                                                        47%|████▋     | 1461/3094 [1:12:41<1:15:51,  2.79s/it] 47%|████▋     | 1462/3094 [1:12:44<1:15:55,  2.79s/it]                                                        47%|████▋     | 1462/3094 [1:12:44<1:15:55,  2.79s/it] 47%|████▋     | 1463/3094 [1:12:47<1:18:46,  2.90s/it]                                                        47%|████▋     | 1463/3094 [1:12:47<1:18:46,  2.90s/it] 47%|████▋     | 1464/3094 [1:12:50<1:21:01,  2.98s/it]                                                       
{'loss': 2.0508, 'grad_norm': 0.21221180260181427, 'learning_rate': 0.00011052120427322759, 'epoch': 0.45}
{'loss': 1.7411, 'grad_norm': 0.19756457209587097, 'learning_rate': 0.00011045645840077696, 'epoch': 0.45}
{'loss': 1.882, 'grad_norm': 0.19764484465122223, 'learning_rate': 0.00011039171252832632, 'epoch': 0.45}
{'loss': 2.1599, 'grad_norm': 0.25322145223617554, 'learning_rate': 0.00011032696665587569, 'epoch': 0.45}
{'loss': 2.0227, 'grad_norm': 0.24321390688419342, 'learning_rate': 0.00011026222078342505, 'epoch': 0.45}
{'loss': 2.2969, 'grad_norm': 0.24099580943584442, 'learning_rate': 0.00011019747491097443, 'epoch': 0.45}
{'loss': 2.1397, 'grad_norm': 0.20987309515476227, 'learning_rate': 0.00011013272903852381, 'epoch': 0.45}
{'loss': 2.0996, 'grad_norm': 0.23884789645671844, 'learning_rate': 0.00011006798316607316, 'epoch': 0.45}
{'loss': 1.8871, 'grad_norm': 0.22288553416728973, 'learning_rate': 0.00011000323729362255, 'epoch': 0.45}
{'loss': 1.9484, 'grad_norm': 0.24627047777175903, 'learning_rate': 0.00010993849142117189, 'epoch': 0.45}
{'loss': 1.8577, 'grad_norm': 0.22925010323524475, 'learning_rate': 0.00010987374554872128, 'epoch': 0.45}
{'loss': 2.0429, 'grad_norm': 0.22513613104820251, 'learning_rate': 0.00010980899967627065, 'epoch': 0.45}
{'loss': 1.9776, 'grad_norm': 0.21243998408317566, 'learning_rate': 0.00010974425380382001, 'epoch': 0.45}
{'loss': 1.9134, 'grad_norm': 0.21553602814674377, 'learning_rate': 0.00010967950793136939, 'epoch': 0.45}
{'loss': 1.8776, 'grad_norm': 0.21329782903194427, 'learning_rate': 0.00010961476205891875, 'epoch': 0.45}
{'loss': 1.8403, 'grad_norm': 0.22840680181980133, 'learning_rate': 0.00010955001618646812, 'epoch': 0.45}
{'loss': 1.8329, 'grad_norm': 0.2257618010044098, 'learning_rate': 0.0001094852703140175, 'epoch': 0.45}
{'loss': 1.8526, 'grad_norm': 0.19651710987091064, 'learning_rate': 0.00010942052444156685, 'epoch': 0.45}
{'loss': 2.0442, 'grad_norm': 0.26221829652786255, 'learning_rate': 0.00010935577856911623, 'epoch': 0.45}
{'loss': 2.1111, 'grad_norm': 0.2257840633392334, 'learning_rate': 0.00010929103269666559, 'epoch': 0.45}
{'loss': 1.8987, 'grad_norm': 0.2460884302854538, 'learning_rate': 0.00010922628682421496, 'epoch': 0.46}
{'loss': 1.964, 'grad_norm': 0.20737974345684052, 'learning_rate': 0.00010916154095176435, 'epoch': 0.46}
{'loss': 1.8895, 'grad_norm': 0.20346426963806152, 'learning_rate': 0.0001090967950793137, 'epoch': 0.46}
{'loss': 1.787, 'grad_norm': 0.188554584980011, 'learning_rate': 0.00010903204920686308, 'epoch': 0.46}
{'loss': 2.0339, 'grad_norm': 0.21423093974590302, 'learning_rate': 0.00010896730333441243, 'epoch': 0.46}
{'loss': 1.8159, 'grad_norm': 0.2055586278438568, 'learning_rate': 0.00010890255746196181, 'epoch': 0.46}
{'loss': 2.0396, 'grad_norm': 0.20029489696025848, 'learning_rate': 0.00010883781158951119, 'epoch': 0.46}
{'loss': 1.892, 'grad_norm': 0.20135454833507538, 'learning_rate': 0.00010877306571706053, 'epoch': 0.46}
{'loss': 1.9521, 'grad_norm': 0.21711644530296326, 'learning_rate': 0.00010870831984460992, 'epoch': 0.46}
{'loss': 2.0317, 'grad_norm': 0.1981215476989746, 'learning_rate': 0.00010864357397215927, 'epoch': 0.46}
{'loss': 1.8928, 'grad_norm': 0.20702382922172546, 'learning_rate': 0.00010857882809970865, 'epoch': 0.46}
{'loss': 2.1514, 'grad_norm': 0.2137475609779358, 'learning_rate': 0.000108514082227258, 'epoch': 0.46}
{'loss': 2.1404, 'grad_norm': 0.23583634197711945, 'learning_rate': 0.00010844933635480739, 'epoch': 0.46}
{'loss': 2.1026, 'grad_norm': 0.22770316898822784, 'learning_rate': 0.00010838459048235676, 'epoch': 0.46}
{'loss': 1.7938, 'grad_norm': 0.21219922602176666, 'learning_rate': 0.00010831984460990612, 'epoch': 0.46}
{'loss': 1.936, 'grad_norm': 0.2139335572719574, 'learning_rate': 0.0001082550987374555, 'epoch': 0.46}
{'loss': 2.1676, 'grad_norm': 0.22509752213954926, 'learning_rate': 0.00010819035286500485, 'epoch': 0.46}
{'loss': 1.8012, 'grad_norm': 0.2616778314113617, 'learning_rate': 0.00010812560699255423, 'epoch': 0.46}
{'loss': 1.9408, 'grad_norm': 0.22109965980052948, 'learning_rate': 0.0001080608611201036, 'epoch': 0.46}
{'loss': 1.7855, 'grad_norm': 0.2698017656803131, 'learning_rate': 0.00010799611524765296, 'epoch': 0.46}
{'loss': 1.8247, 'grad_norm': 0.19213393330574036, 'learning_rate': 0.00010793136937520233, 'epoch': 0.46}
{'loss': 1.9386, 'grad_norm': 0.2165880799293518, 'learning_rate': 0.0001078666235027517, 'epoch': 0.46}
{'loss': 2.158, 'grad_norm': 0.24147020280361176, 'learning_rate': 0.00010780187763030107, 'epoch': 0.46}
{'loss': 1.8682, 'grad_norm': 0.20840582251548767, 'learning_rate': 0.00010773713175785045, 'epoch': 0.46}
{'loss': 1.931, 'grad_norm': 0.21321521699428558, 'learning_rate': 0.0001076723858853998, 'epoch': 0.46}
{'loss': 1.9971, 'grad_norm': 0.2274048924446106, 'learning_rate': 0.00010760764001294919, 'epoch': 0.46}
{'loss': 1.86, 'grad_norm': 0.2329583466053009, 'learning_rate': 0.00010754289414049853, 'epoch': 0.46}
{'loss': 1.7738, 'grad_norm': 0.21915408968925476, 'learning_rate': 0.00010747814826804792, 'epoch': 0.46}
{'loss': 2.0844, 'grad_norm': 0.20976869761943817, 'learning_rate': 0.0001074134023955973, 'epoch': 0.46}
{'loss': 2.1103, 'grad_norm': 0.2059669941663742, 'learning_rate': 0.00010734865652314665, 'epoch': 0.46}
{'loss': 1.9436, 'grad_norm': 0.20874372124671936, 'learning_rate': 0.00010728391065069603, 'epoch': 0.46}
{'loss': 1.9978, 'grad_norm': 0.235006183385849, 'learning_rate': 0.00010721916477824539, 'epoch': 0.47}
{'loss': 1.8335, 'grad_norm': 0.19843213260173798, 'learning_rate': 0.00010715441890579476, 'epoch': 0.47}
{'loss': 1.9436, 'grad_norm': 0.21026186645030975, 'learning_rate': 0.00010708967303334413, 'epoch': 0.47}
{'loss': 1.9354, 'grad_norm': 0.20013423264026642, 'learning_rate': 0.0001070249271608935, 'epoch': 0.47}
{'loss': 2.0605, 'grad_norm': 0.2731091380119324, 'learning_rate': 0.00010696018128844287, 'epoch': 0.47}
{'loss': 1.9313, 'grad_norm': 0.22508558630943298, 'learning_rate': 0.00010689543541599223, 'epoch': 0.47}
{'loss': 2.0465, 'grad_norm': 0.2125878781080246, 'learning_rate': 0.0001068306895435416, 'epoch': 0.47}
{'loss': 2.0648, 'grad_norm': 0.23101665079593658, 'learning_rate': 0.00010676594367109096, 'epoch': 0.47}
{'loss': 2.0729, 'grad_norm': 0.2596157491207123, 'learning_rate': 0.00010670119779864033, 'epoch': 0.47}
{'loss': 2.0958, 'grad_norm': 0.22675959765911102, 'learning_rate': 0.00010663645192618972, 'epoch': 0.47}
{'loss': 1.7686, 'grad_norm': 0.2074977308511734, 'learning_rate': 0.00010657170605373907, 'epoch': 0.47}
{'loss': 2.1931, 'grad_norm': 0.239903062582016, 'learning_rate': 0.00010650696018128846, 'epoch': 0.47}
{'loss': 2.0218, 'grad_norm': 0.22105596959590912, 'learning_rate': 0.0001064422143088378, 'epoch': 0.47}
{'loss': 2.0245, 'grad_norm': 0.2574770450592041, 'learning_rate': 0.00010637746843638719, 'epoch': 0.47}
{'loss': 2.1861, 'grad_norm': 0.2201814502477646, 'learning_rate': 0.00010631272256393656, 'epoch': 0.47}
{'loss': 1.8868, 'grad_norm': 0.208645761013031, 'learning_rate': 0.00010624797669148592, 'epoch': 0.47}
{'loss': 2.0679, 'grad_norm': 0.2177671194076538, 'learning_rate': 0.0001061832308190353, 'epoch': 0.47}
{'loss': 2.0115, 'grad_norm': 0.24790751934051514, 'learning_rate': 0.00010611848494658466, 'epoch': 0.47}
{'loss': 1.9751, 'grad_norm': 0.2168419063091278, 'learning_rate': 0.00010605373907413403, 'epoch': 0.47}
{'loss': 1.9487, 'grad_norm': 0.22249577939510345, 'learning_rate': 0.0001059889932016834, 'epoch': 0.47}
{'loss': 1.8941, 'grad_norm': 0.21161632239818573, 'learning_rate': 0.00010592424732923276, 'epoch': 0.47}
{'loss': 1.8427, 'grad_norm': 0.20929133892059326, 'learning_rate': 0.00010585950145678214, 'epoch': 0.47}
{'loss': 1.9412, 'grad_norm': 0.24315598607063293, 'learning_rate': 0.0001057947555843315, 'epoch': 0.47}
{'loss': 2.0253, 'grad_norm': 0.23156282305717468, 'learning_rate': 0.00010573000971188087, 'epoch': 0.47}
{'loss': 1.8887, 'grad_norm': 0.2214999496936798, 'learning_rate': 0.00010566526383943026, 'epoch': 0.47}
{'loss': 2.0949, 'grad_norm': 0.21224388480186462, 'learning_rate': 0.0001056005179669796, 'epoch': 0.47} 47%|████▋     | 1464/3094 [1:12:50<1:21:01,  2.98s/it] 47%|████▋     | 1465/3094 [1:12:54<1:24:22,  3.11s/it]                                                        47%|████▋     | 1465/3094 [1:12:54<1:24:22,  3.11s/it] 47%|████▋     | 1466/3094 [1:12:57<1:23:25,  3.07s/it]                                                        47%|████▋     | 1466/3094 [1:12:57<1:23:25,  3.07s/it] 47%|████▋     | 1467/3094 [1:13:00<1:24:15,  3.11s/it]                                                        47%|████▋     | 1467/3094 [1:13:00<1:24:15,  3.11s/it] 47%|████▋     | 1468/3094 [1:13:03<1:25:48,  3.17s/it]                                                        47%|████▋     | 1468/3094 [1:13:03<1:25:48,  3.17s/it] 47%|████▋     | 1469/3094 [1:13:06<1:21:41,  3.02s/it]                                                        47%|████▋     | 1469/3094 [1:13:06<1:21:41,  3.02s/it] 48%|████▊     | 1470/3094 [1:13:08<1:17:56,  2.88s/it]                                                        48%|████▊     | 1470/3094 [1:13:08<1:17:56,  2.88s/it] 48%|████▊     | 1471/3094 [1:13:11<1:13:59,  2.74s/it]                                                        48%|████▊     | 1471/3094 [1:13:11<1:13:59,  2.74s/it] 48%|████▊     | 1472/3094 [1:13:14<1:15:03,  2.78s/it]                                                        48%|████▊     | 1472/3094 [1:13:14<1:15:03,  2.78s/it] 48%|████▊     | 1473/3094 [1:13:17<1:18:57,  2.92s/it]                                                        48%|████▊     | 1473/3094 [1:13:17<1:18:57,  2.92s/it] 48%|████▊     | 1474/3094 [1:13:20<1:18:37,  2.91s/it]                                                        48%|████▊     | 1474/3094 [1:13:20<1:18:37,  2.91s/it] 48%|████▊     | 1475/3094 [1:13:22<1:14:37,  2.77s/it]                                                        48%|████▊     | 1475/3094 [1:13:22<1:14:37,  2.77s/it] 48%|████▊     | 1476/3094 [1:13:25<1:15:01,  2.78s/it]                                                        48%|████▊     | 1476/3094 [1:13:25<1:15:01,  2.78s/it] 48%|████▊     | 1477/3094 [1:13:28<1:15:22,  2.80s/it]                                                        48%|████▊     | 1477/3094 [1:13:28<1:15:22,  2.80s/it] 48%|████▊     | 1478/3094 [1:13:31<1:17:01,  2.86s/it]                                                        48%|████▊     | 1478/3094 [1:13:31<1:17:01,  2.86s/it] 48%|████▊     | 1479/3094 [1:13:34<1:21:30,  3.03s/it]                                                        48%|████▊     | 1479/3094 [1:13:34<1:21:30,  3.03s/it] 48%|████▊     | 1480/3094 [1:13:38<1:23:43,  3.11s/it]                                                        48%|████▊     | 1480/3094 [1:13:38<1:23:43,  3.11s/it] 48%|████▊     | 1481/3094 [1:13:40<1:21:20,  3.03s/it]                                                        48%|████▊     | 1481/3094 [1:13:40<1:21:20,  3.03s/it] 48%|████▊     | 1482/3094 [1:13:43<1:21:40,  3.04s/it]                                                        48%|████▊     | 1482/3094 [1:13:43<1:21:40,  3.04s/it] 48%|████▊     | 1483/3094 [1:13:46<1:19:42,  2.97s/it]                                                        48%|████▊     | 1483/3094 [1:13:46<1:19:42,  2.97s/it] 48%|████▊     | 1484/3094 [1:13:49<1:21:15,  3.03s/it]                                                        48%|████▊     | 1484/3094 [1:13:49<1:21:15,  3.03s/it] 48%|████▊     | 1485/3094 [1:13:52<1:20:22,  3.00s/it]                                                        48%|████▊     | 1485/3094 [1:13:52<1:20:22,  3.00s/it] 48%|████▊     | 1486/3094 [1:13:55<1:18:40,  2.94s/it]                                                        48%|████▊     | 1486/3094 [1:13:55<1:18:40,  2.94s/it] 48%|████▊     | 1487/3094 [1:13:58<1:17:29,  2.89s/it]                                                        48%|████▊     | 1487/3094 [1:13:58<1:17:29,  2.89s/it] 48%|████▊     | 1488/3094 [1:14:01<1:19:15,  2.96s/it]                                                        48%|████▊     | 1488/3094 [1:14:01<1:19:15,  2.96s/it] 48%|████▊     | 1489/3094 [1:14:04<1:21:10,  3.03s/it]                                                        48%|████▊     | 1489/3094 [1:14:04<1:21:10,  3.03s/it] 48%|████▊     | 1490/3094 [1:14:08<1:24:28,  3.16s/it]                                                        48%|████▊     | 1490/3094 [1:14:08<1:24:28,  3.16s/it] 48%|████▊     | 1491/3094 [1:14:11<1:22:22,  3.08s/it]                                                        48%|████▊     | 1491/3094 [1:14:11<1:22:22,  3.08s/it] 48%|████▊     | 1492/3094 [1:14:14<1:20:50,  3.03s/it]                                                        48%|████▊     | 1492/3094 [1:14:14<1:20:50,  3.03s/it] 48%|████▊     | 1493/3094 [1:14:16<1:19:08,  2.97s/it]                                                        48%|████▊     | 1493/3094 [1:14:16<1:19:08,  2.97s/it] 48%|████▊     | 1494/3094 [1:14:19<1:17:48,  2.92s/it]                                                        48%|████▊     | 1494/3094 [1:14:19<1:17:48,  2.92s/it] 48%|████▊     | 1495/3094 [1:14:22<1:16:38,  2.88s/it]                                                        48%|████▊     | 1495/3094 [1:14:22<1:16:38,  2.88s/it] 48%|████▊     | 1496/3094 [1:14:25<1:19:32,  2.99s/it]                                                        48%|████▊     | 1496/3094 [1:14:25<1:19:32,  2.99s/it] 48%|████▊     | 1497/3094 [1:14:28<1:20:51,  3.04s/it]                                                        48%|████▊     | 1497/3094 [1:14:28<1:20:51,  3.04s/it] 48%|████▊     | 1498/3094 [1:14:32<1:23:36,  3.14s/it]                                                        48%|████▊     | 1498/3094 [1:14:32<1:23:36,  3.14s/it] 48%|████▊     | 1499/3094 [1:14:35<1:21:46,  3.08s/it]                                                        48%|████▊     | 1499/3094 [1:14:35<1:21:46,  3.08s/it] 48%|████▊     | 1500/3094 [1:14:37<1:19:31,  2.99s/it]                                                        48%|████▊     | 1500/3094 [1:14:37<1:19:31,  2.99s/it] 49%|████▊     | 1501/3094 [1:14:40<1:17:31,  2.92s/it]                                                        49%|████▊     | 1501/3094 [1:14:40<1:17:31,  2.92s/it] 49%|████▊     | 1502/3094 [1:14:43<1:17:52,  2.93s/it]                                                        49%|████▊     | 1502/3094 [1:14:43<1:17:52,  2.93s/it] 49%|████▊     | 1503/3094 [1:14:46<1:18:56,  2.98s/it]                                                        49%|████▊     | 1503/3094 [1:14:46<1:18:56,  2.98s/it] 49%|████▊     | 1504/3094 [1:14:49<1:16:17,  2.88s/it]                                                        49%|████▊     | 1504/3094 [1:14:49<1:16:17,  2.88s/it] 49%|████▊     | 1505/3094 [1:14:53<1:22:52,  3.13s/it]                                                        49%|████▊     | 1505/3094 [1:14:53<1:22:52,  3.13s/it] 49%|████▊     | 1506/3094 [1:14:55<1:19:37,  3.01s/it]                                                        49%|████▊     | 1506/3094 [1:14:55<1:19:37,  3.01s/it] 49%|████▊     | 1507/3094 [1:14:58<1:19:34,  3.01s/it]                                                        49%|████▊     | 1507/3094 [1:14:58<1:19:34,  3.01s/it] 49%|████▊     | 1508/3094 [1:15:01<1:19:10,  3.00s/it]                                                        49%|████▊     | 1508/3094 [1:15:01<1:19:10,  3.00s/it] 49%|████▉     | 1509/3094 [1:15:04<1:20:29,  3.05s/it]                                                        49%|████▉     | 1509/3094 [1:15:04<1:20:29,  3.05s/it] 49%|████▉     | 1510/3094 [1:15:07<1:17:29,  2.94s/it]                                                        49%|████▉     | 1510/3094 [1:15:07<1:17:29,  2.94s/it] 49%|████▉     | 1511/3094 [1:15:10<1:14:59,  2.84s/it]                                                        49%|████▉     | 1511/3094 [1:15:10<1:14:59,  2.84s/it] 49%|████▉     | 1512/3094 [1:15:12<1:11:54,  2.73s/it]                                                        49%|████▉     | 1512/3094 [1:15:12<1:11:54,  2.73s/it] 49%|████▉     | 1513/3094 [1:15:15<1:14:51,  2.84s/it]                                                        49%|████▉     | 1513/3094 [1:15:15<1:14:51,  2.84s/it] 49%|████▉     | 1514/3094 [1:15:18<1:15:42,  2.87s/it]                                                        49%|████▉     | 1514/3094 [1:15:18<1:15:42,  2.87s/it] 49%|████▉     | 1515/3094 [1:15:21<1:18:02,  2.97s/it]                                                        49%|████▉     | 1515/3094 [1:15:21<1:18:02,  2.97s/it] 49%|████▉     | 1516/3094 [1:15:25<1:19:11,  3.01s/it]                                                        49%|████▉     | 1516/3094 [1:15:25<1:19:11,  3.01s/it] 49%|████▉     | 1517/3094 [1:15:28<1:20:11,  3.05s/it]                                                        49%|████▉     | 1517/3094 [1:15:28<1:20:11,  3.05s/it] 49%|████▉     | 1518/3094 [1:15:31<1:18:36,  2.99s/it]                                                        49%|████▉     | 1518/3094 [1:15:31<1:18:36,  2.99s/it] 49%|████▉     | 1519/3094 [1:15:34<1:21:35,  3.11s/it]                                                        49%|████▉     | 1519/3094 [1:15:34<1:21:35,  3.11s/it] 49%|████▉     | 1520/3094 [1:15:37<1:20:54,  3.08s/it]                                                        49%|████▉     | 1520/3094 [1:15:37<1:20:54,  3.08s/it] 49%|████▉     | 1521/3094 [1:15:40<1:20:57,  3.09s/it]                                                        49%|████▉     | 1521/3094 [1:15:40<1:20:57,  3.09s/it] 49%|████▉     | 1522/3094 [1:15:43<1:17:44,  2.97s/it]                                                        49%|████▉     | 1522/3094 [1:15:43<1:17:44,  2.97s/it] 49%|████▉     | 1523/3094 [1:15:46<1:17:57,  2.98s/it]                                                        49%|████▉     | 1523/3094 [1:15:46<1:17:57,  2.98s/it] 49%|████▉     | 1524/3094 [1:15:48<1:15:42,  2.89s/it]                                                        49%|████▉     | 1524/3094 [1:15:48<1:15:42,  2.89s/it] 49%|████▉     | 1525/3094 [1:15:51<1:14:13,  2.84s/it]                                                        49%|████▉     | 1525/3094 [1:15:51<1:14:13,  2.84s/it] 49%|████▉     | 1526/3094 [1:15:54<1:16:45,  2.94s/it]                                                        49%|████▉     | 1526/3094 [1:15:54<1:16:45,  2.94s/it] 49%|████▉     | 1527/3094 [1:15:57<1:14:50,  2.87s/it]                                                        49%|████▉     | 1527/3094 [1:15:57<1:14:50,  2.87s/it] 49%|████▉     | 1528/3094 [1:16:00<1:12:52,  2.79s/it]                                                        49%|████▉     | 1528/3094 [1:16:00<1:12:52,  2.79s/it] 49%|████▉     | 1529/3094 [1:16:02<1:11:38,  2.75s/it]                                                        49%|████▉     | 1529/3094 [1:16:02<1:11:38,  2.75s/it] 49%|████▉     | 1530/3094 [1:16:05<1:11:08,  2.73s/it]                                                        49%|████▉     | 1530/3094 [1:16:05<1:11:08,  2.73s/it] 49%|████▉     | 1531/3094 [1:16:08<1:10:29,  2.71s/it]                                                        49%|████▉     | 1531/3094 [1:16:08<1:10:29,  2.71s/it] 50%|████▉     | 1532/3094 [1:16:10<1:07:10,  2.58s/it]                                                        50%|████▉     | 1532/3094 [1:16:10<1:07:10,  2.58s/it] 50%|████▉     | 1533/3094 [1:16:12<1:06:54,  2.57s/it]                                                        50%|████▉     | 1533/3094 [1:16:12<1:06:54,  2.57s/it] 50%|████▉     | 1534/3094 [1:16:16<1:15:14,  2.89s/it]                                                        50%|████▉     | 1534/3094 [1:16:16<1:15:14,  2.89s/it] 50%|████▉     | 1535/3094 [1:16:18<1:10:29,  2.71s/it]                                                        50%|████▉     | 1535/3094 [1:16:18<1:10:29,  2.71s/it] 50%|████▉     | 1536/3094 [1:16:21<1:10:42,  2.72s/it]                                                        50%|████▉     | 1536/3094 [1:16:21<1:10:42,  2.72s/it] 50%|████▉     | 1537/3094 [1:16:24<1:08:02,  2.62s/it]                                                        50%|████▉     | 1537/3094 [1:16:24<1:08:02,  2.62s/it] 50%|████▉     | 1538/3094 [1:16:26<1:06:05,  2.55s/it]                                                        50%|████▉     | 1538/3094 [1:16:26<1:06:05,  2.55s/it] 50%|████▉     | 1539/3094 [1:16:30<1:16:28,  2.95s/it]                                                        50%|████▉     | 1539/3094 [1:16:30<1:16:28,  2.95s/it] 50%|████▉     | 1540/3094 [1:16:33<1:15:46,  2.93s/it]                                                        50%|████▉     | 1540/3094 [1:16:33<1:15:46,  2.93s/it] 50%|████▉     | 1541/3094 [1:16:36<1:15:57,  2.93s/it]                                                       
{'loss': 1.7927, 'grad_norm': 0.18601630628108978, 'learning_rate': 0.00010553577209452899, 'epoch': 0.47}
{'loss': 1.9685, 'grad_norm': 0.21662071347236633, 'learning_rate': 0.00010547102622207834, 'epoch': 0.47}
{'loss': 1.913, 'grad_norm': 0.22711382806301117, 'learning_rate': 0.00010540628034962772, 'epoch': 0.47}
{'loss': 1.8992, 'grad_norm': 0.2141515463590622, 'learning_rate': 0.0001053415344771771, 'epoch': 0.47}
{'loss': 1.9778, 'grad_norm': 0.2213178128004074, 'learning_rate': 0.00010527678860472646, 'epoch': 0.47}
{'loss': 2.1487, 'grad_norm': 0.23899519443511963, 'learning_rate': 0.00010521204273227583, 'epoch': 0.48}
{'loss': 1.9781, 'grad_norm': 0.25180330872535706, 'learning_rate': 0.00010514729685982519, 'epoch': 0.48}
{'loss': 2.0323, 'grad_norm': 0.21884936094284058, 'learning_rate': 0.00010508255098737456, 'epoch': 0.48}
{'loss': 1.8741, 'grad_norm': 0.2041163444519043, 'learning_rate': 0.00010501780511492394, 'epoch': 0.48}
{'loss': 1.7499, 'grad_norm': 0.2043093740940094, 'learning_rate': 0.0001049530592424733, 'epoch': 0.48}
{'loss': 2.1921, 'grad_norm': 0.26789218187332153, 'learning_rate': 0.00010488831337002267, 'epoch': 0.48}
{'loss': 2.0709, 'grad_norm': 0.22630345821380615, 'learning_rate': 0.00010482356749757203, 'epoch': 0.48}
{'loss': 1.9527, 'grad_norm': 0.24922092258930206, 'learning_rate': 0.0001047588216251214, 'epoch': 0.48}
{'loss': 1.9892, 'grad_norm': 0.21563725173473358, 'learning_rate': 0.00010469407575267076, 'epoch': 0.48}
{'loss': 2.0608, 'grad_norm': 0.20394030213356018, 'learning_rate': 0.00010462932988022014, 'epoch': 0.48}
{'loss': 1.9934, 'grad_norm': 0.1936626434326172, 'learning_rate': 0.00010456458400776952, 'epoch': 0.48}
{'loss': 2.083, 'grad_norm': 0.23301419615745544, 'learning_rate': 0.00010449983813531887, 'epoch': 0.48}
{'loss': 1.8652, 'grad_norm': 0.22560684382915497, 'learning_rate': 0.00010443509226286826, 'epoch': 0.48}
{'loss': 2.0534, 'grad_norm': 0.22597509622573853, 'learning_rate': 0.0001043703463904176, 'epoch': 0.48}
{'loss': 1.9259, 'grad_norm': 0.21008026599884033, 'learning_rate': 0.00010430560051796699, 'epoch': 0.48}
{'loss': 1.8865, 'grad_norm': 0.19962845742702484, 'learning_rate': 0.00010424085464551636, 'epoch': 0.48}
{'loss': 2.1138, 'grad_norm': 0.2308129519224167, 'learning_rate': 0.00010417610877306572, 'epoch': 0.48}
{'loss': 2.0747, 'grad_norm': 0.2353590428829193, 'learning_rate': 0.0001041113629006151, 'epoch': 0.48}
{'loss': 2.0383, 'grad_norm': 0.20818379521369934, 'learning_rate': 0.00010404661702816446, 'epoch': 0.48}
{'loss': 1.9308, 'grad_norm': 0.20191776752471924, 'learning_rate': 0.00010398187115571383, 'epoch': 0.48}
{'loss': 2.0019, 'grad_norm': 0.21067826449871063, 'learning_rate': 0.0001039171252832632, 'epoch': 0.48}
{'loss': 2.0475, 'grad_norm': 0.21839578449726105, 'learning_rate': 0.00010385237941081256, 'epoch': 0.48}
{'loss': 1.995, 'grad_norm': 0.2119886875152588, 'learning_rate': 0.00010378763353836194, 'epoch': 0.48}
{'loss': 2.028, 'grad_norm': 0.27308589220046997, 'learning_rate': 0.0001037228876659113, 'epoch': 0.48}
{'loss': 1.9859, 'grad_norm': 0.22879411280155182, 'learning_rate': 0.00010365814179346067, 'epoch': 0.48}
{'loss': 2.0827, 'grad_norm': 0.2193312644958496, 'learning_rate': 0.00010359339592101006, 'epoch': 0.48}
{'loss': 2.0366, 'grad_norm': 0.20118163526058197, 'learning_rate': 0.0001035286500485594, 'epoch': 0.48}
{'loss': 1.7455, 'grad_norm': 0.21914608776569366, 'learning_rate': 0.00010346390417610879, 'epoch': 0.48}
{'loss': 1.7809, 'grad_norm': 0.1903858631849289, 'learning_rate': 0.00010339915830365814, 'epoch': 0.48}
{'loss': 1.9749, 'grad_norm': 0.20421110093593597, 'learning_rate': 0.00010333441243120752, 'epoch': 0.48}
{'loss': 1.9154, 'grad_norm': 0.22206492722034454, 'learning_rate': 0.0001032696665587569, 'epoch': 0.48}
{'loss': 1.9469, 'grad_norm': 0.22655269503593445, 'learning_rate': 0.00010320492068630626, 'epoch': 0.49}
{'loss': 2.0373, 'grad_norm': 0.2276211529970169, 'learning_rate': 0.00010314017481385563, 'epoch': 0.49}
{'loss': 1.9551, 'grad_norm': 0.20716190338134766, 'learning_rate': 0.00010307542894140499, 'epoch': 0.49}
{'loss': 2.0694, 'grad_norm': 0.22860583662986755, 'learning_rate': 0.00010301068306895436, 'epoch': 0.49}
{'loss': 1.8256, 'grad_norm': 0.17644548416137695, 'learning_rate': 0.00010294593719650374, 'epoch': 0.49}
{'loss': 1.9985, 'grad_norm': 0.2095794528722763, 'learning_rate': 0.0001028811913240531, 'epoch': 0.49}
{'loss': 1.8662, 'grad_norm': 0.20230881869792938, 'learning_rate': 0.00010281644545160247, 'epoch': 0.49}
{'loss': 2.1543, 'grad_norm': 0.22463740408420563, 'learning_rate': 0.00010275169957915183, 'epoch': 0.49}
{'loss': 1.8513, 'grad_norm': 0.22529087960720062, 'learning_rate': 0.0001026869537067012, 'epoch': 0.49}
{'loss': 2.1608, 'grad_norm': 0.2371750921010971, 'learning_rate': 0.00010262220783425056, 'epoch': 0.49}
{'loss': 1.8361, 'grad_norm': 0.2173682600259781, 'learning_rate': 0.00010255746196179994, 'epoch': 0.49}
{'loss': 1.8365, 'grad_norm': 0.22995634377002716, 'learning_rate': 0.00010249271608934931, 'epoch': 0.49}
{'loss': 2.0398, 'grad_norm': 0.21008281409740448, 'learning_rate': 0.00010242797021689867, 'epoch': 0.49}
{'loss': 1.917, 'grad_norm': 0.22028368711471558, 'learning_rate': 0.00010236322434444804, 'epoch': 0.49}
{'loss': 1.8818, 'grad_norm': 0.20978133380413055, 'learning_rate': 0.0001022984784719974, 'epoch': 0.49}
{'loss': 2.1378, 'grad_norm': 0.2220829576253891, 'learning_rate': 0.00010223373259954678, 'epoch': 0.49}
{'loss': 2.0632, 'grad_norm': 0.22823047637939453, 'learning_rate': 0.00010216898672709616, 'epoch': 0.49}
{'loss': 2.1195, 'grad_norm': 0.23506177961826324, 'learning_rate': 0.00010210424085464551, 'epoch': 0.49}
{'loss': 1.7898, 'grad_norm': 0.19045525789260864, 'learning_rate': 0.0001020394949821949, 'epoch': 0.49}
{'loss': 2.0622, 'grad_norm': 0.23377560079097748, 'learning_rate': 0.00010197474910974424, 'epoch': 0.49}
{'loss': 2.0269, 'grad_norm': 0.2052372246980667, 'learning_rate': 0.00010191000323729363, 'epoch': 0.49}
{'loss': 1.8266, 'grad_norm': 0.23391719162464142, 'learning_rate': 0.000101845257364843, 'epoch': 0.49}
{'loss': 1.8083, 'grad_norm': 0.21037843823432922, 'learning_rate': 0.00010178051149239236, 'epoch': 0.49}
{'loss': 1.9457, 'grad_norm': 0.22719372808933258, 'learning_rate': 0.00010171576561994174, 'epoch': 0.49}
{'loss': 2.1627, 'grad_norm': 0.22172217071056366, 'learning_rate': 0.0001016510197474911, 'epoch': 0.49}
{'loss': 1.7723, 'grad_norm': 0.22624503076076508, 'learning_rate': 0.00010158627387504047, 'epoch': 0.49}
{'loss': 1.9547, 'grad_norm': 0.2315288484096527, 'learning_rate': 0.00010152152800258984, 'epoch': 0.49}
{'loss': 1.9335, 'grad_norm': 0.23594506084918976, 'learning_rate': 0.0001014567821301392, 'epoch': 0.49}
{'loss': 1.9585, 'grad_norm': 0.27469098567962646, 'learning_rate': 0.00010139203625768858, 'epoch': 0.49}
{'loss': 1.9941, 'grad_norm': 0.22063347697257996, 'learning_rate': 0.00010132729038523794, 'epoch': 0.49}
{'loss': 1.7535, 'grad_norm': 0.2841384708881378, 'learning_rate': 0.00010126254451278731, 'epoch': 0.49}
{'loss': 1.8867, 'grad_norm': 0.25047385692596436, 'learning_rate': 0.0001011977986403367, 'epoch': 0.5}
{'loss': 1.7639, 'grad_norm': 0.22973868250846863, 'learning_rate': 0.00010113305276788604, 'epoch': 0.5}
{'loss': 1.9424, 'grad_norm': 0.20281989872455597, 'learning_rate': 0.00010106830689543543, 'epoch': 0.5}
{'loss': 2.1209, 'grad_norm': 0.24309758841991425, 'learning_rate': 0.00010100356102298478, 'epoch': 0.5}
{'loss': 2.0257, 'grad_norm': 0.22791911661624908, 'learning_rate': 0.00010093881515053416, 'epoch': 0.5}
{'loss': 1.9711, 'grad_norm': 0.27010130882263184, 'learning_rate': 0.00010087406927808351, 'epoch': 0.5}
{'loss': 1.9181, 'grad_norm': 0.23819223046302795, 'learning_rate': 0.0001008093234056329, 'epoch': 0.5}
{'loss': 1.8048, 'grad_norm': 0.19341708719730377, 'learning_rate': 0.00010074457753318227, 'epoch': 0.5}
{'loss': 2.061, 'grad_norm': 0.21050100028514862, 'learning_rate': 0.00010067983166073163, 'epoch': 0.5}
{'loss': 2.0314, 'grad_norm': 0.22938188910484314, 'learning_rate': 0.000100615085788281, 'epoch': 0.5} 50%|████▉     | 1541/3094 [1:16:36<1:15:57,  2.93s/it] 50%|████▉     | 1542/3094 [1:16:38<1:12:19,  2.80s/it]                                                        50%|████▉     | 1542/3094 [1:16:38<1:12:19,  2.80s/it] 50%|████▉     | 1543/3094 [1:16:41<1:10:09,  2.71s/it]                                                        50%|████▉     | 1543/3094 [1:16:41<1:10:09,  2.71s/it] 50%|████▉     | 1544/3094 [1:16:44<1:15:07,  2.91s/it]                                                        50%|████▉     | 1544/3094 [1:16:44<1:15:07,  2.91s/it] 50%|████▉     | 1545/3094 [1:16:47<1:12:47,  2.82s/it]                                                        50%|████▉     | 1545/3094 [1:16:47<1:12:47,  2.82s/it] 50%|████▉     | 1546/3094 [1:16:49<1:12:08,  2.80s/it]                                                        50%|████▉     | 1546/3094 [1:16:49<1:12:08,  2.80s/it] 50%|█████     | 1547/3094 [1:16:52<1:14:04,  2.87s/it]                                                        50%|█████     | 1547/3094 [1:16:52<1:14:04,  2.87s/it] 50%|█████     | 1548/3094 [1:16:55<1:13:49,  2.87s/it]                                                        50%|█████     | 1548/3094 [1:16:55<1:13:49,  2.87s/it] 50%|█████     | 1549/3094 [1:16:58<1:12:17,  2.81s/it]                                                        50%|█████     | 1549/3094 [1:16:58<1:12:17,  2.81s/it] 50%|█████     | 1550/3094 [1:17:01<1:12:21,  2.81s/it]                                                        50%|█████     | 1550/3094 [1:17:01<1:12:21,  2.81s/it] 50%|█████     | 1551/3094 [1:17:04<1:13:40,  2.86s/it]                                                        50%|█████     | 1551/3094 [1:17:04<1:13:40,  2.86s/it] 50%|█████     | 1552/3094 [1:17:07<1:12:59,  2.84s/it]                                                        50%|█████     | 1552/3094 [1:17:07<1:12:59,  2.84s/it] 50%|█████     | 1553/3094 [1:17:09<1:11:11,  2.77s/it]                                                        50%|█████     | 1553/3094 [1:17:09<1:11:11,  2.77s/it] 50%|█████     | 1554/3094 [1:17:12<1:09:26,  2.71s/it]                                                        50%|█████     | 1554/3094 [1:17:12<1:09:26,  2.71s/it] 50%|█████     | 1555/3094 [1:17:15<1:15:21,  2.94s/it]                                                        50%|█████     | 1555/3094 [1:17:15<1:15:21,  2.94s/it] 50%|█████     | 1556/3094 [1:17:18<1:13:30,  2.87s/it]                                                        50%|█████     | 1556/3094 [1:17:18<1:13:30,  2.87s/it] 50%|█████     | 1557/3094 [1:17:21<1:14:25,  2.91s/it]                                                        50%|█████     | 1557/3094 [1:17:21<1:14:25,  2.91s/it] 50%|█████     | 1558/3094 [1:17:25<1:20:39,  3.15s/it]                                                        50%|█████     | 1558/3094 [1:17:25<1:20:39,  3.15s/it] 50%|█████     | 1559/3094 [1:17:28<1:21:40,  3.19s/it]                                                        50%|█████     | 1559/3094 [1:17:28<1:21:40,  3.19s/it] 50%|█████     | 1560/3094 [1:17:31<1:19:17,  3.10s/it]                                                        50%|█████     | 1560/3094 [1:17:31<1:19:17,  3.10s/it] 50%|█████     | 1561/3094 [1:17:34<1:17:44,  3.04s/it]                                                        50%|█████     | 1561/3094 [1:17:34<1:17:44,  3.04s/it] 50%|█████     | 1562/3094 [1:17:37<1:16:40,  3.00s/it]                                                        50%|█████     | 1562/3094 [1:17:37<1:16:40,  3.00s/it] 51%|█████     | 1563/3094 [1:17:39<1:13:26,  2.88s/it]                                                        51%|█████     | 1563/3094 [1:17:39<1:13:26,  2.88s/it] 51%|█████     | 1564/3094 [1:17:42<1:12:10,  2.83s/it]                                                        51%|█████     | 1564/3094 [1:17:42<1:12:10,  2.83s/it] 51%|█████     | 1565/3094 [1:17:46<1:20:38,  3.16s/it]                                                        51%|█████     | 1565/3094 [1:17:46<1:20:38,  3.16s/it] 51%|█████     | 1566/3094 [1:17:49<1:17:16,  3.03s/it]                                                        51%|█████     | 1566/3094 [1:17:49<1:17:16,  3.03s/it] 51%|█████     | 1567/3094 [1:17:51<1:16:17,  3.00s/it]                                                        51%|█████     | 1567/3094 [1:17:51<1:16:17,  3.00s/it] 51%|█████     | 1568/3094 [1:17:54<1:15:55,  2.99s/it]                                                        51%|█████     | 1568/3094 [1:17:54<1:15:55,  2.99s/it] 51%|█████     | 1569/3094 [1:17:57<1:12:19,  2.85s/it]                                                        51%|█████     | 1569/3094 [1:17:57<1:12:19,  2.85s/it] 51%|█████     | 1570/3094 [1:18:00<1:15:24,  2.97s/it]                                                        51%|█████     | 1570/3094 [1:18:00<1:15:24,  2.97s/it] 51%|█████     | 1571/3094 [1:18:03<1:12:52,  2.87s/it]                                                        51%|█████     | 1571/3094 [1:18:03<1:12:52,  2.87s/it] 51%|█████     | 1572/3094 [1:18:05<1:09:34,  2.74s/it]                                                        51%|█████     | 1572/3094 [1:18:05<1:09:34,  2.74s/it] 51%|█████     | 1573/3094 [1:18:08<1:08:34,  2.70s/it]                                                        51%|█████     | 1573/3094 [1:18:08<1:08:34,  2.70s/it] 51%|█████     | 1574/3094 [1:18:10<1:07:19,  2.66s/it]                                                        51%|█████     | 1574/3094 [1:18:10<1:07:19,  2.66s/it] 51%|█████     | 1575/3094 [1:18:13<1:07:30,  2.67s/it]                                                        51%|█████     | 1575/3094 [1:18:13<1:07:30,  2.67s/it] 51%|█████     | 1576/3094 [1:18:16<1:09:02,  2.73s/it]                                                        51%|█████     | 1576/3094 [1:18:16<1:09:02,  2.73s/it] 51%|█████     | 1577/3094 [1:18:18<1:06:27,  2.63s/it]                                                        51%|█████     | 1577/3094 [1:18:18<1:06:27,  2.63s/it] 51%|█████     | 1578/3094 [1:18:22<1:11:30,  2.83s/it]                                                        51%|█████     | 1578/3094 [1:18:22<1:11:30,  2.83s/it] 51%|█████     | 1579/3094 [1:18:25<1:13:18,  2.90s/it]                                                        51%|█████     | 1579/3094 [1:18:25<1:13:18,  2.90s/it] 51%|█████     | 1580/3094 [1:18:29<1:19:23,  3.15s/it]                                                        51%|█████     | 1580/3094 [1:18:29<1:19:23,  3.15s/it] 51%|█████     | 1581/3094 [1:18:31<1:13:39,  2.92s/it]                                                        51%|█████     | 1581/3094 [1:18:31<1:13:39,  2.92s/it] 51%|█████     | 1582/3094 [1:18:34<1:15:41,  3.00s/it]                                                        51%|█████     | 1582/3094 [1:18:34<1:15:41,  3.00s/it] 51%|█████     | 1583/3094 [1:18:37<1:14:02,  2.94s/it]                                                        51%|█████     | 1583/3094 [1:18:37<1:14:02,  2.94s/it] 51%|█████     | 1584/3094 [1:18:40<1:18:16,  3.11s/it]                                                        51%|█████     | 1584/3094 [1:18:40<1:18:16,  3.11s/it] 51%|█████     | 1585/3094 [1:18:43<1:16:07,  3.03s/it]                                                        51%|█████     | 1585/3094 [1:18:43<1:16:07,  3.03s/it] 51%|█████▏    | 1586/3094 [1:18:46<1:14:07,  2.95s/it]                                                        51%|█████▏    | 1586/3094 [1:18:46<1:14:07,  2.95s/it] 51%|█████▏    | 1587/3094 [1:18:49<1:11:03,  2.83s/it]                                                        51%|█████▏    | 1587/3094 [1:18:49<1:11:03,  2.83s/it] 51%|█████▏    | 1588/3094 [1:18:51<1:10:31,  2.81s/it]                                                        51%|█████▏    | 1588/3094 [1:18:51<1:10:31,  2.81s/it] 51%|█████▏    | 1589/3094 [1:18:54<1:12:16,  2.88s/it]                                                        51%|█████▏    | 1589/3094 [1:18:54<1:12:16,  2.88s/it] 51%|█████▏    | 1590/3094 [1:18:57<1:11:16,  2.84s/it]                                                        51%|█████▏    | 1590/3094 [1:18:57<1:11:16,  2.84s/it] 51%|█████▏    | 1591/3094 [1:19:00<1:09:05,  2.76s/it]                                                        51%|█████▏    | 1591/3094 [1:19:00<1:09:05,  2.76s/it] 51%|█████▏    | 1592/3094 [1:19:02<1:05:36,  2.62s/it]                                                        51%|█████▏    | 1592/3094 [1:19:02<1:05:36,  2.62s/it] 51%|█████▏    | 1593/3094 [1:19:05<1:09:19,  2.77s/it]                                                        51%|█████▏    | 1593/3094 [1:19:05<1:09:19,  2.77s/it] 52%|█████▏    | 1594/3094 [1:19:08<1:10:11,  2.81s/it]                                                        52%|█████▏    | 1594/3094 [1:19:08<1:10:11,  2.81s/it] 52%|█████▏    | 1595/3094 [1:19:11<1:12:00,  2.88s/it]                                                        52%|█████▏    | 1595/3094 [1:19:11<1:12:00,  2.88s/it] 52%|█████▏    | 1596/3094 [1:19:14<1:12:54,  2.92s/it]                                                        52%|█████▏    | 1596/3094 [1:19:14<1:12:54,  2.92s/it] 52%|█████▏    | 1597/3094 [1:19:17<1:13:14,  2.94s/it]                                                        52%|█████▏    | 1597/3094 [1:19:17<1:13:14,  2.94s/it] 52%|█████▏    | 1598/3094 [1:19:20<1:12:56,  2.93s/it]                                                        52%|█████▏    | 1598/3094 [1:19:20<1:12:56,  2.93s/it] 52%|█████▏    | 1599/3094 [1:19:23<1:13:45,  2.96s/it]                                                        52%|█████▏    | 1599/3094 [1:19:23<1:13:45,  2.96s/it] 52%|█████▏    | 1600/3094 [1:19:26<1:16:29,  3.07s/it]                                                        52%|█████▏    | 1600/3094 [1:19:26<1:16:29,  3.07s/it] 52%|█████▏    | 1601/3094 [1:19:29<1:16:37,  3.08s/it]                                                        52%|█████▏    | 1601/3094 [1:19:29<1:16:37,  3.08s/it] 52%|█████▏    | 1602/3094 [1:19:32<1:15:17,  3.03s/it]                                                        52%|█████▏    | 1602/3094 [1:19:32<1:15:17,  3.03s/it] 52%|█████▏    | 1603/3094 [1:19:35<1:14:02,  2.98s/it]                                                        52%|█████▏    | 1603/3094 [1:19:35<1:14:02,  2.98s/it] 52%|█████▏    | 1604/3094 [1:19:38<1:12:20,  2.91s/it]                                                        52%|█████▏    | 1604/3094 [1:19:38<1:12:20,  2.91s/it] 52%|█████▏    | 1605/3094 [1:19:41<1:12:40,  2.93s/it]                                                        52%|█████▏    | 1605/3094 [1:19:41<1:12:40,  2.93s/it] 52%|█████▏    | 1606/3094 [1:19:44<1:12:32,  2.93s/it]                                                        52%|█████▏    | 1606/3094 [1:19:44<1:12:32,  2.93s/it] 52%|█████▏    | 1607/3094 [1:19:46<1:09:49,  2.82s/it]                                                        52%|█████▏    | 1607/3094 [1:19:46<1:09:49,  2.82s/it] 52%|█████▏    | 1608/3094 [1:19:49<1:08:23,  2.76s/it]                                                        52%|█████▏    | 1608/3094 [1:19:49<1:08:23,  2.76s/it] 52%|█████▏    | 1609/3094 [1:19:52<1:11:21,  2.88s/it]                                                        52%|█████▏    | 1609/3094 [1:19:52<1:11:21,  2.88s/it] 52%|█████▏    | 1610/3094 [1:19:56<1:18:08,  3.16s/it]                                                        52%|█████▏    | 1610/3094 [1:19:56<1:18:08,  3.16s/it] 52%|█████▏    | 1611/3094 [1:19:59<1:16:20,  3.09s/it]                                                        52%|█████▏    | 1611/3094 [1:19:59<1:16:20,  3.09s/it] 52%|█████▏    | 1612/3094 [1:20:02<1:14:34,  3.02s/it]                                                        52%|█████▏    | 1612/3094 [1:20:02<1:14:34,  3.02s/it] 52%|█████▏    | 1613/3094 [1:20:04<1:12:15,  2.93s/it]                                                        52%|█████▏    | 1613/3094 [1:20:04<1:12:15,  2.93s/it] 52%|█████▏    | 1614/3094 [1:20:08<1:14:34,  3.02s/it]                                                        52%|█████▏    | 1614/3094 [1:20:08<1:14:34,  3.02s/it] 52%|█████▏    | 1615/3094 [1:20:12<1:22:06,  3.33s/it]                                                        52%|█████▏    | 1615/3094 [1:20:12<1:22:06,  3.33s/it] 52%|█████▏    | 1616/3094 [1:20:15<1:19:41,  3.24s/it]                                                        52%|█████▏    | 1616/3094 [1:20:15<1:19:41,  3.24s/it] 52%|█████▏    | 1617/3094 [1:20:18<1:20:15,  3.26s/it]                                                        52%|█████▏    | 1617/3094 [1:20:18<1:20:15,  3.26s/it] 52%|█████▏    | 1618/3094 [1:20:21<1:16:46,  3.12s/it]                                                        52%|█████▏    | 1618/3094 [1:20:21<1:16:46,  3.12s/it] 52%|█████▏    | 1619/3094 [1:20:24<1:15:50,  3.09s/it]                                                       
{'loss': 1.9938, 'grad_norm': 0.24349838495254517, 'learning_rate': 0.00010055033991583036, 'epoch': 0.5}
{'loss': 1.8428, 'grad_norm': 0.22850757837295532, 'learning_rate': 0.00010048559404337974, 'epoch': 0.5}
{'loss': 1.9458, 'grad_norm': 0.1971958875656128, 'learning_rate': 0.00010042084817092911, 'epoch': 0.5}
{'loss': 2.1028, 'grad_norm': 0.24707505106925964, 'learning_rate': 0.00010035610229847847, 'epoch': 0.5}
{'loss': 2.0827, 'grad_norm': 0.2211313396692276, 'learning_rate': 0.00010029135642602784, 'epoch': 0.5}
{'loss': 1.7405, 'grad_norm': 0.22602850198745728, 'learning_rate': 0.0001002266105535772, 'epoch': 0.5}
{'loss': 2.0738, 'grad_norm': 0.22376427054405212, 'learning_rate': 0.00010016186468112658, 'epoch': 0.5}
{'loss': 1.9659, 'grad_norm': 0.2199222296476364, 'learning_rate': 0.00010009711880867596, 'epoch': 0.5}
{'loss': 2.0719, 'grad_norm': 0.22306568920612335, 'learning_rate': 0.00010003237293622531, 'epoch': 0.5}
{'loss': 2.055, 'grad_norm': 0.2122512310743332, 'learning_rate': 9.99676270637747e-05, 'epoch': 0.5}
{'loss': 2.1236, 'grad_norm': 0.22244606912136078, 'learning_rate': 9.990288119132406e-05, 'epoch': 0.5}
{'loss': 1.7133, 'grad_norm': 0.2289997637271881, 'learning_rate': 9.983813531887343e-05, 'epoch': 0.5}
{'loss': 1.9245, 'grad_norm': 0.23543594777584076, 'learning_rate': 9.977338944642279e-05, 'epoch': 0.5}
{'loss': 2.067, 'grad_norm': 0.21380411088466644, 'learning_rate': 9.970864357397216e-05, 'epoch': 0.5}
{'loss': 1.8986, 'grad_norm': 0.2240062952041626, 'learning_rate': 9.964389770152154e-05, 'epoch': 0.5}
{'loss': 1.8802, 'grad_norm': 0.2103416621685028, 'learning_rate': 9.95791518290709e-05, 'epoch': 0.5}
{'loss': 1.6466, 'grad_norm': 0.19100630283355713, 'learning_rate': 9.951440595662027e-05, 'epoch': 0.5}
{'loss': 2.088, 'grad_norm': 0.2360934615135193, 'learning_rate': 9.944966008416963e-05, 'epoch': 0.5}
{'loss': 1.8078, 'grad_norm': 0.20831803977489471, 'learning_rate': 9.9384914211719e-05, 'epoch': 0.5}
{'loss': 2.1296, 'grad_norm': 0.2269449681043625, 'learning_rate': 9.932016833926836e-05, 'epoch': 0.5}
{'loss': 1.9779, 'grad_norm': 0.22398421168327332, 'learning_rate': 9.925542246681775e-05, 'epoch': 0.5}
{'loss': 1.9386, 'grad_norm': 0.21774914860725403, 'learning_rate': 9.919067659436711e-05, 'epoch': 0.51}
{'loss': 1.877, 'grad_norm': 0.23736654222011566, 'learning_rate': 9.912593072191649e-05, 'epoch': 0.51}
{'loss': 1.7922, 'grad_norm': 0.19632203876972198, 'learning_rate': 9.906118484946585e-05, 'epoch': 0.51}
{'loss': 2.058, 'grad_norm': 0.22588995099067688, 'learning_rate': 9.899643897701522e-05, 'epoch': 0.51}
{'loss': 2.1471, 'grad_norm': 0.21591632068157196, 'learning_rate': 9.893169310456459e-05, 'epoch': 0.51}
{'loss': 1.7987, 'grad_norm': 0.1918964684009552, 'learning_rate': 9.886694723211397e-05, 'epoch': 0.51}
{'loss': 2.1024, 'grad_norm': 0.24490541219711304, 'learning_rate': 9.880220135966333e-05, 'epoch': 0.51}
{'loss': 1.9763, 'grad_norm': 0.21351869404315948, 'learning_rate': 9.87374554872127e-05, 'epoch': 0.51}
{'loss': 2.1333, 'grad_norm': 0.24285922944545746, 'learning_rate': 9.867270961476206e-05, 'epoch': 0.51}
{'loss': 2.0625, 'grad_norm': 0.22964677214622498, 'learning_rate': 9.860796374231143e-05, 'epoch': 0.51}
{'loss': 1.77, 'grad_norm': 0.2552063763141632, 'learning_rate': 9.85432178698608e-05, 'epoch': 0.51}
{'loss': 2.02, 'grad_norm': 0.23750711977481842, 'learning_rate': 9.847847199741017e-05, 'epoch': 0.51}
{'loss': 2.1612, 'grad_norm': 0.24559977650642395, 'learning_rate': 9.841372612495954e-05, 'epoch': 0.51}
{'loss': 1.7886, 'grad_norm': 0.21547377109527588, 'learning_rate': 9.83489802525089e-05, 'epoch': 0.51}
{'loss': 1.9108, 'grad_norm': 0.2521176338195801, 'learning_rate': 9.828423438005827e-05, 'epoch': 0.51}
{'loss': 2.0622, 'grad_norm': 0.21148714423179626, 'learning_rate': 9.821948850760765e-05, 'epoch': 0.51}
{'loss': 1.7147, 'grad_norm': 0.1944500207901001, 'learning_rate': 9.815474263515702e-05, 'epoch': 0.51}
{'loss': 1.9882, 'grad_norm': 0.19324564933776855, 'learning_rate': 9.808999676270638e-05, 'epoch': 0.51}
{'loss': 2.1128, 'grad_norm': 0.24779275059700012, 'learning_rate': 9.802525089025575e-05, 'epoch': 0.51}
{'loss': 2.0162, 'grad_norm': 0.21075089275836945, 'learning_rate': 9.796050501780511e-05, 'epoch': 0.51}
{'loss': 2.2506, 'grad_norm': 0.24002741277217865, 'learning_rate': 9.78957591453545e-05, 'epoch': 0.51}
{'loss': 1.7781, 'grad_norm': 0.20045313239097595, 'learning_rate': 9.783101327290386e-05, 'epoch': 0.51}
{'loss': 1.7449, 'grad_norm': 0.22394458949565887, 'learning_rate': 9.776626740045323e-05, 'epoch': 0.51}
{'loss': 2.1752, 'grad_norm': 0.23679395020008087, 'learning_rate': 9.770152152800259e-05, 'epoch': 0.51}
{'loss': 1.8491, 'grad_norm': 0.2253579944372177, 'learning_rate': 9.763677565555197e-05, 'epoch': 0.51}
{'loss': 1.9764, 'grad_norm': 0.22447389364242554, 'learning_rate': 9.757202978310134e-05, 'epoch': 0.51}
{'loss': 1.931, 'grad_norm': 0.2186466008424759, 'learning_rate': 9.75072839106507e-05, 'epoch': 0.51}
{'loss': 2.1478, 'grad_norm': 0.23040896654129028, 'learning_rate': 9.744253803820007e-05, 'epoch': 0.51}
{'loss': 2.06, 'grad_norm': 0.23418976366519928, 'learning_rate': 9.737779216574943e-05, 'epoch': 0.51}
{'loss': 2.1679, 'grad_norm': 0.21975252032279968, 'learning_rate': 9.73130462932988e-05, 'epoch': 0.51}
{'loss': 1.9057, 'grad_norm': 0.20528356730937958, 'learning_rate': 9.724830042084817e-05, 'epoch': 0.51}
{'loss': 1.9769, 'grad_norm': 0.226469486951828, 'learning_rate': 9.718355454839755e-05, 'epoch': 0.52}
{'loss': 2.2023, 'grad_norm': 0.2177123725414276, 'learning_rate': 9.711880867594691e-05, 'epoch': 0.52}
{'loss': 1.9509, 'grad_norm': 0.2371675670146942, 'learning_rate': 9.705406280349629e-05, 'epoch': 0.52}
{'loss': 2.0012, 'grad_norm': 0.21566693484783173, 'learning_rate': 9.698931693104565e-05, 'epoch': 0.52}
{'loss': 1.8276, 'grad_norm': 0.20788517594337463, 'learning_rate': 9.692457105859502e-05, 'epoch': 0.52}
{'loss': 1.8888, 'grad_norm': 0.20892788469791412, 'learning_rate': 9.685982518614439e-05, 'epoch': 0.52}
{'loss': 2.1016, 'grad_norm': 0.19556497037410736, 'learning_rate': 9.679507931369375e-05, 'epoch': 0.52}
{'loss': 1.6895, 'grad_norm': 0.2092083841562271, 'learning_rate': 9.673033344124313e-05, 'epoch': 0.52}
{'loss': 2.0459, 'grad_norm': 0.22357235848903656, 'learning_rate': 9.666558756879249e-05, 'epoch': 0.52}
{'loss': 2.024, 'grad_norm': 0.2322021722793579, 'learning_rate': 9.660084169634186e-05, 'epoch': 0.52}
{'loss': 2.1848, 'grad_norm': 0.26950815320014954, 'learning_rate': 9.653609582389122e-05, 'epoch': 0.52}
{'loss': 2.1891, 'grad_norm': 0.24022777378559113, 'learning_rate': 9.64713499514406e-05, 'epoch': 0.52}
{'loss': 2.1682, 'grad_norm': 0.25471270084381104, 'learning_rate': 9.640660407898997e-05, 'epoch': 0.52}
{'loss': 1.8805, 'grad_norm': 0.2258073389530182, 'learning_rate': 9.634185820653934e-05, 'epoch': 0.52}
{'loss': 1.8544, 'grad_norm': 0.22961440682411194, 'learning_rate': 9.62771123340887e-05, 'epoch': 0.52}
{'loss': 1.9306, 'grad_norm': 0.21403203904628754, 'learning_rate': 9.621236646163807e-05, 'epoch': 0.52}
{'loss': 2.0621, 'grad_norm': 0.20293502509593964, 'learning_rate': 9.614762058918745e-05, 'epoch': 0.52}
{'loss': 2.0788, 'grad_norm': 0.22566036880016327, 'learning_rate': 9.608287471673682e-05, 'epoch': 0.52}
{'loss': 2.0403, 'grad_norm': 0.21801504492759705, 'learning_rate': 9.601812884428618e-05, 'epoch': 0.52}
{'loss': 2.0217, 'grad_norm': 0.22836431860923767, 'learning_rate': 9.595338297183555e-05, 'epoch': 0.52}
{'loss': 1.9511, 'grad_norm': 0.20314384996891022, 'learning_rate': 9.588863709938491e-05, 'epoch': 0.52}
{'loss': 1.8001, 'grad_norm': 0.189347505569458, 'learning_rate': 9.582389122693429e-05, 'epoch': 0.52}
{'loss': 1.9501, 'grad_norm': 0.22141289710998535, 'learning_rate': 9.575914535448366e-05, 'epoch': 0.52}
{'loss': 2.0055, 'grad_norm': 0.2044028639793396, 'learning_rate': 9.569439948203302e-05, 'epoch': 0.52}
{'loss': 2.0678, 'grad_norm': 0.22404862940311432, 'learning_rate': 9.56296536095824e-05, 'epoch': 0.52}
{'loss': 1.7161, 'grad_norm': 0.21151195466518402, 'learning_rate': 9.556490773713175e-05, 'epoch': 0.52} 52%|█████▏    | 1619/3094 [1:20:24<1:15:50,  3.09s/it] 52%|█████▏    | 1620/3094 [1:20:27<1:16:01,  3.09s/it]                                                        52%|█████▏    | 1620/3094 [1:20:27<1:16:01,  3.09s/it] 52%|█████▏    | 1621/3094 [1:20:30<1:13:55,  3.01s/it]                                                        52%|█████▏    | 1621/3094 [1:20:30<1:13:55,  3.01s/it] 52%|█████▏    | 1622/3094 [1:20:33<1:12:53,  2.97s/it]                                                        52%|█████▏    | 1622/3094 [1:20:33<1:12:53,  2.97s/it] 52%|█████▏    | 1623/3094 [1:20:35<1:08:55,  2.81s/it]                                                        52%|█████▏    | 1623/3094 [1:20:35<1:08:55,  2.81s/it] 52%|█████▏    | 1624/3094 [1:20:38<1:08:38,  2.80s/it]                                                        52%|█████▏    | 1624/3094 [1:20:38<1:08:38,  2.80s/it] 53%|█████▎    | 1625/3094 [1:20:41<1:07:01,  2.74s/it]                                                        53%|█████▎    | 1625/3094 [1:20:41<1:07:01,  2.74s/it] 53%|█████▎    | 1626/3094 [1:20:43<1:05:29,  2.68s/it]                                                        53%|█████▎    | 1626/3094 [1:20:43<1:05:29,  2.68s/it] 53%|█████▎    | 1627/3094 [1:20:46<1:06:40,  2.73s/it]                                                        53%|█████▎    | 1627/3094 [1:20:46<1:06:40,  2.73s/it] 53%|█████▎    | 1628/3094 [1:20:49<1:09:54,  2.86s/it]                                                        53%|█████▎    | 1628/3094 [1:20:49<1:09:54,  2.86s/it] 53%|█████▎    | 1629/3094 [1:20:52<1:10:10,  2.87s/it]                                                        53%|█████▎    | 1629/3094 [1:20:52<1:10:10,  2.87s/it] 53%|█████▎    | 1630/3094 [1:20:55<1:12:56,  2.99s/it]                                                        53%|█████▎    | 1630/3094 [1:20:55<1:12:56,  2.99s/it] 53%|█████▎    | 1631/3094 [1:20:58<1:11:19,  2.93s/it]                                                        53%|█████▎    | 1631/3094 [1:20:58<1:11:19,  2.93s/it] 53%|█████▎    | 1632/3094 [1:21:01<1:08:47,  2.82s/it]                                                        53%|█████▎    | 1632/3094 [1:21:01<1:08:47,  2.82s/it] 53%|█████▎    | 1633/3094 [1:21:03<1:08:54,  2.83s/it]                                                        53%|█████▎    | 1633/3094 [1:21:03<1:08:54,  2.83s/it] 53%|█████▎    | 1634/3094 [1:21:07<1:14:34,  3.06s/it]                                                        53%|█████▎    | 1634/3094 [1:21:07<1:14:34,  3.06s/it] 53%|█████▎    | 1635/3094 [1:21:10<1:14:13,  3.05s/it]                                                        53%|█████▎    | 1635/3094 [1:21:10<1:14:13,  3.05s/it] 53%|█████▎    | 1636/3094 [1:21:13<1:12:16,  2.97s/it]                                                        53%|█████▎    | 1636/3094 [1:21:13<1:12:16,  2.97s/it] 53%|█████▎    | 1637/3094 [1:21:16<1:10:48,  2.92s/it]                                                        53%|█████▎    | 1637/3094 [1:21:16<1:10:48,  2.92s/it] 53%|█████▎    | 1638/3094 [1:21:19<1:12:10,  2.97s/it]                                                        53%|█████▎    | 1638/3094 [1:21:19<1:12:10,  2.97s/it] 53%|█████▎    | 1639/3094 [1:21:21<1:10:28,  2.91s/it]                                                        53%|█████▎    | 1639/3094 [1:21:21<1:10:28,  2.91s/it] 53%|█████▎    | 1640/3094 [1:21:25<1:11:33,  2.95s/it]                                                        53%|█████▎    | 1640/3094 [1:21:25<1:11:33,  2.95s/it] 53%|█████▎    | 1641/3094 [1:21:27<1:10:49,  2.92s/it]                                                        53%|█████▎    | 1641/3094 [1:21:27<1:10:49,  2.92s/it] 53%|█████▎    | 1642/3094 [1:21:30<1:10:14,  2.90s/it]                                                        53%|█████▎    | 1642/3094 [1:21:30<1:10:14,  2.90s/it] 53%|█████▎    | 1643/3094 [1:21:33<1:08:53,  2.85s/it]                                                        53%|█████▎    | 1643/3094 [1:21:33<1:08:53,  2.85s/it] 53%|█████▎    | 1644/3094 [1:21:37<1:13:44,  3.05s/it]                                                        53%|█████▎    | 1644/3094 [1:21:37<1:13:44,  3.05s/it] 53%|█████▎    | 1645/3094 [1:21:39<1:10:52,  2.94s/it]                                                        53%|█████▎    | 1645/3094 [1:21:39<1:10:52,  2.94s/it] 53%|█████▎    | 1646/3094 [1:21:42<1:10:06,  2.91s/it]                                                        53%|█████▎    | 1646/3094 [1:21:42<1:10:06,  2.91s/it] 53%|█████▎    | 1647/3094 [1:21:45<1:10:24,  2.92s/it]                                                        53%|█████▎    | 1647/3094 [1:21:45<1:10:24,  2.92s/it] 53%|█████▎    | 1648/3094 [1:21:48<1:13:42,  3.06s/it]                                                        53%|█████▎    | 1648/3094 [1:21:48<1:13:42,  3.06s/it] 53%|█████▎    | 1649/3094 [1:21:51<1:13:45,  3.06s/it]                                                        53%|█████▎    | 1649/3094 [1:21:51<1:13:45,  3.06s/it] 53%|█████▎    | 1650/3094 [1:21:54<1:10:17,  2.92s/it]                                                        53%|█████▎    | 1650/3094 [1:21:54<1:10:17,  2.92s/it] 53%|█████▎    | 1651/3094 [1:21:58<1:19:44,  3.32s/it]                                                        53%|█████▎    | 1651/3094 [1:21:58<1:19:44,  3.32s/it] 53%|█████▎    | 1652/3094 [1:22:01<1:18:13,  3.25s/it]                                                        53%|█████▎    | 1652/3094 [1:22:01<1:18:13,  3.25s/it] 53%|█████▎    | 1653/3094 [1:22:04<1:13:21,  3.05s/it]                                                        53%|█████▎    | 1653/3094 [1:22:04<1:13:21,  3.05s/it] 53%|█████▎    | 1654/3094 [1:22:06<1:09:36,  2.90s/it]                                                        53%|█████▎    | 1654/3094 [1:22:06<1:09:36,  2.90s/it] 53%|█████▎    | 1655/3094 [1:22:09<1:07:55,  2.83s/it]                                                        53%|█████▎    | 1655/3094 [1:22:09<1:07:55,  2.83s/it] 54%|█████▎    | 1656/3094 [1:22:12<1:09:54,  2.92s/it]                                                        54%|█████▎    | 1656/3094 [1:22:12<1:09:54,  2.92s/it] 54%|█████▎    | 1657/3094 [1:22:15<1:11:21,  2.98s/it]                                                        54%|█████▎    | 1657/3094 [1:22:15<1:11:21,  2.98s/it] 54%|█████▎    | 1658/3094 [1:22:18<1:11:01,  2.97s/it]                                                        54%|█████▎    | 1658/3094 [1:22:18<1:11:01,  2.97s/it] 54%|█████▎    | 1659/3094 [1:22:21<1:08:34,  2.87s/it]                                                        54%|█████▎    | 1659/3094 [1:22:21<1:08:34,  2.87s/it] 54%|█████▎    | 1660/3094 [1:22:24<1:07:29,  2.82s/it]                                                        54%|█████▎    | 1660/3094 [1:22:24<1:07:29,  2.82s/it] 54%|█████▎    | 1661/3094 [1:22:26<1:05:58,  2.76s/it]                                                        54%|█████▎    | 1661/3094 [1:22:26<1:05:58,  2.76s/it] 54%|█████▎    | 1662/3094 [1:22:29<1:08:17,  2.86s/it]                                                        54%|█████▎    | 1662/3094 [1:22:29<1:08:17,  2.86s/it] 54%|█████▎    | 1663/3094 [1:22:32<1:06:59,  2.81s/it]                                                        54%|█████▎    | 1663/3094 [1:22:32<1:06:59,  2.81s/it] 54%|█████▍    | 1664/3094 [1:22:35<1:04:56,  2.72s/it]                                                        54%|█████▍    | 1664/3094 [1:22:35<1:04:56,  2.72s/it] 54%|█████▍    | 1665/3094 [1:22:38<1:07:22,  2.83s/it]                                                        54%|█████▍    | 1665/3094 [1:22:38<1:07:22,  2.83s/it] 54%|█████▍    | 1666/3094 [1:22:40<1:06:16,  2.78s/it]                                                        54%|█████▍    | 1666/3094 [1:22:40<1:06:16,  2.78s/it] 54%|█████▍    | 1667/3094 [1:22:43<1:05:47,  2.77s/it]                                                        54%|█████▍    | 1667/3094 [1:22:43<1:05:47,  2.77s/it] 54%|█████▍    | 1668/3094 [1:22:46<1:03:57,  2.69s/it]                                                        54%|█████▍    | 1668/3094 [1:22:46<1:03:57,  2.69s/it] 54%|█████▍    | 1669/3094 [1:22:48<1:05:02,  2.74s/it]                                                        54%|█████▍    | 1669/3094 [1:22:48<1:05:02,  2.74s/it] 54%|█████▍    | 1670/3094 [1:22:52<1:07:06,  2.83s/it]                                                        54%|█████▍    | 1670/3094 [1:22:52<1:07:06,  2.83s/it] 54%|█████▍    | 1671/3094 [1:22:54<1:07:15,  2.84s/it]                                                        54%|█████▍    | 1671/3094 [1:22:54<1:07:15,  2.84s/it] 54%|█████▍    | 1672/3094 [1:22:57<1:07:32,  2.85s/it]                                                        54%|█████▍    | 1672/3094 [1:22:57<1:07:32,  2.85s/it] 54%|█████▍    | 1673/3094 [1:23:00<1:08:50,  2.91s/it]                                                        54%|█████▍    | 1673/3094 [1:23:00<1:08:50,  2.91s/it] 54%|█████▍    | 1674/3094 [1:23:04<1:13:11,  3.09s/it]                                                        54%|█████▍    | 1674/3094 [1:23:04<1:13:11,  3.09s/it] 54%|█████▍    | 1675/3094 [1:23:07<1:14:27,  3.15s/it]                                                        54%|█████▍    | 1675/3094 [1:23:07<1:14:27,  3.15s/it] 54%|█████▍    | 1676/3094 [1:23:10<1:13:55,  3.13s/it]                                                        54%|█████▍    | 1676/3094 [1:23:10<1:13:55,  3.13s/it] 54%|█████▍    | 1677/3094 [1:23:13<1:14:34,  3.16s/it]                                                        54%|█████▍    | 1677/3094 [1:23:13<1:14:34,  3.16s/it] 54%|█████▍    | 1678/3094 [1:23:16<1:10:05,  2.97s/it]                                                        54%|█████▍    | 1678/3094 [1:23:16<1:10:05,  2.97s/it] 54%|█████▍    | 1679/3094 [1:23:19<1:12:10,  3.06s/it]                                                        54%|█████▍    | 1679/3094 [1:23:19<1:12:10,  3.06s/it] 54%|█████▍    | 1680/3094 [1:23:22<1:13:10,  3.11s/it]                                                        54%|█████▍    | 1680/3094 [1:23:22<1:13:10,  3.11s/it] 54%|█████▍    | 1681/3094 [1:23:25<1:09:10,  2.94s/it]                                                        54%|█████▍    | 1681/3094 [1:23:25<1:09:10,  2.94s/it] 54%|█████▍    | 1682/3094 [1:23:28<1:10:08,  2.98s/it]                                                        54%|█████▍    | 1682/3094 [1:23:28<1:10:08,  2.98s/it] 54%|█████▍    | 1683/3094 [1:23:31<1:11:26,  3.04s/it]                                                        54%|█████▍    | 1683/3094 [1:23:31<1:11:26,  3.04s/it] 54%|█████▍    | 1684/3094 [1:23:35<1:13:50,  3.14s/it]                                                        54%|█████▍    | 1684/3094 [1:23:35<1:13:50,  3.14s/it] 54%|█████▍    | 1685/3094 [1:23:37<1:11:37,  3.05s/it]                                                        54%|█████▍    | 1685/3094 [1:23:37<1:11:37,  3.05s/it] 54%|█████▍    | 1686/3094 [1:23:40<1:06:55,  2.85s/it]                                                        54%|█████▍    | 1686/3094 [1:23:40<1:06:55,  2.85s/it] 55%|█████▍    | 1687/3094 [1:23:43<1:06:23,  2.83s/it]                                                        55%|█████▍    | 1687/3094 [1:23:43<1:06:23,  2.83s/it] 55%|█████▍    | 1688/3094 [1:23:45<1:05:02,  2.78s/it]                                                        55%|█████▍    | 1688/3094 [1:23:45<1:05:02,  2.78s/it] 55%|█████▍    | 1689/3094 [1:23:48<1:04:39,  2.76s/it]                                                        55%|█████▍    | 1689/3094 [1:23:48<1:04:39,  2.76s/it] 55%|█████▍    | 1690/3094 [1:23:52<1:13:23,  3.14s/it]                                                        55%|█████▍    | 1690/3094 [1:23:52<1:13:23,  3.14s/it] 55%|█████▍    | 1691/3094 [1:23:55<1:12:42,  3.11s/it]                                                        55%|█████▍    | 1691/3094 [1:23:55<1:12:42,  3.11s/it] 55%|█████▍    | 1692/3094 [1:23:58<1:09:54,  2.99s/it]                                                        55%|█████▍    | 1692/3094 [1:23:58<1:09:54,  2.99s/it] 55%|█████▍    | 1693/3094 [1:24:00<1:07:46,  2.90s/it]                                                        55%|█████▍    | 1693/3094 [1:24:00<1:07:46,  2.90s/it] 55%|█████▍    | 1694/3094 [1:24:03<1:05:49,  2.82s/it]                                                        55%|█████▍    | 1694/3094 [1:24:03<1:05:49,  2.82s/it] 55%|█████▍    | 1695/3094 [1:24:06<1:05:40,  2.82s/it]                                                        55%|█████▍    | 1695/3094 [1:24:06<1:05:40,  2.82s/it] 55%|█████▍    | 1696/3094 [1:24:09<1:05:52,  2.83s/it]                                                        55%|█████▍    | 1696/3094 [1:24:09<1:05:52,  2.83s/it] 55%|█████▍    | 1697/3094 [1:24:12<1:06:35,  2.86s/it]                                                       
{'loss': 1.9399, 'grad_norm': 0.21732889115810394, 'learning_rate': 9.550016186468113e-05, 'epoch': 0.52}
{'loss': 2.2122, 'grad_norm': 0.2448701709508896, 'learning_rate': 9.54354159922305e-05, 'epoch': 0.52}
{'loss': 2.1142, 'grad_norm': 0.21083277463912964, 'learning_rate': 9.537067011977987e-05, 'epoch': 0.52}
{'loss': 2.2962, 'grad_norm': 0.23243190348148346, 'learning_rate': 9.530592424732923e-05, 'epoch': 0.52}
{'loss': 2.1082, 'grad_norm': 0.23052912950515747, 'learning_rate': 9.524117837487861e-05, 'epoch': 0.52}
{'loss': 2.0152, 'grad_norm': 0.23474599421024323, 'learning_rate': 9.517643250242797e-05, 'epoch': 0.53}
{'loss': 1.9858, 'grad_norm': 0.2301945686340332, 'learning_rate': 9.511168662997735e-05, 'epoch': 0.53}
{'loss': 1.8747, 'grad_norm': 0.21439844369888306, 'learning_rate': 9.504694075752671e-05, 'epoch': 0.53}
{'loss': 1.8757, 'grad_norm': 0.21113097667694092, 'learning_rate': 9.498219488507609e-05, 'epoch': 0.53}
{'loss': 1.9352, 'grad_norm': 0.2152661383152008, 'learning_rate': 9.491744901262545e-05, 'epoch': 0.53}
{'loss': 1.9592, 'grad_norm': 0.21807484328746796, 'learning_rate': 9.485270314017482e-05, 'epoch': 0.53}
{'loss': 1.9599, 'grad_norm': 0.21192561089992523, 'learning_rate': 9.47879572677242e-05, 'epoch': 0.53}
{'loss': 2.0933, 'grad_norm': 0.22775498032569885, 'learning_rate': 9.472321139527355e-05, 'epoch': 0.53}
{'loss': 1.8431, 'grad_norm': 0.21630042791366577, 'learning_rate': 9.465846552282293e-05, 'epoch': 0.53}
{'loss': 1.6205, 'grad_norm': 0.19256044924259186, 'learning_rate': 9.459371965037229e-05, 'epoch': 0.53}
{'loss': 1.8352, 'grad_norm': 0.20728906989097595, 'learning_rate': 9.452897377792166e-05, 'epoch': 0.53}
{'loss': 2.0059, 'grad_norm': 0.22544077038764954, 'learning_rate': 9.446422790547102e-05, 'epoch': 0.53}
{'loss': 2.1307, 'grad_norm': 0.21477515995502472, 'learning_rate': 9.439948203302041e-05, 'epoch': 0.53}
{'loss': 1.9073, 'grad_norm': 0.1968134194612503, 'learning_rate': 9.433473616056977e-05, 'epoch': 0.53}
{'loss': 1.742, 'grad_norm': 0.216761976480484, 'learning_rate': 9.426999028811914e-05, 'epoch': 0.53}
{'loss': 2.1007, 'grad_norm': 0.22662515938282013, 'learning_rate': 9.42052444156685e-05, 'epoch': 0.53}
{'loss': 1.7624, 'grad_norm': 0.20690187811851501, 'learning_rate': 9.414049854321787e-05, 'epoch': 0.53}
{'loss': 1.9628, 'grad_norm': 0.2338385432958603, 'learning_rate': 9.407575267076725e-05, 'epoch': 0.53}
{'loss': 1.7942, 'grad_norm': 0.2354004979133606, 'learning_rate': 9.401100679831661e-05, 'epoch': 0.53}
{'loss': 1.9668, 'grad_norm': 0.22331765294075012, 'learning_rate': 9.394626092586598e-05, 'epoch': 0.53}
{'loss': 2.0943, 'grad_norm': 0.2289072424173355, 'learning_rate': 9.388151505341534e-05, 'epoch': 0.53}
{'loss': 2.0385, 'grad_norm': 0.22834764420986176, 'learning_rate': 9.381676918096471e-05, 'epoch': 0.53}
{'loss': 1.9351, 'grad_norm': 0.2271997630596161, 'learning_rate': 9.375202330851409e-05, 'epoch': 0.53}
{'loss': 1.8925, 'grad_norm': 0.19995369017124176, 'learning_rate': 9.368727743606346e-05, 'epoch': 0.53}
{'loss': 2.0062, 'grad_norm': 0.21211503446102142, 'learning_rate': 9.362253156361282e-05, 'epoch': 0.53}
{'loss': 2.0694, 'grad_norm': 0.23139236867427826, 'learning_rate': 9.35577856911622e-05, 'epoch': 0.53}
{'loss': 1.6123, 'grad_norm': 0.1970055252313614, 'learning_rate': 9.349303981871155e-05, 'epoch': 0.53}
{'loss': 1.9171, 'grad_norm': 0.2067558914422989, 'learning_rate': 9.342829394626093e-05, 'epoch': 0.53}
{'loss': 2.0006, 'grad_norm': 0.237136572599411, 'learning_rate': 9.33635480738103e-05, 'epoch': 0.53}
{'loss': 2.0349, 'grad_norm': 0.25063052773475647, 'learning_rate': 9.329880220135967e-05, 'epoch': 0.53}
{'loss': 2.1173, 'grad_norm': 0.2239617556333542, 'learning_rate': 9.323405632890903e-05, 'epoch': 0.53}
{'loss': 1.9325, 'grad_norm': 0.2131984829902649, 'learning_rate': 9.316931045645841e-05, 'epoch': 0.54}
{'loss': 1.9945, 'grad_norm': 0.22248636186122894, 'learning_rate': 9.310456458400777e-05, 'epoch': 0.54}
{'loss': 1.6049, 'grad_norm': 0.2153502255678177, 'learning_rate': 9.303981871155714e-05, 'epoch': 0.54}
{'loss': 1.9891, 'grad_norm': 0.25349336862564087, 'learning_rate': 9.297507283910651e-05, 'epoch': 0.54}
{'loss': 2.0501, 'grad_norm': 0.22459548711776733, 'learning_rate': 9.291032696665587e-05, 'epoch': 0.54}
{'loss': 1.8989, 'grad_norm': 0.21595346927642822, 'learning_rate': 9.284558109420525e-05, 'epoch': 0.54}
{'loss': 1.7673, 'grad_norm': 0.21673020720481873, 'learning_rate': 9.278083522175461e-05, 'epoch': 0.54}
{'loss': 1.923, 'grad_norm': 0.21659928560256958, 'learning_rate': 9.2716089349304e-05, 'epoch': 0.54}
{'loss': 1.9015, 'grad_norm': 0.2591438591480255, 'learning_rate': 9.265134347685336e-05, 'epoch': 0.54}
{'loss': 1.8401, 'grad_norm': 0.20433680713176727, 'learning_rate': 9.258659760440273e-05, 'epoch': 0.54}
{'loss': 1.9444, 'grad_norm': 0.231432244181633, 'learning_rate': 9.252185173195209e-05, 'epoch': 0.54}
{'loss': 2.0346, 'grad_norm': 0.22997808456420898, 'learning_rate': 9.245710585950146e-05, 'epoch': 0.54}
{'loss': 2.0293, 'grad_norm': 0.22118598222732544, 'learning_rate': 9.239235998705082e-05, 'epoch': 0.54}
{'loss': 1.982, 'grad_norm': 0.2242761254310608, 'learning_rate': 9.232761411460021e-05, 'epoch': 0.54}
{'loss': 1.9228, 'grad_norm': 0.22796358168125153, 'learning_rate': 9.226286824214957e-05, 'epoch': 0.54}
{'loss': 1.8964, 'grad_norm': 0.2315572202205658, 'learning_rate': 9.219812236969894e-05, 'epoch': 0.54}
{'loss': 1.9917, 'grad_norm': 0.2114114761352539, 'learning_rate': 9.21333764972483e-05, 'epoch': 0.54}
{'loss': 1.7273, 'grad_norm': 0.23017974197864532, 'learning_rate': 9.206863062479768e-05, 'epoch': 0.54}
{'loss': 2.0242, 'grad_norm': 0.2056780308485031, 'learning_rate': 9.200388475234705e-05, 'epoch': 0.54}
{'loss': 1.9374, 'grad_norm': 0.20662008225917816, 'learning_rate': 9.193913887989641e-05, 'epoch': 0.54}
{'loss': 2.2167, 'grad_norm': 0.23730088770389557, 'learning_rate': 9.187439300744578e-05, 'epoch': 0.54}
{'loss': 2.0264, 'grad_norm': 0.19496755301952362, 'learning_rate': 9.180964713499514e-05, 'epoch': 0.54}
{'loss': 1.9743, 'grad_norm': 0.22999261319637299, 'learning_rate': 9.174490126254452e-05, 'epoch': 0.54}
{'loss': 1.9749, 'grad_norm': 0.225663423538208, 'learning_rate': 9.168015539009389e-05, 'epoch': 0.54}
{'loss': 2.1044, 'grad_norm': 0.21859480440616608, 'learning_rate': 9.161540951764326e-05, 'epoch': 0.54}
{'loss': 2.038, 'grad_norm': 0.2331676185131073, 'learning_rate': 9.155066364519262e-05, 'epoch': 0.54}
{'loss': 1.8113, 'grad_norm': 0.21500690281391144, 'learning_rate': 9.1485917772742e-05, 'epoch': 0.54}
{'loss': 2.0423, 'grad_norm': 0.21806366741657257, 'learning_rate': 9.142117190029136e-05, 'epoch': 0.54}
{'loss': 1.9848, 'grad_norm': 0.19131392240524292, 'learning_rate': 9.135642602784073e-05, 'epoch': 0.54}
{'loss': 2.0119, 'grad_norm': 0.24233879148960114, 'learning_rate': 9.12916801553901e-05, 'epoch': 0.54}
{'loss': 2.1239, 'grad_norm': 0.256196528673172, 'learning_rate': 9.122693428293948e-05, 'epoch': 0.54}
{'loss': 1.8867, 'grad_norm': 0.22320298850536346, 'learning_rate': 9.116218841048884e-05, 'epoch': 0.55}
{'loss': 1.8068, 'grad_norm': 0.22259443998336792, 'learning_rate': 9.10974425380382e-05, 'epoch': 0.55}
{'loss': 2.0129, 'grad_norm': 0.23119820654392242, 'learning_rate': 9.103269666558757e-05, 'epoch': 0.55}
{'loss': 1.7987, 'grad_norm': 0.1796262115240097, 'learning_rate': 9.096795079313694e-05, 'epoch': 0.55}
{'loss': 2.084, 'grad_norm': 0.2175118327140808, 'learning_rate': 9.090320492068632e-05, 'epoch': 0.55}
{'loss': 2.0573, 'grad_norm': 0.23287104070186615, 'learning_rate': 9.083845904823568e-05, 'epoch': 0.55}
{'loss': 1.9318, 'grad_norm': 0.202820286154747, 'learning_rate': 9.077371317578505e-05, 'epoch': 0.55}
{'loss': 2.1948, 'grad_norm': 0.23922157287597656, 'learning_rate': 9.070896730333441e-05, 'epoch': 0.55}
{'loss': 2.036, 'grad_norm': 0.23634794354438782, 'learning_rate': 9.064422143088378e-05, 'epoch': 0.55}
{'loss': 2.2287, 'grad_norm': 0.22863030433654785, 'learning_rate': 9.057947555843316e-05, 'epoch': 0.55}
{'loss': 2.0961, 'grad_norm': 0.22515574097633362, 'learning_rate': 9.051472968598253e-05, 'epoch': 0.55} 55%|█████▍    | 1697/3094 [1:24:12<1:06:35,  2.86s/it] 55%|█████▍    | 1698/3094 [1:24:15<1:10:57,  3.05s/it]                                                        55%|█████▍    | 1698/3094 [1:24:15<1:10:57,  3.05s/it] 55%|█████▍    | 1699/3094 [1:24:18<1:09:39,  3.00s/it]                                                        55%|█████▍    | 1699/3094 [1:24:18<1:09:39,  3.00s/it] 55%|█████▍    | 1700/3094 [1:24:21<1:11:49,  3.09s/it]                                                        55%|█████▍    | 1700/3094 [1:24:21<1:11:49,  3.09s/it] 55%|█████▍    | 1701/3094 [1:24:24<1:11:57,  3.10s/it]                                                        55%|█████▍    | 1701/3094 [1:24:24<1:11:57,  3.10s/it] 55%|█████▌    | 1702/3094 [1:24:27<1:10:34,  3.04s/it]                                                        55%|█████▌    | 1702/3094 [1:24:27<1:10:34,  3.04s/it] 55%|█████▌    | 1703/3094 [1:24:30<1:09:56,  3.02s/it]                                                        55%|█████▌    | 1703/3094 [1:24:30<1:09:56,  3.02s/it] 55%|█████▌    | 1704/3094 [1:24:33<1:09:25,  3.00s/it]                                                        55%|█████▌    | 1704/3094 [1:24:33<1:09:25,  3.00s/it] 55%|█████▌    | 1705/3094 [1:24:37<1:11:05,  3.07s/it]                                                        55%|█████▌    | 1705/3094 [1:24:37<1:11:05,  3.07s/it] 55%|█████▌    | 1706/3094 [1:24:40<1:12:51,  3.15s/it]                                                        55%|█████▌    | 1706/3094 [1:24:40<1:12:51,  3.15s/it] 55%|█████▌    | 1707/3094 [1:24:43<1:12:13,  3.12s/it]                                                        55%|█████▌    | 1707/3094 [1:24:43<1:12:13,  3.12s/it] 55%|█████▌    | 1708/3094 [1:24:46<1:11:25,  3.09s/it]                                                        55%|█████▌    | 1708/3094 [1:24:46<1:11:25,  3.09s/it] 55%|█████▌    | 1709/3094 [1:24:49<1:07:53,  2.94s/it]                                                        55%|█████▌    | 1709/3094 [1:24:49<1:07:53,  2.94s/it] 55%|█████▌    | 1710/3094 [1:24:51<1:07:17,  2.92s/it]                                                        55%|█████▌    | 1710/3094 [1:24:51<1:07:17,  2.92s/it] 55%|█████▌    | 1711/3094 [1:24:54<1:06:42,  2.89s/it]                                                        55%|█████▌    | 1711/3094 [1:24:54<1:06:42,  2.89s/it] 55%|█████▌    | 1712/3094 [1:24:57<1:08:30,  2.97s/it]                                                        55%|█████▌    | 1712/3094 [1:24:57<1:08:30,  2.97s/it] 55%|█████▌    | 1713/3094 [1:25:00<1:09:06,  3.00s/it]                                                        55%|█████▌    | 1713/3094 [1:25:00<1:09:06,  3.00s/it] 55%|█████▌    | 1714/3094 [1:25:03<1:08:07,  2.96s/it]                                                        55%|█████▌    | 1714/3094 [1:25:03<1:08:07,  2.96s/it] 55%|█████▌    | 1715/3094 [1:25:06<1:09:00,  3.00s/it]                                                        55%|█████▌    | 1715/3094 [1:25:06<1:09:00,  3.00s/it] 55%|█████▌    | 1716/3094 [1:25:09<1:06:10,  2.88s/it]                                                        55%|█████▌    | 1716/3094 [1:25:09<1:06:10,  2.88s/it] 55%|█████▌    | 1717/3094 [1:25:12<1:06:07,  2.88s/it]                                                        55%|█████▌    | 1717/3094 [1:25:12<1:06:07,  2.88s/it] 56%|█████▌    | 1718/3094 [1:25:14<1:04:05,  2.79s/it]                                                        56%|█████▌    | 1718/3094 [1:25:14<1:04:05,  2.79s/it] 56%|█████▌    | 1719/3094 [1:25:17<1:03:48,  2.78s/it]                                                        56%|█████▌    | 1719/3094 [1:25:17<1:03:48,  2.78s/it] 56%|█████▌    | 1720/3094 [1:25:20<1:06:35,  2.91s/it]                                                        56%|█████▌    | 1720/3094 [1:25:20<1:06:35,  2.91s/it] 56%|█████▌    | 1721/3094 [1:25:24<1:07:53,  2.97s/it]                                                        56%|█████▌    | 1721/3094 [1:25:24<1:07:53,  2.97s/it] 56%|█████▌    | 1722/3094 [1:25:27<1:09:11,  3.03s/it]                                                        56%|█████▌    | 1722/3094 [1:25:27<1:09:11,  3.03s/it] 56%|█████▌    | 1723/3094 [1:25:29<1:05:29,  2.87s/it]                                                        56%|█████▌    | 1723/3094 [1:25:29<1:05:29,  2.87s/it] 56%|█████▌    | 1724/3094 [1:25:33<1:09:36,  3.05s/it]                                                        56%|█████▌    | 1724/3094 [1:25:33<1:09:36,  3.05s/it] 56%|█████▌    | 1725/3094 [1:25:35<1:07:29,  2.96s/it]                                                        56%|█████▌    | 1725/3094 [1:25:35<1:07:29,  2.96s/it] 56%|█████▌    | 1726/3094 [1:25:39<1:09:11,  3.03s/it]                                                        56%|█████▌    | 1726/3094 [1:25:39<1:09:11,  3.03s/it] 56%|█████▌    | 1727/3094 [1:25:41<1:05:17,  2.87s/it]                                                        56%|█████▌    | 1727/3094 [1:25:41<1:05:17,  2.87s/it] 56%|█████▌    | 1728/3094 [1:25:44<1:05:14,  2.87s/it]                                                        56%|█████▌    | 1728/3094 [1:25:44<1:05:14,  2.87s/it] 56%|█████▌    | 1729/3094 [1:25:47<1:04:59,  2.86s/it]                                                        56%|█████▌    | 1729/3094 [1:25:47<1:04:59,  2.86s/it] 56%|█████▌    | 1730/3094 [1:25:49<1:01:58,  2.73s/it]                                                        56%|█████▌    | 1730/3094 [1:25:49<1:01:58,  2.73s/it] 56%|█████▌    | 1731/3094 [1:25:52<1:02:56,  2.77s/it]                                                        56%|█████▌    | 1731/3094 [1:25:52<1:02:56,  2.77s/it] 56%|█████▌    | 1732/3094 [1:25:55<1:04:44,  2.85s/it]                                                        56%|█████▌    | 1732/3094 [1:25:55<1:04:44,  2.85s/it] 56%|█████▌    | 1733/3094 [1:25:58<1:03:10,  2.79s/it]                                                        56%|█████▌    | 1733/3094 [1:25:58<1:03:10,  2.79s/it] 56%|█████▌    | 1734/3094 [1:26:01<1:04:01,  2.82s/it]                                                        56%|█████▌    | 1734/3094 [1:26:01<1:04:01,  2.82s/it] 56%|█████▌    | 1735/3094 [1:26:04<1:04:12,  2.83s/it]                                                        56%|█████▌    | 1735/3094 [1:26:04<1:04:12,  2.83s/it] 56%|█████▌    | 1736/3094 [1:26:07<1:10:03,  3.10s/it]                                                        56%|█████▌    | 1736/3094 [1:26:07<1:10:03,  3.10s/it] 56%|█████▌    | 1737/3094 [1:26:10<1:06:47,  2.95s/it]                                                        56%|█████▌    | 1737/3094 [1:26:10<1:06:47,  2.95s/it] 56%|█████▌    | 1738/3094 [1:26:13<1:05:07,  2.88s/it]                                                        56%|█████▌    | 1738/3094 [1:26:13<1:05:07,  2.88s/it] 56%|█████▌    | 1739/3094 [1:26:16<1:06:11,  2.93s/it]                                                        56%|█████▌    | 1739/3094 [1:26:16<1:06:11,  2.93s/it] 56%|█████▌    | 1740/3094 [1:26:19<1:08:57,  3.06s/it]                                                        56%|█████▌    | 1740/3094 [1:26:19<1:08:57,  3.06s/it] 56%|█████▋    | 1741/3094 [1:26:22<1:10:04,  3.11s/it]                                                        56%|█████▋    | 1741/3094 [1:26:22<1:10:04,  3.11s/it] 56%|█████▋    | 1742/3094 [1:26:25<1:07:25,  2.99s/it]                                                        56%|█████▋    | 1742/3094 [1:26:25<1:07:25,  2.99s/it] 56%|█████▋    | 1743/3094 [1:26:28<1:09:24,  3.08s/it]                                                        56%|█████▋    | 1743/3094 [1:26:28<1:09:24,  3.08s/it] 56%|█████▋    | 1744/3094 [1:26:31<1:09:44,  3.10s/it]                                                        56%|█████▋    | 1744/3094 [1:26:31<1:09:44,  3.10s/it] 56%|█████▋    | 1745/3094 [1:26:34<1:08:55,  3.07s/it]                                                        56%|█████▋    | 1745/3094 [1:26:34<1:08:55,  3.07s/it] 56%|█████▋    | 1746/3094 [1:26:37<1:06:28,  2.96s/it]                                                        56%|█████▋    | 1746/3094 [1:26:37<1:06:28,  2.96s/it] 56%|█████▋    | 1747/3094 [1:26:40<1:05:28,  2.92s/it]                                                        56%|█████▋    | 1747/3094 [1:26:40<1:05:28,  2.92s/it] 56%|█████▋    | 1748/3094 [1:26:43<1:04:48,  2.89s/it]                                                        56%|█████▋    | 1748/3094 [1:26:43<1:04:48,  2.89s/it] 57%|█████▋    | 1749/3094 [1:26:46<1:06:53,  2.98s/it]                                                        57%|█████▋    | 1749/3094 [1:26:46<1:06:53,  2.98s/it] 57%|█████▋    | 1750/3094 [1:26:49<1:10:07,  3.13s/it]                                                        57%|█████▋    | 1750/3094 [1:26:49<1:10:07,  3.13s/it] 57%|█████▋    | 1751/3094 [1:26:52<1:08:11,  3.05s/it]                                                        57%|█████▋    | 1751/3094 [1:26:52<1:08:11,  3.05s/it] 57%|█████▋    | 1752/3094 [1:26:55<1:05:41,  2.94s/it]                                                        57%|█████▋    | 1752/3094 [1:26:55<1:05:41,  2.94s/it] 57%|█████▋    | 1753/3094 [1:26:58<1:03:52,  2.86s/it]                                                        57%|█████▋    | 1753/3094 [1:26:58<1:03:52,  2.86s/it] 57%|█████▋    | 1754/3094 [1:27:00<1:04:02,  2.87s/it]                                                        57%|█████▋    | 1754/3094 [1:27:00<1:04:02,  2.87s/it] 57%|█████▋    | 1755/3094 [1:27:03<1:03:12,  2.83s/it]                                                        57%|█████▋    | 1755/3094 [1:27:03<1:03:12,  2.83s/it] 57%|█████▋    | 1756/3094 [1:27:06<1:03:41,  2.86s/it]                                                        57%|█████▋    | 1756/3094 [1:27:06<1:03:41,  2.86s/it] 57%|█████▋    | 1757/3094 [1:27:09<1:05:20,  2.93s/it]                                                        57%|█████▋    | 1757/3094 [1:27:09<1:05:20,  2.93s/it] 57%|█████▋    | 1758/3094 [1:27:12<1:04:40,  2.90s/it]                                                        57%|█████▋    | 1758/3094 [1:27:12<1:04:40,  2.90s/it] 57%|█████▋    | 1759/3094 [1:27:15<1:04:35,  2.90s/it]                                                        57%|█████▋    | 1759/3094 [1:27:15<1:04:35,  2.90s/it] 57%|█████▋    | 1760/3094 [1:27:18<1:05:04,  2.93s/it]                                                        57%|█████▋    | 1760/3094 [1:27:18<1:05:04,  2.93s/it] 57%|█████▋    | 1761/3094 [1:27:21<1:04:08,  2.89s/it]                                                        57%|█████▋    | 1761/3094 [1:27:21<1:04:08,  2.89s/it] 57%|█████▋    | 1762/3094 [1:27:23<1:01:52,  2.79s/it]                                                        57%|█████▋    | 1762/3094 [1:27:23<1:01:52,  2.79s/it] 57%|█████▋    | 1763/3094 [1:27:26<1:02:31,  2.82s/it]                                                        57%|█████▋    | 1763/3094 [1:27:26<1:02:31,  2.82s/it] 57%|█████▋    | 1764/3094 [1:27:29<1:00:18,  2.72s/it]                                                        57%|█████▋    | 1764/3094 [1:27:29<1:00:18,  2.72s/it] 57%|█████▋    | 1765/3094 [1:27:31<1:00:33,  2.73s/it]                                                        57%|█████▋    | 1765/3094 [1:27:31<1:00:33,  2.73s/it] 57%|█████▋    | 1766/3094 [1:27:35<1:04:47,  2.93s/it]                                                        57%|█████▋    | 1766/3094 [1:27:35<1:04:47,  2.93s/it] 57%|█████▋    | 1767/3094 [1:27:38<1:03:59,  2.89s/it]                                                        57%|█████▋    | 1767/3094 [1:27:38<1:03:59,  2.89s/it] 57%|█████▋    | 1768/3094 [1:27:40<1:03:13,  2.86s/it]                                                        57%|█████▋    | 1768/3094 [1:27:40<1:03:13,  2.86s/it] 57%|█████▋    | 1769/3094 [1:27:43<1:01:43,  2.79s/it]                                                        57%|█████▋    | 1769/3094 [1:27:43<1:01:43,  2.79s/it] 57%|█████▋    | 1770/3094 [1:27:46<1:03:45,  2.89s/it]                                                        57%|█████▋    | 1770/3094 [1:27:46<1:03:45,  2.89s/it] 57%|█████▋    | 1771/3094 [1:27:49<1:02:23,  2.83s/it]                                                        57%|█████▋    | 1771/3094 [1:27:49<1:02:23,  2.83s/it] 57%|█████▋    | 1772/3094 [1:27:52<1:00:57,  2.77s/it]                                                        57%|█████▋    | 1772/3094 [1:27:52<1:00:57,  2.77s/it] 57%|█████▋    | 1773/3094 [1:27:54<1:00:49,  2.76s/it]                                                        57%|█████▋    | 1773/3094 [1:27:54<1:00:49,  2.76s/it] 57%|█████▋    | 1774/3094 [1:27:57<1:03:26,  2.88s/it]                                                       
{'loss': 1.8792, 'grad_norm': 0.19558647274971008, 'learning_rate': 9.044998381353189e-05, 'epoch': 0.55}
{'loss': 1.8921, 'grad_norm': 0.22905880212783813, 'learning_rate': 9.038523794108126e-05, 'epoch': 0.55}
{'loss': 1.62, 'grad_norm': 0.2212330549955368, 'learning_rate': 9.032049206863062e-05, 'epoch': 0.55}
{'loss': 1.902, 'grad_norm': 0.19405147433280945, 'learning_rate': 9.025574619618e-05, 'epoch': 0.55}
{'loss': 1.903, 'grad_norm': 0.21100597083568573, 'learning_rate': 9.019100032372937e-05, 'epoch': 0.55}
{'loss': 1.9267, 'grad_norm': 0.2056097388267517, 'learning_rate': 9.012625445127873e-05, 'epoch': 0.55}
{'loss': 1.9574, 'grad_norm': 0.2297716736793518, 'learning_rate': 9.00615085788281e-05, 'epoch': 0.55}
{'loss': 1.9233, 'grad_norm': 0.2140665203332901, 'learning_rate': 8.999676270637746e-05, 'epoch': 0.55}
{'loss': 1.7701, 'grad_norm': 0.2160843014717102, 'learning_rate': 8.993201683392685e-05, 'epoch': 0.55}
{'loss': 1.8191, 'grad_norm': 0.22835351526737213, 'learning_rate': 8.986727096147621e-05, 'epoch': 0.55}
{'loss': 1.8061, 'grad_norm': 0.20152650773525238, 'learning_rate': 8.980252508902558e-05, 'epoch': 0.55}
{'loss': 2.1592, 'grad_norm': 0.22573240101337433, 'learning_rate': 8.973777921657494e-05, 'epoch': 0.55}
{'loss': 2.0644, 'grad_norm': 0.21518880128860474, 'learning_rate': 8.967303334412432e-05, 'epoch': 0.55}
{'loss': 1.9731, 'grad_norm': 0.24510657787322998, 'learning_rate': 8.960828747167368e-05, 'epoch': 0.55}
{'loss': 2.0008, 'grad_norm': 0.2264830321073532, 'learning_rate': 8.954354159922306e-05, 'epoch': 0.55}
{'loss': 1.9503, 'grad_norm': 0.21085721254348755, 'learning_rate': 8.947879572677242e-05, 'epoch': 0.55}
{'loss': 2.0302, 'grad_norm': 0.21391765773296356, 'learning_rate': 8.94140498543218e-05, 'epoch': 0.55}
{'loss': 1.9132, 'grad_norm': 0.22476069629192352, 'learning_rate': 8.934930398187116e-05, 'epoch': 0.55}
{'loss': 2.1894, 'grad_norm': 0.23076292872428894, 'learning_rate': 8.928455810942053e-05, 'epoch': 0.55}
{'loss': 1.8078, 'grad_norm': 0.20658089220523834, 'learning_rate': 8.92198122369699e-05, 'epoch': 0.55}
{'loss': 1.837, 'grad_norm': 0.21592049300670624, 'learning_rate': 8.915506636451926e-05, 'epoch': 0.56}
{'loss': 1.8818, 'grad_norm': 0.2112896740436554, 'learning_rate': 8.909032049206864e-05, 'epoch': 0.56}
{'loss': 2.1194, 'grad_norm': 0.21283619105815887, 'learning_rate': 8.9025574619618e-05, 'epoch': 0.56}
{'loss': 1.9911, 'grad_norm': 0.2117619514465332, 'learning_rate': 8.896082874716737e-05, 'epoch': 0.56}
{'loss': 1.9533, 'grad_norm': 0.27090850472450256, 'learning_rate': 8.889608287471674e-05, 'epoch': 0.56}
{'loss': 1.9397, 'grad_norm': 0.21563299000263214, 'learning_rate': 8.883133700226612e-05, 'epoch': 0.56}
{'loss': 1.8137, 'grad_norm': 0.21058057248592377, 'learning_rate': 8.876659112981548e-05, 'epoch': 0.56}
{'loss': 1.7772, 'grad_norm': 0.22076290845870972, 'learning_rate': 8.870184525736485e-05, 'epoch': 0.56}
{'loss': 2.0191, 'grad_norm': 0.2076345980167389, 'learning_rate': 8.863709938491421e-05, 'epoch': 0.56}
{'loss': 1.9396, 'grad_norm': 0.23396676778793335, 'learning_rate': 8.857235351246358e-05, 'epoch': 0.56}
{'loss': 1.941, 'grad_norm': 0.21184735000133514, 'learning_rate': 8.850760764001296e-05, 'epoch': 0.56}
{'loss': 2.1091, 'grad_norm': 0.21515992283821106, 'learning_rate': 8.844286176756233e-05, 'epoch': 0.56}
{'loss': 2.0743, 'grad_norm': 0.23247064650058746, 'learning_rate': 8.837811589511169e-05, 'epoch': 0.56}
{'loss': 1.8751, 'grad_norm': 0.21495462954044342, 'learning_rate': 8.831337002266106e-05, 'epoch': 0.56}
{'loss': 1.9641, 'grad_norm': 0.2274809181690216, 'learning_rate': 8.824862415021042e-05, 'epoch': 0.56}
{'loss': 2.0717, 'grad_norm': 0.22112321853637695, 'learning_rate': 8.81838782777598e-05, 'epoch': 0.56}
{'loss': 2.0085, 'grad_norm': 0.22391530871391296, 'learning_rate': 8.811913240530917e-05, 'epoch': 0.56}
{'loss': 2.0121, 'grad_norm': 0.24846558272838593, 'learning_rate': 8.805438653285853e-05, 'epoch': 0.56}
{'loss': 1.8988, 'grad_norm': 0.19413110613822937, 'learning_rate': 8.79896406604079e-05, 'epoch': 0.56}
{'loss': 1.9689, 'grad_norm': 0.24556206166744232, 'learning_rate': 8.792489478795726e-05, 'epoch': 0.56}
{'loss': 1.9648, 'grad_norm': 0.23751722276210785, 'learning_rate': 8.786014891550665e-05, 'epoch': 0.56}
{'loss': 1.9101, 'grad_norm': 0.215870201587677, 'learning_rate': 8.779540304305601e-05, 'epoch': 0.56}
{'loss': 1.718, 'grad_norm': 0.20623023808002472, 'learning_rate': 8.773065717060538e-05, 'epoch': 0.56}
{'loss': 2.192, 'grad_norm': 0.20853033661842346, 'learning_rate': 8.766591129815474e-05, 'epoch': 0.56}
{'loss': 2.1198, 'grad_norm': 0.24998316168785095, 'learning_rate': 8.760116542570412e-05, 'epoch': 0.56}
{'loss': 1.9535, 'grad_norm': 0.2371920794248581, 'learning_rate': 8.753641955325348e-05, 'epoch': 0.56}
{'loss': 1.9102, 'grad_norm': 0.2056780308485031, 'learning_rate': 8.747167368080285e-05, 'epoch': 0.56}
{'loss': 1.5469, 'grad_norm': 0.19484290480613708, 'learning_rate': 8.740692780835222e-05, 'epoch': 0.56}
{'loss': 2.0648, 'grad_norm': 0.2276298701763153, 'learning_rate': 8.734218193590158e-05, 'epoch': 0.56}
{'loss': 2.1284, 'grad_norm': 0.22059178352355957, 'learning_rate': 8.727743606345096e-05, 'epoch': 0.56}
{'loss': 1.9014, 'grad_norm': 0.21960380673408508, 'learning_rate': 8.721269019100032e-05, 'epoch': 0.57}
{'loss': 1.9844, 'grad_norm': 0.21337632834911346, 'learning_rate': 8.71479443185497e-05, 'epoch': 0.57}
{'loss': 1.9508, 'grad_norm': 0.21451665461063385, 'learning_rate': 8.708319844609906e-05, 'epoch': 0.57}
{'loss': 2.0897, 'grad_norm': 0.22626268863677979, 'learning_rate': 8.701845257364844e-05, 'epoch': 0.57}
{'loss': 1.9762, 'grad_norm': 0.21428808569908142, 'learning_rate': 8.69537067011978e-05, 'epoch': 0.57}
{'loss': 1.8912, 'grad_norm': 0.2220263034105301, 'learning_rate': 8.688896082874717e-05, 'epoch': 0.57}
{'loss': 2.0, 'grad_norm': 0.22973698377609253, 'learning_rate': 8.682421495629654e-05, 'epoch': 0.57}
{'loss': 2.0963, 'grad_norm': 0.23275232315063477, 'learning_rate': 8.675946908384592e-05, 'epoch': 0.57}
{'loss': 1.8671, 'grad_norm': 0.21420760452747345, 'learning_rate': 8.669472321139528e-05, 'epoch': 0.57}
{'loss': 1.9145, 'grad_norm': 0.21685504913330078, 'learning_rate': 8.662997733894465e-05, 'epoch': 0.57}
{'loss': 2.0329, 'grad_norm': 0.22376680374145508, 'learning_rate': 8.656523146649401e-05, 'epoch': 0.57}
{'loss': 1.7885, 'grad_norm': 0.2051314413547516, 'learning_rate': 8.650048559404338e-05, 'epoch': 0.57}
{'loss': 1.8923, 'grad_norm': 0.20674850046634674, 'learning_rate': 8.643573972159276e-05, 'epoch': 0.57}
{'loss': 1.9619, 'grad_norm': 0.21842274069786072, 'learning_rate': 8.637099384914212e-05, 'epoch': 0.57}
{'loss': 1.9007, 'grad_norm': 0.21939913928508759, 'learning_rate': 8.630624797669149e-05, 'epoch': 0.57}
{'loss': 2.0726, 'grad_norm': 0.21566316485404968, 'learning_rate': 8.624150210424085e-05, 'epoch': 0.57}
{'loss': 2.0979, 'grad_norm': 0.2250816822052002, 'learning_rate': 8.617675623179022e-05, 'epoch': 0.57}
{'loss': 1.9387, 'grad_norm': 0.22640082240104675, 'learning_rate': 8.61120103593396e-05, 'epoch': 0.57}
{'loss': 1.8974, 'grad_norm': 0.20056088268756866, 'learning_rate': 8.604726448688897e-05, 'epoch': 0.57}
{'loss': 1.8708, 'grad_norm': 0.21396996080875397, 'learning_rate': 8.598251861443833e-05, 'epoch': 0.57}
{'loss': 1.8996, 'grad_norm': 0.2180323451757431, 'learning_rate': 8.59177727419877e-05, 'epoch': 0.57}
{'loss': 2.1706, 'grad_norm': 0.22491507232189178, 'learning_rate': 8.585302686953706e-05, 'epoch': 0.57}
{'loss': 1.7184, 'grad_norm': 0.20120307803153992, 'learning_rate': 8.578828099708645e-05, 'epoch': 0.57}
{'loss': 2.0427, 'grad_norm': 0.24402712285518646, 'learning_rate': 8.572353512463581e-05, 'epoch': 0.57}
{'loss': 1.9192, 'grad_norm': 0.24127759039402008, 'learning_rate': 8.565878925218519e-05, 'epoch': 0.57}
{'loss': 2.1411, 'grad_norm': 0.22144456207752228, 'learning_rate': 8.559404337973455e-05, 'epoch': 0.57}
{'loss': 1.9521, 'grad_norm': 0.2117052972316742, 'learning_rate': 8.552929750728392e-05, 'epoch': 0.57} 57%|█████▋    | 1774/3094 [1:27:57<1:03:26,  2.88s/it] 57%|█████▋    | 1775/3094 [1:28:00<1:02:42,  2.85s/it]                                                        57%|█████▋    | 1775/3094 [1:28:00<1:02:42,  2.85s/it] 57%|█████▋    | 1776/3094 [1:28:03<1:00:38,  2.76s/it]                                                        57%|█████▋    | 1776/3094 [1:28:03<1:00:38,  2.76s/it] 57%|█████▋    | 1777/3094 [1:28:05<1:00:18,  2.75s/it]                                                        57%|█████▋    | 1777/3094 [1:28:05<1:00:18,  2.75s/it] 57%|█████▋    | 1778/3094 [1:28:08<59:35,  2.72s/it]                                                        57%|█████▋    | 1778/3094 [1:28:08<59:35,  2.72s/it] 57%|█████▋    | 1779/3094 [1:28:11<1:00:44,  2.77s/it]                                                        57%|█████▋    | 1779/3094 [1:28:11<1:00:44,  2.77s/it] 58%|█████▊    | 1780/3094 [1:28:14<1:01:41,  2.82s/it]                                                        58%|█████▊    | 1780/3094 [1:28:14<1:01:41,  2.82s/it] 58%|█████▊    | 1781/3094 [1:28:17<1:05:07,  2.98s/it]                                                        58%|█████▊    | 1781/3094 [1:28:17<1:05:07,  2.98s/it] 58%|█████▊    | 1782/3094 [1:28:20<1:05:52,  3.01s/it]                                                        58%|█████▊    | 1782/3094 [1:28:20<1:05:52,  3.01s/it] 58%|█████▊    | 1783/3094 [1:28:23<1:05:13,  2.98s/it]                                                        58%|█████▊    | 1783/3094 [1:28:23<1:05:13,  2.98s/it] 58%|█████▊    | 1784/3094 [1:28:26<1:03:02,  2.89s/it]                                                        58%|█████▊    | 1784/3094 [1:28:26<1:03:02,  2.89s/it] 58%|█████▊    | 1785/3094 [1:28:29<1:06:09,  3.03s/it]                                                        58%|█████▊    | 1785/3094 [1:28:29<1:06:09,  3.03s/it] 58%|█████▊    | 1786/3094 [1:28:32<1:03:59,  2.94s/it]                                                        58%|█████▊    | 1786/3094 [1:28:32<1:03:59,  2.94s/it] 58%|█████▊    | 1787/3094 [1:28:35<1:03:34,  2.92s/it]                                                        58%|█████▊    | 1787/3094 [1:28:35<1:03:34,  2.92s/it] 58%|█████▊    | 1788/3094 [1:28:38<1:03:55,  2.94s/it]                                                        58%|█████▊    | 1788/3094 [1:28:38<1:03:55,  2.94s/it] 58%|█████▊    | 1789/3094 [1:28:41<1:04:09,  2.95s/it]                                                        58%|█████▊    | 1789/3094 [1:28:41<1:04:09,  2.95s/it] 58%|█████▊    | 1790/3094 [1:28:44<1:06:45,  3.07s/it]                                                        58%|█████▊    | 1790/3094 [1:28:44<1:06:45,  3.07s/it] 58%|█████▊    | 1791/3094 [1:28:47<1:06:32,  3.06s/it]                                                        58%|█████▊    | 1791/3094 [1:28:47<1:06:32,  3.06s/it] 58%|█████▊    | 1792/3094 [1:28:50<1:02:53,  2.90s/it]                                                        58%|█████▊    | 1792/3094 [1:28:50<1:02:53,  2.90s/it] 58%|█████▊    | 1793/3094 [1:28:53<1:03:23,  2.92s/it]                                                        58%|█████▊    | 1793/3094 [1:28:53<1:03:23,  2.92s/it] 58%|█████▊    | 1794/3094 [1:28:56<1:02:27,  2.88s/it]                                                        58%|█████▊    | 1794/3094 [1:28:56<1:02:27,  2.88s/it] 58%|█████▊    | 1795/3094 [1:28:59<1:03:49,  2.95s/it]                                                        58%|█████▊    | 1795/3094 [1:28:59<1:03:49,  2.95s/it] 58%|█████▊    | 1796/3094 [1:29:01<1:02:46,  2.90s/it]                                                        58%|█████▊    | 1796/3094 [1:29:01<1:02:46,  2.90s/it] 58%|█████▊    | 1797/3094 [1:29:05<1:04:41,  2.99s/it]                                                        58%|█████▊    | 1797/3094 [1:29:05<1:04:41,  2.99s/it] 58%|█████▊    | 1798/3094 [1:29:07<1:02:55,  2.91s/it]                                                        58%|█████▊    | 1798/3094 [1:29:07<1:02:55,  2.91s/it] 58%|█████▊    | 1799/3094 [1:29:10<1:01:21,  2.84s/it]                                                        58%|█████▊    | 1799/3094 [1:29:10<1:01:21,  2.84s/it] 58%|█████▊    | 1800/3094 [1:29:13<1:01:56,  2.87s/it]                                                        58%|█████▊    | 1800/3094 [1:29:13<1:01:56,  2.87s/it] 58%|█████▊    | 1801/3094 [1:29:15<58:30,  2.71s/it]                                                        58%|█████▊    | 1801/3094 [1:29:15<58:30,  2.71s/it] 58%|█████▊    | 1802/3094 [1:29:18<1:00:05,  2.79s/it]                                                        58%|█████▊    | 1802/3094 [1:29:18<1:00:05,  2.79s/it] 58%|█████▊    | 1803/3094 [1:29:21<58:54,  2.74s/it]                                                        58%|█████▊    | 1803/3094 [1:29:21<58:54,  2.74s/it] 58%|█████▊    | 1804/3094 [1:29:24<57:50,  2.69s/it]                                                      58%|█████▊    | 1804/3094 [1:29:24<57:50,  2.69s/it] 58%|█████▊    | 1805/3094 [1:29:27<59:56,  2.79s/it]                                                      58%|█████▊    | 1805/3094 [1:29:27<59:56,  2.79s/it] 58%|█████▊    | 1806/3094 [1:29:29<59:58,  2.79s/it]                                                      58%|█████▊    | 1806/3094 [1:29:29<59:58,  2.79s/it] 58%|█████▊    | 1807/3094 [1:29:33<1:02:28,  2.91s/it]                                                        58%|█████▊    | 1807/3094 [1:29:33<1:02:28,  2.91s/it] 58%|█████▊    | 1808/3094 [1:29:36<1:03:24,  2.96s/it]                                                        58%|█████▊    | 1808/3094 [1:29:36<1:03:24,  2.96s/it] 58%|█████▊    | 1809/3094 [1:29:39<1:05:03,  3.04s/it]                                                        58%|█████▊    | 1809/3094 [1:29:39<1:05:03,  3.04s/it] 59%|█████▊    | 1810/3094 [1:29:41<1:02:21,  2.91s/it]                                                        59%|█████▊    | 1810/3094 [1:29:41<1:02:21,  2.91s/it] 59%|█████▊    | 1811/3094 [1:29:45<1:03:52,  2.99s/it]                                                        59%|█████▊    | 1811/3094 [1:29:45<1:03:52,  2.99s/it] 59%|█████▊    | 1812/3094 [1:29:48<1:03:54,  2.99s/it]                                                        59%|█████▊    | 1812/3094 [1:29:48<1:03:54,  2.99s/it] 59%|█████▊    | 1813/3094 [1:29:50<1:02:21,  2.92s/it]                                                        59%|█████▊    | 1813/3094 [1:29:50<1:02:21,  2.92s/it] 59%|█████▊    | 1814/3094 [1:29:54<1:03:38,  2.98s/it]                                                        59%|█████▊    | 1814/3094 [1:29:54<1:03:38,  2.98s/it] 59%|█████▊    | 1815/3094 [1:29:57<1:04:12,  3.01s/it]                                                        59%|█████▊    | 1815/3094 [1:29:57<1:04:12,  3.01s/it] 59%|█████▊    | 1816/3094 [1:29:59<1:00:12,  2.83s/it]                                                        59%|█████▊    | 1816/3094 [1:29:59<1:00:12,  2.83s/it] 59%|█████▊    | 1817/3094 [1:30:02<1:02:11,  2.92s/it]                                                        59%|█████▊    | 1817/3094 [1:30:02<1:02:11,  2.92s/it] 59%|█████▉    | 1818/3094 [1:30:05<1:01:10,  2.88s/it]                                                        59%|█████▉    | 1818/3094 [1:30:05<1:01:10,  2.88s/it] 59%|█████▉    | 1819/3094 [1:30:08<59:40,  2.81s/it]                                                        59%|█████▉    | 1819/3094 [1:30:08<59:40,  2.81s/it] 59%|█████▉    | 1820/3094 [1:30:10<1:00:13,  2.84s/it]                                                        59%|█████▉    | 1820/3094 [1:30:10<1:00:13,  2.84s/it] 59%|█████▉    | 1821/3094 [1:30:14<1:01:57,  2.92s/it]                                                        59%|█████▉    | 1821/3094 [1:30:14<1:01:57,  2.92s/it] 59%|█████▉    | 1822/3094 [1:30:17<1:02:59,  2.97s/it]                                                        59%|█████▉    | 1822/3094 [1:30:17<1:02:59,  2.97s/it] 59%|█████▉    | 1823/3094 [1:30:20<1:04:10,  3.03s/it]                                                        59%|█████▉    | 1823/3094 [1:30:20<1:04:10,  3.03s/it] 59%|█████▉    | 1824/3094 [1:30:23<1:03:06,  2.98s/it]                                                        59%|█████▉    | 1824/3094 [1:30:23<1:03:06,  2.98s/it] 59%|█████▉    | 1825/3094 [1:30:26<1:05:12,  3.08s/it]                                                        59%|█████▉    | 1825/3094 [1:30:26<1:05:12,  3.08s/it] 59%|█████▉    | 1826/3094 [1:30:29<1:06:02,  3.12s/it]                                                        59%|█████▉    | 1826/3094 [1:30:29<1:06:02,  3.12s/it] 59%|█████▉    | 1827/3094 [1:30:32<1:04:49,  3.07s/it]                                                        59%|█████▉    | 1827/3094 [1:30:32<1:04:49,  3.07s/it] 59%|█████▉    | 1828/3094 [1:30:35<1:05:26,  3.10s/it]                                                        59%|█████▉    | 1828/3094 [1:30:35<1:05:26,  3.10s/it] 59%|█████▉    | 1829/3094 [1:30:38<1:05:40,  3.12s/it]                                                        59%|█████▉    | 1829/3094 [1:30:38<1:05:40,  3.12s/it] 59%|█████▉    | 1830/3094 [1:30:42<1:05:17,  3.10s/it]                                                        59%|█████▉    | 1830/3094 [1:30:42<1:05:17,  3.10s/it] 59%|█████▉    | 1831/3094 [1:30:44<1:02:27,  2.97s/it]                                                        59%|█████▉    | 1831/3094 [1:30:44<1:02:27,  2.97s/it] 59%|█████▉    | 1832/3094 [1:30:48<1:04:32,  3.07s/it]                                                        59%|█████▉    | 1832/3094 [1:30:48<1:04:32,  3.07s/it] 59%|█████▉    | 1833/3094 [1:30:51<1:05:49,  3.13s/it]                                                        59%|█████▉    | 1833/3094 [1:30:51<1:05:49,  3.13s/it] 59%|█████▉    | 1834/3094 [1:30:54<1:04:51,  3.09s/it]                                                        59%|█████▉    | 1834/3094 [1:30:54<1:04:51,  3.09s/it] 59%|█████▉    | 1835/3094 [1:30:57<1:04:50,  3.09s/it]                                                        59%|█████▉    | 1835/3094 [1:30:57<1:04:50,  3.09s/it] 59%|█████▉    | 1836/3094 [1:31:00<1:04:56,  3.10s/it]                                                        59%|█████▉    | 1836/3094 [1:31:00<1:04:56,  3.10s/it] 59%|█████▉    | 1837/3094 [1:31:04<1:08:14,  3.26s/it]                                                        59%|█████▉    | 1837/3094 [1:31:04<1:08:14,  3.26s/it] 59%|█████▉    | 1838/3094 [1:31:06<1:04:58,  3.10s/it]                                                        59%|█████▉    | 1838/3094 [1:31:06<1:04:58,  3.10s/it] 59%|█████▉    | 1839/3094 [1:31:09<1:03:21,  3.03s/it]                                                        59%|█████▉    | 1839/3094 [1:31:09<1:03:21,  3.03s/it] 59%|█████▉    | 1840/3094 [1:31:12<1:03:08,  3.02s/it]                                                        59%|█████▉    | 1840/3094 [1:31:12<1:03:08,  3.02s/it] 60%|█████▉    | 1841/3094 [1:31:15<1:02:54,  3.01s/it]                                                        60%|█████▉    | 1841/3094 [1:31:15<1:02:54,  3.01s/it] 60%|█████▉    | 1842/3094 [1:31:18<1:02:49,  3.01s/it]                                                        60%|█████▉    | 1842/3094 [1:31:18<1:02:49,  3.01s/it] 60%|█████▉    | 1843/3094 [1:31:21<1:02:05,  2.98s/it]                                                        60%|█████▉    | 1843/3094 [1:31:21<1:02:05,  2.98s/it] 60%|█████▉    | 1844/3094 [1:31:24<1:01:53,  2.97s/it]                                                        60%|█████▉    | 1844/3094 [1:31:24<1:01:53,  2.97s/it] 60%|█████▉    | 1845/3094 [1:31:26<58:22,  2.80s/it]                                                        60%|█████▉    | 1845/3094 [1:31:26<58:22,  2.80s/it] 60%|█████▉    | 1846/3094 [1:31:29<58:52,  2.83s/it]                                                      60%|█████▉    | 1846/3094 [1:31:29<58:52,  2.83s/it] 60%|█████▉    | 1847/3094 [1:31:32<1:00:04,  2.89s/it]                                                        60%|█████▉    | 1847/3094 [1:31:32<1:00:04,  2.89s/it] 60%|█████▉    | 1848/3094 [1:31:35<1:01:01,  2.94s/it]                                                        60%|█████▉    | 1848/3094 [1:31:35<1:01:01,  2.94s/it] 60%|█████▉    | 1849/3094 [1:31:39<1:03:39,  3.07s/it]                                                        60%|█████▉    | 1849/3094 [1:31:39<1:03:39,  3.07s/it] 60%|█████▉    | 1850/3094 [1:31:41<1:00:33,  2.92s/it]                                                        60%|█████▉    | 1850/3094 [1:31:41<1:00:33,  2.92s/it] 60%|█████▉    | 1851/3094 [1:31:44<59:24,  2.87s/it]                                                        60%|█████▉    | 1851/3094 [1:31:44<59:24,  2.87s/it] 60%|█████▉    | 1852/3094 [1:31:47<59:27,  2.87s/it]                                                     
{'loss': 1.8979, 'grad_norm': 0.20952431857585907, 'learning_rate': 8.546455163483328e-05, 'epoch': 0.57}
{'loss': 1.8821, 'grad_norm': 0.23807428777217865, 'learning_rate': 8.539980576238265e-05, 'epoch': 0.57}
{'loss': 2.0153, 'grad_norm': 0.22535699605941772, 'learning_rate': 8.533505988993203e-05, 'epoch': 0.57}
{'loss': 2.0272, 'grad_norm': 0.22946693003177643, 'learning_rate': 8.527031401748139e-05, 'epoch': 0.57}
{'loss': 2.1604, 'grad_norm': 0.21724732220172882, 'learning_rate': 8.520556814503076e-05, 'epoch': 0.58}
{'loss': 2.059, 'grad_norm': 0.20143918693065643, 'learning_rate': 8.514082227258012e-05, 'epoch': 0.58}
{'loss': 1.8856, 'grad_norm': 0.20922280848026276, 'learning_rate': 8.50760764001295e-05, 'epoch': 0.58}
{'loss': 1.9815, 'grad_norm': 0.21521013975143433, 'learning_rate': 8.501133052767887e-05, 'epoch': 0.58}
{'loss': 1.9338, 'grad_norm': 0.2183200865983963, 'learning_rate': 8.494658465522824e-05, 'epoch': 0.58}
{'loss': 2.0363, 'grad_norm': 0.22156786918640137, 'learning_rate': 8.48818387827776e-05, 'epoch': 0.58}
{'loss': 1.9813, 'grad_norm': 0.2069333791732788, 'learning_rate': 8.481709291032697e-05, 'epoch': 0.58}
{'loss': 1.8043, 'grad_norm': 0.24377557635307312, 'learning_rate': 8.475234703787633e-05, 'epoch': 0.58}
{'loss': 1.9348, 'grad_norm': 0.22665292024612427, 'learning_rate': 8.46876011654257e-05, 'epoch': 0.58}
{'loss': 1.8379, 'grad_norm': 0.21829870343208313, 'learning_rate': 8.462285529297508e-05, 'epoch': 0.58}
{'loss': 2.0748, 'grad_norm': 0.21703048050403595, 'learning_rate': 8.455810942052444e-05, 'epoch': 0.58}
{'loss': 1.9457, 'grad_norm': 0.21248097717761993, 'learning_rate': 8.449336354807381e-05, 'epoch': 0.58}
{'loss': 1.7638, 'grad_norm': 0.21241286396980286, 'learning_rate': 8.442861767562317e-05, 'epoch': 0.58}
{'loss': 2.1712, 'grad_norm': 0.24395780265331268, 'learning_rate': 8.436387180317256e-05, 'epoch': 0.58}
{'loss': 2.0167, 'grad_norm': 0.21337245404720306, 'learning_rate': 8.429912593072192e-05, 'epoch': 0.58}
{'loss': 1.9151, 'grad_norm': 0.21581441164016724, 'learning_rate': 8.423438005827129e-05, 'epoch': 0.58}
{'loss': 1.8999, 'grad_norm': 0.2034875899553299, 'learning_rate': 8.416963418582065e-05, 'epoch': 0.58}
{'loss': 1.9543, 'grad_norm': 0.22377271950244904, 'learning_rate': 8.410488831337003e-05, 'epoch': 0.58}
{'loss': 1.812, 'grad_norm': 0.19005082547664642, 'learning_rate': 8.40401424409194e-05, 'epoch': 0.58}
{'loss': 2.0287, 'grad_norm': 0.2269449084997177, 'learning_rate': 8.397539656846877e-05, 'epoch': 0.58}
{'loss': 1.8343, 'grad_norm': 0.24511095881462097, 'learning_rate': 8.391065069601813e-05, 'epoch': 0.58}
{'loss': 1.9273, 'grad_norm': 0.2213260680437088, 'learning_rate': 8.38459048235675e-05, 'epoch': 0.58}
{'loss': 2.1257, 'grad_norm': 0.2432616651058197, 'learning_rate': 8.378115895111687e-05, 'epoch': 0.58}
{'loss': 1.6163, 'grad_norm': 0.2166529893875122, 'learning_rate': 8.371641307866624e-05, 'epoch': 0.58}
{'loss': 1.8593, 'grad_norm': 0.21549750864505768, 'learning_rate': 8.365166720621561e-05, 'epoch': 0.58}
{'loss': 1.8652, 'grad_norm': 0.23230266571044922, 'learning_rate': 8.358692133376497e-05, 'epoch': 0.58}
{'loss': 2.0964, 'grad_norm': 0.23200729489326477, 'learning_rate': 8.352217546131435e-05, 'epoch': 0.58}
{'loss': 1.8774, 'grad_norm': 0.21767398715019226, 'learning_rate': 8.34574295888637e-05, 'epoch': 0.58}
{'loss': 1.6849, 'grad_norm': 0.18983937799930573, 'learning_rate': 8.339268371641308e-05, 'epoch': 0.58}
{'loss': 2.012, 'grad_norm': 0.2104557603597641, 'learning_rate': 8.332793784396245e-05, 'epoch': 0.58}
{'loss': 1.8149, 'grad_norm': 0.207340270280838, 'learning_rate': 8.326319197151183e-05, 'epoch': 0.58}
{'loss': 2.0148, 'grad_norm': 0.21712173521518707, 'learning_rate': 8.319844609906119e-05, 'epoch': 0.59}
{'loss': 2.2038, 'grad_norm': 0.2175932377576828, 'learning_rate': 8.313370022661056e-05, 'epoch': 0.59}
{'loss': 1.9898, 'grad_norm': 0.21823741495609283, 'learning_rate': 8.306895435415992e-05, 'epoch': 0.59}
{'loss': 2.1675, 'grad_norm': 0.21709395945072174, 'learning_rate': 8.30042084817093e-05, 'epoch': 0.59}
{'loss': 1.8938, 'grad_norm': 0.21680067479610443, 'learning_rate': 8.293946260925867e-05, 'epoch': 0.59}
{'loss': 1.7583, 'grad_norm': 0.19914978742599487, 'learning_rate': 8.287471673680804e-05, 'epoch': 0.59}
{'loss': 2.1197, 'grad_norm': 0.2546696960926056, 'learning_rate': 8.28099708643574e-05, 'epoch': 0.59}
{'loss': 1.9493, 'grad_norm': 0.20378616452217102, 'learning_rate': 8.274522499190677e-05, 'epoch': 0.59}
{'loss': 2.0201, 'grad_norm': 0.23172567784786224, 'learning_rate': 8.268047911945613e-05, 'epoch': 0.59}
{'loss': 2.0545, 'grad_norm': 0.2333594113588333, 'learning_rate': 8.26157332470055e-05, 'epoch': 0.59}
{'loss': 1.978, 'grad_norm': 0.1991400122642517, 'learning_rate': 8.255098737455488e-05, 'epoch': 0.59}
{'loss': 1.9685, 'grad_norm': 0.20288622379302979, 'learning_rate': 8.248624150210424e-05, 'epoch': 0.59}
{'loss': 1.8624, 'grad_norm': 0.246074840426445, 'learning_rate': 8.242149562965361e-05, 'epoch': 0.59}
{'loss': 1.9551, 'grad_norm': 0.22495612502098083, 'learning_rate': 8.235674975720297e-05, 'epoch': 0.59}
{'loss': 1.987, 'grad_norm': 0.2274438589811325, 'learning_rate': 8.229200388475236e-05, 'epoch': 0.59}
{'loss': 1.9903, 'grad_norm': 0.20977464318275452, 'learning_rate': 8.222725801230172e-05, 'epoch': 0.59}
{'loss': 2.1709, 'grad_norm': 0.22084195911884308, 'learning_rate': 8.21625121398511e-05, 'epoch': 0.59}
{'loss': 1.9569, 'grad_norm': 0.22091540694236755, 'learning_rate': 8.209776626740045e-05, 'epoch': 0.59}
{'loss': 1.9566, 'grad_norm': 0.20361025631427765, 'learning_rate': 8.203302039494983e-05, 'epoch': 0.59}
{'loss': 2.0268, 'grad_norm': 0.21214808523654938, 'learning_rate': 8.19682745224992e-05, 'epoch': 0.59}
{'loss': 2.1489, 'grad_norm': 0.218155637383461, 'learning_rate': 8.190352865004856e-05, 'epoch': 0.59}
{'loss': 2.1231, 'grad_norm': 0.24616241455078125, 'learning_rate': 8.183878277759793e-05, 'epoch': 0.59}
{'loss': 2.0876, 'grad_norm': 0.20555433630943298, 'learning_rate': 8.17740369051473e-05, 'epoch': 0.59}
{'loss': 1.7612, 'grad_norm': 0.19167473912239075, 'learning_rate': 8.170929103269667e-05, 'epoch': 0.59}
{'loss': 1.7777, 'grad_norm': 0.20348995923995972, 'learning_rate': 8.164454516024603e-05, 'epoch': 0.59}
{'loss': 2.0047, 'grad_norm': 0.1917009949684143, 'learning_rate': 8.157979928779541e-05, 'epoch': 0.59}
{'loss': 2.0115, 'grad_norm': 0.22258687019348145, 'learning_rate': 8.151505341534477e-05, 'epoch': 0.59}
{'loss': 2.0368, 'grad_norm': 0.20439572632312775, 'learning_rate': 8.145030754289415e-05, 'epoch': 0.59}
{'loss': 2.2119, 'grad_norm': 0.2403317391872406, 'learning_rate': 8.138556167044351e-05, 'epoch': 0.59}
{'loss': 1.9501, 'grad_norm': 0.23443599045276642, 'learning_rate': 8.132081579799288e-05, 'epoch': 0.59}
{'loss': 2.0718, 'grad_norm': 0.20146013796329498, 'learning_rate': 8.125606992554225e-05, 'epoch': 0.59}
{'loss': 2.2463, 'grad_norm': 0.23917245864868164, 'learning_rate': 8.119132405309163e-05, 'epoch': 0.6}
{'loss': 1.8249, 'grad_norm': 0.21081005036830902, 'learning_rate': 8.112657818064099e-05, 'epoch': 0.6}
{'loss': 1.9857, 'grad_norm': 0.21246886253356934, 'learning_rate': 8.106183230819036e-05, 'epoch': 0.6}
{'loss': 1.8598, 'grad_norm': 0.21611039340496063, 'learning_rate': 8.099708643573972e-05, 'epoch': 0.6}
{'loss': 1.9932, 'grad_norm': 0.22963637113571167, 'learning_rate': 8.09323405632891e-05, 'epoch': 0.6}
{'loss': 1.7914, 'grad_norm': 0.22871513664722443, 'learning_rate': 8.086759469083847e-05, 'epoch': 0.6}
{'loss': 2.0674, 'grad_norm': 0.21753039956092834, 'learning_rate': 8.080284881838783e-05, 'epoch': 0.6}
{'loss': 1.9316, 'grad_norm': 0.20847611129283905, 'learning_rate': 8.07381029459372e-05, 'epoch': 0.6}
{'loss': 2.0431, 'grad_norm': 0.19583651423454285, 'learning_rate': 8.067335707348656e-05, 'epoch': 0.6}
{'loss': 2.0027, 'grad_norm': 0.24457229673862457, 'learning_rate': 8.060861120103593e-05, 'epoch': 0.6}
{'loss': 2.0314, 'grad_norm': 0.22877395153045654, 'learning_rate': 8.054386532858531e-05, 'epoch': 0.6}
{'loss': 1.7709, 'grad_norm': 0.23361903429031372, 'learning_rate': 8.047911945613468e-05, 'epoch': 0.6} 60%|█████▉    | 1852/3094 [1:31:47<59:27,  2.87s/it] 60%|█████▉    | 1853/3094 [1:31:50<57:38,  2.79s/it]                                                      60%|█████▉    | 1853/3094 [1:31:50<57:38,  2.79s/it] 60%|█████▉    | 1854/3094 [1:31:53<59:07,  2.86s/it]                                                      60%|█████▉    | 1854/3094 [1:31:53<59:07,  2.86s/it] 60%|█████▉    | 1855/3094 [1:31:55<57:55,  2.81s/it]                                                      60%|█████▉    | 1855/3094 [1:31:55<57:55,  2.81s/it] 60%|█████▉    | 1856/3094 [1:31:58<57:55,  2.81s/it]                                                      60%|█████▉    | 1856/3094 [1:31:58<57:55,  2.81s/it] 60%|██████    | 1857/3094 [1:32:01<1:00:04,  2.91s/it]                                                        60%|██████    | 1857/3094 [1:32:01<1:00:04,  2.91s/it] 60%|██████    | 1858/3094 [1:32:04<1:00:31,  2.94s/it]                                                        60%|██████    | 1858/3094 [1:32:04<1:00:31,  2.94s/it] 60%|██████    | 1859/3094 [1:32:07<59:23,  2.89s/it]                                                        60%|██████    | 1859/3094 [1:32:07<59:23,  2.89s/it] 60%|██████    | 1860/3094 [1:32:10<57:37,  2.80s/it]                                                      60%|██████    | 1860/3094 [1:32:10<57:37,  2.80s/it] 60%|██████    | 1861/3094 [1:32:13<1:00:50,  2.96s/it]                                                        60%|██████    | 1861/3094 [1:32:13<1:00:50,  2.96s/it] 60%|██████    | 1862/3094 [1:32:16<59:36,  2.90s/it]                                                        60%|██████    | 1862/3094 [1:32:16<59:36,  2.90s/it] 60%|██████    | 1863/3094 [1:32:19<59:12,  2.89s/it]                                                      60%|██████    | 1863/3094 [1:32:19<59:12,  2.89s/it] 60%|██████    | 1864/3094 [1:32:21<58:36,  2.86s/it]                                                      60%|██████    | 1864/3094 [1:32:21<58:36,  2.86s/it] 60%|██████    | 1865/3094 [1:32:24<57:29,  2.81s/it]                                                      60%|██████    | 1865/3094 [1:32:24<57:29,  2.81s/it] 60%|██████    | 1866/3094 [1:32:27<58:41,  2.87s/it]                                                      60%|██████    | 1866/3094 [1:32:27<58:41,  2.87s/it] 60%|██████    | 1867/3094 [1:32:30<59:33,  2.91s/it]                                                      60%|██████    | 1867/3094 [1:32:30<59:33,  2.91s/it] 60%|██████    | 1868/3094 [1:32:33<59:49,  2.93s/it]                                                      60%|██████    | 1868/3094 [1:32:33<59:49,  2.93s/it] 60%|██████    | 1869/3094 [1:32:36<59:50,  2.93s/it]                                                      60%|██████    | 1869/3094 [1:32:36<59:50,  2.93s/it] 60%|██████    | 1870/3094 [1:32:39<58:36,  2.87s/it]                                                      60%|██████    | 1870/3094 [1:32:39<58:36,  2.87s/it] 60%|██████    | 1871/3094 [1:32:41<55:33,  2.73s/it]                                                      60%|██████    | 1871/3094 [1:32:41<55:33,  2.73s/it] 61%|██████    | 1872/3094 [1:32:44<54:27,  2.67s/it]                                                      61%|██████    | 1872/3094 [1:32:44<54:27,  2.67s/it] 61%|██████    | 1873/3094 [1:32:46<54:40,  2.69s/it]                                                      61%|██████    | 1873/3094 [1:32:46<54:40,  2.69s/it] 61%|██████    | 1874/3094 [1:32:49<54:08,  2.66s/it]                                                      61%|██████    | 1874/3094 [1:32:49<54:08,  2.66s/it] 61%|██████    | 1875/3094 [1:32:53<59:12,  2.91s/it]                                                      61%|██████    | 1875/3094 [1:32:53<59:12,  2.91s/it] 61%|██████    | 1876/3094 [1:32:55<56:42,  2.79s/it]                                                      61%|██████    | 1876/3094 [1:32:55<56:42,  2.79s/it] 61%|██████    | 1877/3094 [1:32:57<54:23,  2.68s/it]                                                      61%|██████    | 1877/3094 [1:32:57<54:23,  2.68s/it] 61%|██████    | 1878/3094 [1:33:00<56:24,  2.78s/it]                                                      61%|██████    | 1878/3094 [1:33:00<56:24,  2.78s/it] 61%|██████    | 1879/3094 [1:33:04<58:43,  2.90s/it]                                                      61%|██████    | 1879/3094 [1:33:04<58:43,  2.90s/it] 61%|██████    | 1880/3094 [1:33:06<56:13,  2.78s/it]                                                      61%|██████    | 1880/3094 [1:33:06<56:13,  2.78s/it] 61%|██████    | 1881/3094 [1:33:09<57:59,  2.87s/it]                                                      61%|██████    | 1881/3094 [1:33:09<57:59,  2.87s/it] 61%|██████    | 1882/3094 [1:33:12<59:25,  2.94s/it]                                                      61%|██████    | 1882/3094 [1:33:12<59:25,  2.94s/it] 61%|██████    | 1883/3094 [1:33:15<55:48,  2.77s/it]                                                      61%|██████    | 1883/3094 [1:33:15<55:48,  2.77s/it] 61%|██████    | 1884/3094 [1:33:18<56:11,  2.79s/it]                                                      61%|██████    | 1884/3094 [1:33:18<56:11,  2.79s/it] 61%|██████    | 1885/3094 [1:33:21<58:39,  2.91s/it]                                                      61%|██████    | 1885/3094 [1:33:21<58:39,  2.91s/it] 61%|██████    | 1886/3094 [1:33:23<56:44,  2.82s/it]                                                      61%|██████    | 1886/3094 [1:33:23<56:44,  2.82s/it] 61%|██████    | 1887/3094 [1:33:26<55:58,  2.78s/it]                                                      61%|██████    | 1887/3094 [1:33:26<55:58,  2.78s/it] 61%|██████    | 1888/3094 [1:33:29<57:07,  2.84s/it]                                                      61%|██████    | 1888/3094 [1:33:29<57:07,  2.84s/it] 61%|██████    | 1889/3094 [1:33:32<58:46,  2.93s/it]                                                      61%|██████    | 1889/3094 [1:33:32<58:46,  2.93s/it] 61%|██████    | 1890/3094 [1:33:35<57:08,  2.85s/it]                                                      61%|██████    | 1890/3094 [1:33:35<57:08,  2.85s/it] 61%|██████    | 1891/3094 [1:33:38<1:00:25,  3.01s/it]                                                        61%|██████    | 1891/3094 [1:33:38<1:00:25,  3.01s/it] 61%|██████    | 1892/3094 [1:33:41<56:29,  2.82s/it]                                                        61%|██████    | 1892/3094 [1:33:41<56:29,  2.82s/it] 61%|██████    | 1893/3094 [1:33:43<56:24,  2.82s/it]                                                      61%|██████    | 1893/3094 [1:33:43<56:24,  2.82s/it] 61%|██████    | 1894/3094 [1:33:46<55:17,  2.76s/it]                                                      61%|██████    | 1894/3094 [1:33:46<55:17,  2.76s/it] 61%|██████    | 1895/3094 [1:33:49<54:16,  2.72s/it]                                                      61%|██████    | 1895/3094 [1:33:49<54:16,  2.72s/it] 61%|██████▏   | 1896/3094 [1:33:51<53:26,  2.68s/it]                                                      61%|██████▏   | 1896/3094 [1:33:51<53:26,  2.68s/it] 61%|██████▏   | 1897/3094 [1:33:54<54:44,  2.74s/it]                                                      61%|██████▏   | 1897/3094 [1:33:54<54:44,  2.74s/it] 61%|██████▏   | 1898/3094 [1:33:57<56:05,  2.81s/it]                                                      61%|██████▏   | 1898/3094 [1:33:57<56:05,  2.81s/it] 61%|██████▏   | 1899/3094 [1:34:00<59:01,  2.96s/it]                                                      61%|██████▏   | 1899/3094 [1:34:00<59:01,  2.96s/it] 61%|██████▏   | 1900/3094 [1:34:03<56:49,  2.86s/it]                                                      61%|██████▏   | 1900/3094 [1:34:03<56:49,  2.86s/it] 61%|██████▏   | 1901/3094 [1:34:06<55:59,  2.82s/it]                                                      61%|██████▏   | 1901/3094 [1:34:06<55:59,  2.82s/it] 61%|██████▏   | 1902/3094 [1:34:08<53:22,  2.69s/it]                                                      61%|██████▏   | 1902/3094 [1:34:08<53:22,  2.69s/it] 62%|██████▏   | 1903/3094 [1:34:11<54:51,  2.76s/it]                                                      62%|██████▏   | 1903/3094 [1:34:11<54:51,  2.76s/it] 62%|██████▏   | 1904/3094 [1:34:14<56:24,  2.84s/it]                                                      62%|██████▏   | 1904/3094 [1:34:14<56:24,  2.84s/it] 62%|██████▏   | 1905/3094 [1:34:17<56:19,  2.84s/it]                                                      62%|██████▏   | 1905/3094 [1:34:17<56:19,  2.84s/it] 62%|██████▏   | 1906/3094 [1:34:20<56:11,  2.84s/it]                                                      62%|██████▏   | 1906/3094 [1:34:20<56:11,  2.84s/it] 62%|██████▏   | 1907/3094 [1:34:23<56:33,  2.86s/it]                                                      62%|██████▏   | 1907/3094 [1:34:23<56:33,  2.86s/it] 62%|██████▏   | 1908/3094 [1:34:25<54:26,  2.75s/it]                                                      62%|██████▏   | 1908/3094 [1:34:25<54:26,  2.75s/it] 62%|██████▏   | 1909/3094 [1:34:28<55:08,  2.79s/it]                                                      62%|██████▏   | 1909/3094 [1:34:28<55:08,  2.79s/it] 62%|██████▏   | 1910/3094 [1:34:31<58:18,  2.95s/it]                                                      62%|██████▏   | 1910/3094 [1:34:31<58:18,  2.95s/it] 62%|██████▏   | 1911/3094 [1:34:34<58:51,  2.99s/it]                                                      62%|██████▏   | 1911/3094 [1:34:34<58:51,  2.99s/it] 62%|██████▏   | 1912/3094 [1:34:37<57:12,  2.90s/it]                                                      62%|██████▏   | 1912/3094 [1:34:37<57:12,  2.90s/it] 62%|██████▏   | 1913/3094 [1:34:40<59:27,  3.02s/it]                                                      62%|██████▏   | 1913/3094 [1:34:40<59:27,  3.02s/it] 62%|██████▏   | 1914/3094 [1:34:43<57:44,  2.94s/it]                                                      62%|██████▏   | 1914/3094 [1:34:43<57:44,  2.94s/it] 62%|██████▏   | 1915/3094 [1:34:46<59:11,  3.01s/it]                                                      62%|██████▏   | 1915/3094 [1:34:46<59:11,  3.01s/it] 62%|██████▏   | 1916/3094 [1:34:49<58:38,  2.99s/it]                                                      62%|██████▏   | 1916/3094 [1:34:49<58:38,  2.99s/it] 62%|██████▏   | 1917/3094 [1:34:52<59:08,  3.01s/it]                                                      62%|██████▏   | 1917/3094 [1:34:52<59:08,  3.01s/it] 62%|██████▏   | 1918/3094 [1:34:55<57:58,  2.96s/it]                                                      62%|██████▏   | 1918/3094 [1:34:55<57:58,  2.96s/it] 62%|██████▏   | 1919/3094 [1:34:58<56:28,  2.88s/it]                                                      62%|██████▏   | 1919/3094 [1:34:58<56:28,  2.88s/it] 62%|██████▏   | 1920/3094 [1:35:01<55:01,  2.81s/it]                                                      62%|██████▏   | 1920/3094 [1:35:01<55:01,  2.81s/it] 62%|██████▏   | 1921/3094 [1:35:03<55:17,  2.83s/it]                                                      62%|██████▏   | 1921/3094 [1:35:03<55:17,  2.83s/it] 62%|██████▏   | 1922/3094 [1:35:06<54:19,  2.78s/it]                                                      62%|██████▏   | 1922/3094 [1:35:06<54:19,  2.78s/it] 62%|██████▏   | 1923/3094 [1:35:09<53:22,  2.73s/it]                                                      62%|██████▏   | 1923/3094 [1:35:09<53:22,  2.73s/it] 62%|██████▏   | 1924/3094 [1:35:12<55:38,  2.85s/it]                                                      62%|██████▏   | 1924/3094 [1:35:12<55:38,  2.85s/it] 62%|██████▏   | 1925/3094 [1:35:15<58:01,  2.98s/it]                                                      62%|██████▏   | 1925/3094 [1:35:15<58:01,  2.98s/it] 62%|██████▏   | 1926/3094 [1:35:18<55:36,  2.86s/it]                                                      62%|██████▏   | 1926/3094 [1:35:18<55:36,  2.86s/it] 62%|██████▏   | 1927/3094 [1:35:21<57:44,  2.97s/it]                                                      62%|██████▏   | 1927/3094 [1:35:21<57:44,  2.97s/it] 62%|██████▏   | 1928/3094 [1:35:24<57:20,  2.95s/it]                                                      62%|██████▏   | 1928/3094 [1:35:24<57:20,  2.95s/it] 62%|██████▏   | 1929/3094 [1:35:27<59:51,  3.08s/it]                                                      62%|██████▏   | 1929/3094 [1:35:27<59:51,  3.08s/it] 62%|██████▏   | 1930/3094 [1:35:30<56:14,  2.90s/it]                                                     
{'loss': 2.2929, 'grad_norm': 0.24360594153404236, 'learning_rate': 8.041437358368404e-05, 'epoch': 0.6}
{'loss': 1.9079, 'grad_norm': 0.20334845781326294, 'learning_rate': 8.034962771123341e-05, 'epoch': 0.6}
{'loss': 1.9232, 'grad_norm': 0.23007060587406158, 'learning_rate': 8.028488183878277e-05, 'epoch': 0.6}
{'loss': 2.0939, 'grad_norm': 0.21238291263580322, 'learning_rate': 8.022013596633216e-05, 'epoch': 0.6}
{'loss': 2.0169, 'grad_norm': 0.20801390707492828, 'learning_rate': 8.015539009388152e-05, 'epoch': 0.6}
{'loss': 1.9701, 'grad_norm': 0.2381250560283661, 'learning_rate': 8.00906442214309e-05, 'epoch': 0.6}
{'loss': 1.8926, 'grad_norm': 0.21970584988594055, 'learning_rate': 8.002589834898025e-05, 'epoch': 0.6}
{'loss': 1.994, 'grad_norm': 0.23914533853530884, 'learning_rate': 7.996115247652963e-05, 'epoch': 0.6}
{'loss': 1.8706, 'grad_norm': 0.21693864464759827, 'learning_rate': 7.989640660407899e-05, 'epoch': 0.6}
{'loss': 1.8326, 'grad_norm': 0.2668331265449524, 'learning_rate': 7.983166073162836e-05, 'epoch': 0.6}
{'loss': 2.0679, 'grad_norm': 0.22343522310256958, 'learning_rate': 7.976691485917773e-05, 'epoch': 0.6}
{'loss': 2.0329, 'grad_norm': 0.23991963267326355, 'learning_rate': 7.97021689867271e-05, 'epoch': 0.6}
{'loss': 2.0894, 'grad_norm': 0.2331480234861374, 'learning_rate': 7.963742311427647e-05, 'epoch': 0.6}
{'loss': 1.8455, 'grad_norm': 0.20071420073509216, 'learning_rate': 7.957267724182583e-05, 'epoch': 0.6}
{'loss': 1.8281, 'grad_norm': 0.23814757168293, 'learning_rate': 7.950793136937521e-05, 'epoch': 0.6}
{'loss': 1.8865, 'grad_norm': 0.2532755434513092, 'learning_rate': 7.944318549692457e-05, 'epoch': 0.6}
{'loss': 1.8941, 'grad_norm': 0.21296049654483795, 'learning_rate': 7.937843962447395e-05, 'epoch': 0.6}
{'loss': 2.0504, 'grad_norm': 0.22798147797584534, 'learning_rate': 7.931369375202331e-05, 'epoch': 0.6}
{'loss': 1.9735, 'grad_norm': 0.2619949281215668, 'learning_rate': 7.924894787957268e-05, 'epoch': 0.6}
{'loss': 2.1431, 'grad_norm': 0.23743000626564026, 'learning_rate': 7.918420200712205e-05, 'epoch': 0.61}
{'loss': 2.1689, 'grad_norm': 0.24002861976623535, 'learning_rate': 7.911945613467141e-05, 'epoch': 0.61}
{'loss': 2.0244, 'grad_norm': 0.2532596290111542, 'learning_rate': 7.905471026222079e-05, 'epoch': 0.61}
{'loss': 1.9861, 'grad_norm': 0.20898635685443878, 'learning_rate': 7.898996438977015e-05, 'epoch': 0.61}
{'loss': 2.0427, 'grad_norm': 0.2453039288520813, 'learning_rate': 7.892521851731952e-05, 'epoch': 0.61}
{'loss': 2.0369, 'grad_norm': 0.2515270709991455, 'learning_rate': 7.886047264486888e-05, 'epoch': 0.61}
{'loss': 1.7606, 'grad_norm': 0.21463607251644135, 'learning_rate': 7.879572677241827e-05, 'epoch': 0.61}
{'loss': 2.119, 'grad_norm': 0.21746566891670227, 'learning_rate': 7.873098089996763e-05, 'epoch': 0.61}
{'loss': 2.1066, 'grad_norm': 0.22851213812828064, 'learning_rate': 7.8666235027517e-05, 'epoch': 0.61}
{'loss': 2.102, 'grad_norm': 0.21542394161224365, 'learning_rate': 7.860148915506636e-05, 'epoch': 0.61}
{'loss': 1.7808, 'grad_norm': 0.22853004932403564, 'learning_rate': 7.853674328261574e-05, 'epoch': 0.61}
{'loss': 2.1443, 'grad_norm': 0.24557572603225708, 'learning_rate': 7.847199741016511e-05, 'epoch': 0.61}
{'loss': 2.0873, 'grad_norm': 0.24664300680160522, 'learning_rate': 7.840725153771448e-05, 'epoch': 0.61}
{'loss': 1.8577, 'grad_norm': 0.216394305229187, 'learning_rate': 7.834250566526384e-05, 'epoch': 0.61}
{'loss': 2.0978, 'grad_norm': 0.23485152423381805, 'learning_rate': 7.827775979281322e-05, 'epoch': 0.61}
{'loss': 1.8325, 'grad_norm': 0.262378454208374, 'learning_rate': 7.821301392036258e-05, 'epoch': 0.61}
{'loss': 2.0402, 'grad_norm': 0.20697124302387238, 'learning_rate': 7.814826804791195e-05, 'epoch': 0.61}
{'loss': 1.9165, 'grad_norm': 0.2121962606906891, 'learning_rate': 7.808352217546132e-05, 'epoch': 0.61}
{'loss': 2.2001, 'grad_norm': 0.2080344706773758, 'learning_rate': 7.801877630301068e-05, 'epoch': 0.61}
{'loss': 1.8916, 'grad_norm': 0.2031734585762024, 'learning_rate': 7.795403043056006e-05, 'epoch': 0.61}
{'loss': 1.9504, 'grad_norm': 0.23651115596294403, 'learning_rate': 7.788928455810942e-05, 'epoch': 0.61}
{'loss': 1.9628, 'grad_norm': 0.23621141910552979, 'learning_rate': 7.782453868565879e-05, 'epoch': 0.61}
{'loss': 1.9915, 'grad_norm': 0.23913002014160156, 'learning_rate': 7.775979281320816e-05, 'epoch': 0.61}
{'loss': 2.0821, 'grad_norm': 0.23970337212085724, 'learning_rate': 7.769504694075754e-05, 'epoch': 0.61}
{'loss': 1.9588, 'grad_norm': 0.24126629531383514, 'learning_rate': 7.76303010683069e-05, 'epoch': 0.61}
{'loss': 2.0849, 'grad_norm': 0.22756773233413696, 'learning_rate': 7.756555519585627e-05, 'epoch': 0.61}
{'loss': 1.8061, 'grad_norm': 0.2126713991165161, 'learning_rate': 7.750080932340563e-05, 'epoch': 0.61}
{'loss': 1.8682, 'grad_norm': 0.20768848061561584, 'learning_rate': 7.743606345095502e-05, 'epoch': 0.61}
{'loss': 2.0517, 'grad_norm': 0.2391682267189026, 'learning_rate': 7.737131757850438e-05, 'epoch': 0.61}
{'loss': 1.8766, 'grad_norm': 0.20976465940475464, 'learning_rate': 7.730657170605375e-05, 'epoch': 0.61}
{'loss': 2.0963, 'grad_norm': 0.25472578406333923, 'learning_rate': 7.724182583360311e-05, 'epoch': 0.61}
{'loss': 2.1221, 'grad_norm': 0.23693957924842834, 'learning_rate': 7.717707996115248e-05, 'epoch': 0.62}
{'loss': 2.0403, 'grad_norm': 0.23512014746665955, 'learning_rate': 7.711233408870186e-05, 'epoch': 0.62}
{'loss': 1.9568, 'grad_norm': 0.20431022346019745, 'learning_rate': 7.704758821625122e-05, 'epoch': 0.62}
{'loss': 1.974, 'grad_norm': 0.2143099159002304, 'learning_rate': 7.698284234380059e-05, 'epoch': 0.62}
{'loss': 1.8965, 'grad_norm': 0.21163725852966309, 'learning_rate': 7.691809647134995e-05, 'epoch': 0.62}
{'loss': 2.0998, 'grad_norm': 0.24184764921665192, 'learning_rate': 7.685335059889932e-05, 'epoch': 0.62}
{'loss': 1.8659, 'grad_norm': 0.23871709406375885, 'learning_rate': 7.678860472644868e-05, 'epoch': 0.62}
{'loss': 1.8329, 'grad_norm': 0.21279501914978027, 'learning_rate': 7.672385885399807e-05, 'epoch': 0.62}
{'loss': 2.0255, 'grad_norm': 0.23136112093925476, 'learning_rate': 7.665911298154743e-05, 'epoch': 0.62}
{'loss': 1.9516, 'grad_norm': 0.23160725831985474, 'learning_rate': 7.65943671090968e-05, 'epoch': 0.62}
{'loss': 1.9866, 'grad_norm': 0.24334405362606049, 'learning_rate': 7.652962123664616e-05, 'epoch': 0.62}
{'loss': 1.8136, 'grad_norm': 0.23789578676223755, 'learning_rate': 7.646487536419554e-05, 'epoch': 0.62}
{'loss': 2.0195, 'grad_norm': 0.217310830950737, 'learning_rate': 7.640012949174491e-05, 'epoch': 0.62}
{'loss': 1.8584, 'grad_norm': 0.20058731734752655, 'learning_rate': 7.633538361929427e-05, 'epoch': 0.62}
{'loss': 2.1209, 'grad_norm': 0.22464953362941742, 'learning_rate': 7.627063774684364e-05, 'epoch': 0.62}
{'loss': 2.1124, 'grad_norm': 0.2227373868227005, 'learning_rate': 7.6205891874393e-05, 'epoch': 0.62}
{'loss': 1.8901, 'grad_norm': 0.21698148548603058, 'learning_rate': 7.614114600194238e-05, 'epoch': 0.62}
{'loss': 2.0922, 'grad_norm': 0.22441697120666504, 'learning_rate': 7.607640012949175e-05, 'epoch': 0.62}
{'loss': 2.0019, 'grad_norm': 0.22332391142845154, 'learning_rate': 7.601165425704112e-05, 'epoch': 0.62}
{'loss': 1.8709, 'grad_norm': 0.21650394797325134, 'learning_rate': 7.594690838459048e-05, 'epoch': 0.62}
{'loss': 1.734, 'grad_norm': 0.23688426613807678, 'learning_rate': 7.588216251213986e-05, 'epoch': 0.62}
{'loss': 1.9279, 'grad_norm': 0.2003178894519806, 'learning_rate': 7.581741663968922e-05, 'epoch': 0.62}
{'loss': 2.2531, 'grad_norm': 0.21625734865665436, 'learning_rate': 7.575267076723859e-05, 'epoch': 0.62}
{'loss': 1.9669, 'grad_norm': 0.22783198952674866, 'learning_rate': 7.568792489478796e-05, 'epoch': 0.62}
{'loss': 1.9409, 'grad_norm': 0.20873267948627472, 'learning_rate': 7.562317902233734e-05, 'epoch': 0.62}
{'loss': 2.0811, 'grad_norm': 0.22702382504940033, 'learning_rate': 7.55584331498867e-05, 'epoch': 0.62}
{'loss': 1.9054, 'grad_norm': 0.20087724924087524, 'learning_rate': 7.549368727743607e-05, 'epoch': 0.62}
{'loss': 1.9873, 'grad_norm': 0.250771164894104, 'learning_rate': 7.542894140498543e-05, 'epoch': 0.62} 62%|██████▏   | 1930/3094 [1:35:30<56:14,  2.90s/it] 62%|██████▏   | 1931/3094 [1:35:32<55:17,  2.85s/it]                                                      62%|██████▏   | 1931/3094 [1:35:32<55:17,  2.85s/it] 62%|██████▏   | 1932/3094 [1:35:36<59:41,  3.08s/it]                                                      62%|██████▏   | 1932/3094 [1:35:36<59:41,  3.08s/it] 62%|██████▏   | 1933/3094 [1:35:39<59:10,  3.06s/it]                                                      62%|██████▏   | 1933/3094 [1:35:39<59:10,  3.06s/it] 63%|██████▎   | 1934/3094 [1:35:42<1:00:57,  3.15s/it]                                                        63%|██████▎   | 1934/3094 [1:35:42<1:00:57,  3.15s/it] 63%|██████▎   | 1935/3094 [1:35:46<1:02:59,  3.26s/it]                                                        63%|██████▎   | 1935/3094 [1:35:46<1:02:59,  3.26s/it] 63%|██████▎   | 1936/3094 [1:35:49<1:00:08,  3.12s/it]                                                        63%|██████▎   | 1936/3094 [1:35:49<1:00:08,  3.12s/it] 63%|██████▎   | 1937/3094 [1:35:52<59:57,  3.11s/it]                                                        63%|██████▎   | 1937/3094 [1:35:52<59:57,  3.11s/it] 63%|██████▎   | 1938/3094 [1:35:55<58:18,  3.03s/it]                                                      63%|██████▎   | 1938/3094 [1:35:55<58:18,  3.03s/it] 63%|██████▎   | 1939/3094 [1:35:58<58:49,  3.06s/it]                                                      63%|██████▎   | 1939/3094 [1:35:58<58:49,  3.06s/it] 63%|██████▎   | 1940/3094 [1:36:00<56:01,  2.91s/it]                                                      63%|██████▎   | 1940/3094 [1:36:00<56:01,  2.91s/it] 63%|██████▎   | 1941/3094 [1:36:03<53:02,  2.76s/it]                                                      63%|██████▎   | 1941/3094 [1:36:03<53:02,  2.76s/it] 63%|██████▎   | 1942/3094 [1:36:06<53:18,  2.78s/it]                                                      63%|██████▎   | 1942/3094 [1:36:06<53:18,  2.78s/it] 63%|██████▎   | 1943/3094 [1:36:08<51:13,  2.67s/it]                                                      63%|██████▎   | 1943/3094 [1:36:08<51:13,  2.67s/it] 63%|██████▎   | 1944/3094 [1:36:11<54:45,  2.86s/it]                                                      63%|██████▎   | 1944/3094 [1:36:11<54:45,  2.86s/it] 63%|██████▎   | 1945/3094 [1:36:14<55:24,  2.89s/it]                                                      63%|██████▎   | 1945/3094 [1:36:14<55:24,  2.89s/it] 63%|██████▎   | 1946/3094 [1:36:18<57:55,  3.03s/it]                                                      63%|██████▎   | 1946/3094 [1:36:18<57:55,  3.03s/it] 63%|██████▎   | 1947/3094 [1:36:21<57:20,  3.00s/it]                                                      63%|██████▎   | 1947/3094 [1:36:21<57:20,  3.00s/it] 63%|██████▎   | 1948/3094 [1:36:23<55:16,  2.89s/it]                                                      63%|██████▎   | 1948/3094 [1:36:23<55:16,  2.89s/it] 63%|██████▎   | 1949/3094 [1:36:26<55:34,  2.91s/it]                                                      63%|██████▎   | 1949/3094 [1:36:26<55:34,  2.91s/it] 63%|██████▎   | 1950/3094 [1:36:29<54:39,  2.87s/it]                                                      63%|██████▎   | 1950/3094 [1:36:29<54:39,  2.87s/it] 63%|██████▎   | 1951/3094 [1:36:32<55:07,  2.89s/it]                                                      63%|██████▎   | 1951/3094 [1:36:32<55:07,  2.89s/it] 63%|██████▎   | 1952/3094 [1:36:34<51:56,  2.73s/it]                                                      63%|██████▎   | 1952/3094 [1:36:34<51:56,  2.73s/it] 63%|██████▎   | 1953/3094 [1:36:37<49:57,  2.63s/it]                                                      63%|██████▎   | 1953/3094 [1:36:37<49:57,  2.63s/it] 63%|██████▎   | 1954/3094 [1:36:40<51:39,  2.72s/it]                                                      63%|██████▎   | 1954/3094 [1:36:40<51:39,  2.72s/it] 63%|██████▎   | 1955/3094 [1:36:43<55:52,  2.94s/it]                                                      63%|██████▎   | 1955/3094 [1:36:43<55:52,  2.94s/it] 63%|██████▎   | 1956/3094 [1:36:46<57:00,  3.01s/it]                                                      63%|██████▎   | 1956/3094 [1:36:46<57:00,  3.01s/it] 63%|██████▎   | 1957/3094 [1:36:49<56:24,  2.98s/it]                                                      63%|██████▎   | 1957/3094 [1:36:49<56:24,  2.98s/it] 63%|██████▎   | 1958/3094 [1:36:52<57:29,  3.04s/it]                                                      63%|██████▎   | 1958/3094 [1:36:52<57:29,  3.04s/it] 63%|██████▎   | 1959/3094 [1:36:56<59:28,  3.14s/it]                                                      63%|██████▎   | 1959/3094 [1:36:56<59:28,  3.14s/it] 63%|██████▎   | 1960/3094 [1:36:58<57:26,  3.04s/it]                                                      63%|██████▎   | 1960/3094 [1:36:58<57:26,  3.04s/it] 63%|██████▎   | 1961/3094 [1:37:01<57:01,  3.02s/it]                                                      63%|██████▎   | 1961/3094 [1:37:01<57:01,  3.02s/it] 63%|██████▎   | 1962/3094 [1:37:04<56:18,  2.98s/it]                                                      63%|██████▎   | 1962/3094 [1:37:04<56:18,  2.98s/it] 63%|██████▎   | 1963/3094 [1:37:07<54:30,  2.89s/it]                                                      63%|██████▎   | 1963/3094 [1:37:07<54:30,  2.89s/it] 63%|██████▎   | 1964/3094 [1:37:10<53:06,  2.82s/it]                                                      63%|██████▎   | 1964/3094 [1:37:10<53:06,  2.82s/it] 64%|██████▎   | 1965/3094 [1:37:12<52:11,  2.77s/it]                                                      64%|██████▎   | 1965/3094 [1:37:12<52:11,  2.77s/it] 64%|██████▎   | 1966/3094 [1:37:15<49:42,  2.64s/it]                                                      64%|██████▎   | 1966/3094 [1:37:15<49:42,  2.64s/it] 64%|██████▎   | 1967/3094 [1:37:17<49:19,  2.63s/it]                                                      64%|██████▎   | 1967/3094 [1:37:17<49:19,  2.63s/it] 64%|██████▎   | 1968/3094 [1:37:20<50:50,  2.71s/it]                                                      64%|██████▎   | 1968/3094 [1:37:20<50:50,  2.71s/it] 64%|██████▎   | 1969/3094 [1:37:23<50:13,  2.68s/it]                                                      64%|██████▎   | 1969/3094 [1:37:23<50:13,  2.68s/it] 64%|██████▎   | 1970/3094 [1:37:26<51:56,  2.77s/it]                                                      64%|██████▎   | 1970/3094 [1:37:26<51:56,  2.77s/it] 64%|██████▎   | 1971/3094 [1:37:28<51:15,  2.74s/it]                                                      64%|██████▎   | 1971/3094 [1:37:28<51:15,  2.74s/it] 64%|██████▎   | 1972/3094 [1:37:32<53:43,  2.87s/it]                                                      64%|██████▎   | 1972/3094 [1:37:32<53:43,  2.87s/it] 64%|██████▍   | 1973/3094 [1:37:34<53:08,  2.84s/it]                                                      64%|██████▍   | 1973/3094 [1:37:34<53:08,  2.84s/it] 64%|██████▍   | 1974/3094 [1:37:37<53:25,  2.86s/it]                                                      64%|██████▍   | 1974/3094 [1:37:37<53:25,  2.86s/it] 64%|██████▍   | 1975/3094 [1:37:40<51:55,  2.78s/it]                                                      64%|██████▍   | 1975/3094 [1:37:40<51:55,  2.78s/it] 64%|██████▍   | 1976/3094 [1:37:43<56:18,  3.02s/it]                                                      64%|██████▍   | 1976/3094 [1:37:43<56:18,  3.02s/it] 64%|██████▍   | 1977/3094 [1:37:46<55:15,  2.97s/it]                                                      64%|██████▍   | 1977/3094 [1:37:46<55:15,  2.97s/it] 64%|██████▍   | 1978/3094 [1:37:49<55:57,  3.01s/it]                                                      64%|██████▍   | 1978/3094 [1:37:49<55:57,  3.01s/it] 64%|██████▍   | 1979/3094 [1:37:52<53:32,  2.88s/it]                                                      64%|██████▍   | 1979/3094 [1:37:52<53:32,  2.88s/it] 64%|██████▍   | 1980/3094 [1:37:54<51:00,  2.75s/it]                                                      64%|██████▍   | 1980/3094 [1:37:54<51:00,  2.75s/it] 64%|██████▍   | 1981/3094 [1:37:57<50:36,  2.73s/it]                                                      64%|██████▍   | 1981/3094 [1:37:57<50:36,  2.73s/it] 64%|██████▍   | 1982/3094 [1:38:00<51:18,  2.77s/it]                                                      64%|██████▍   | 1982/3094 [1:38:00<51:18,  2.77s/it] 64%|██████▍   | 1983/3094 [1:38:03<53:38,  2.90s/it]                                                      64%|██████▍   | 1983/3094 [1:38:03<53:38,  2.90s/it] 64%|██████▍   | 1984/3094 [1:38:06<54:43,  2.96s/it]                                                      64%|██████▍   | 1984/3094 [1:38:06<54:43,  2.96s/it] 64%|██████▍   | 1985/3094 [1:38:08<50:39,  2.74s/it]                                                      64%|██████▍   | 1985/3094 [1:38:08<50:39,  2.74s/it] 64%|██████▍   | 1986/3094 [1:38:12<53:10,  2.88s/it]                                                      64%|██████▍   | 1986/3094 [1:38:12<53:10,  2.88s/it] 64%|██████▍   | 1987/3094 [1:38:14<52:38,  2.85s/it]                                                      64%|██████▍   | 1987/3094 [1:38:14<52:38,  2.85s/it] 64%|██████▍   | 1988/3094 [1:38:17<52:35,  2.85s/it]                                                      64%|██████▍   | 1988/3094 [1:38:17<52:35,  2.85s/it] 64%|██████▍   | 1989/3094 [1:38:20<52:37,  2.86s/it]                                                      64%|██████▍   | 1989/3094 [1:38:20<52:37,  2.86s/it] 64%|██████▍   | 1990/3094 [1:38:23<52:03,  2.83s/it]                                                      64%|██████▍   | 1990/3094 [1:38:23<52:03,  2.83s/it] 64%|██████▍   | 1991/3094 [1:38:26<51:23,  2.80s/it]                                                      64%|██████▍   | 1991/3094 [1:38:26<51:23,  2.80s/it] 64%|██████▍   | 1992/3094 [1:38:28<50:36,  2.75s/it]                                                      64%|██████▍   | 1992/3094 [1:38:28<50:36,  2.75s/it] 64%|██████▍   | 1993/3094 [1:38:31<50:13,  2.74s/it]                                                      64%|██████▍   | 1993/3094 [1:38:31<50:13,  2.74s/it] 64%|██████▍   | 1994/3094 [1:38:34<48:52,  2.67s/it]                                                      64%|██████▍   | 1994/3094 [1:38:34<48:52,  2.67s/it] 64%|██████▍   | 1995/3094 [1:38:36<49:34,  2.71s/it]                                                      64%|██████▍   | 1995/3094 [1:38:36<49:34,  2.71s/it] 65%|██████▍   | 1996/3094 [1:38:39<50:23,  2.75s/it]                                                      65%|██████▍   | 1996/3094 [1:38:39<50:23,  2.75s/it] 65%|██████▍   | 1997/3094 [1:38:42<51:21,  2.81s/it]                                                      65%|██████▍   | 1997/3094 [1:38:42<51:21,  2.81s/it] 65%|██████▍   | 1998/3094 [1:38:44<47:51,  2.62s/it]                                                      65%|██████▍   | 1998/3094 [1:38:44<47:51,  2.62s/it] 65%|██████▍   | 1999/3094 [1:38:47<50:48,  2.78s/it]                                                      65%|██████▍   | 1999/3094 [1:38:47<50:48,  2.78s/it] 65%|██████▍   | 2000/3094 [1:38:50<52:04,  2.86s/it]                                                      65%|██████▍   | 2000/3094 [1:38:50<52:04,  2.86s/it] 65%|██████▍   | 2001/3094 [1:38:53<52:43,  2.89s/it]                                                      65%|██████▍   | 2001/3094 [1:38:53<52:43,  2.89s/it] 65%|██████▍   | 2002/3094 [1:38:56<52:53,  2.91s/it]                                                      65%|██████▍   | 2002/3094 [1:38:56<52:53,  2.91s/it] 65%|██████▍   | 2003/3094 [1:38:59<51:34,  2.84s/it]                                                      65%|██████▍   | 2003/3094 [1:38:59<51:34,  2.84s/it] 65%|██████▍   | 2004/3094 [1:39:02<53:27,  2.94s/it]                                                      65%|██████▍   | 2004/3094 [1:39:02<53:27,  2.94s/it] 65%|██████▍   | 2005/3094 [1:39:05<52:34,  2.90s/it]                                                      65%|██████▍   | 2005/3094 [1:39:05<52:34,  2.90s/it] 65%|██████▍   | 2006/3094 [1:39:08<53:41,  2.96s/it]                                                      65%|██████▍   | 2006/3094 [1:39:08<53:41,  2.96s/it] 65%|██████▍   | 2007/3094 [1:39:11<50:46,  2.80s/it]                                                     
{'loss': 1.8518, 'grad_norm': 0.23513281345367432, 'learning_rate': 7.53641955325348e-05, 'epoch': 0.62}
{'loss': 1.9012, 'grad_norm': 0.20901116728782654, 'learning_rate': 7.529944966008418e-05, 'epoch': 0.62}
{'loss': 2.1678, 'grad_norm': 0.20202115178108215, 'learning_rate': 7.523470378763354e-05, 'epoch': 0.62}
{'loss': 1.9231, 'grad_norm': 0.19728484749794006, 'learning_rate': 7.516995791518291e-05, 'epoch': 0.63}
{'loss': 1.9106, 'grad_norm': 0.1984371840953827, 'learning_rate': 7.510521204273227e-05, 'epoch': 0.63}
{'loss': 2.0932, 'grad_norm': 0.2183159589767456, 'learning_rate': 7.504046617028166e-05, 'epoch': 0.63}
{'loss': 1.9457, 'grad_norm': 0.22057609260082245, 'learning_rate': 7.497572029783102e-05, 'epoch': 0.63}
{'loss': 2.0359, 'grad_norm': 0.20657046139240265, 'learning_rate': 7.491097442538039e-05, 'epoch': 0.63}
{'loss': 1.9388, 'grad_norm': 0.2356809824705124, 'learning_rate': 7.484622855292975e-05, 'epoch': 0.63}
{'loss': 2.1525, 'grad_norm': 0.23738190531730652, 'learning_rate': 7.478148268047912e-05, 'epoch': 0.63}
{'loss': 2.2581, 'grad_norm': 0.28074339032173157, 'learning_rate': 7.471673680802848e-05, 'epoch': 0.63}
{'loss': 1.8511, 'grad_norm': 0.22900347411632538, 'learning_rate': 7.465199093557787e-05, 'epoch': 0.63}
{'loss': 2.0207, 'grad_norm': 0.254179447889328, 'learning_rate': 7.458724506312723e-05, 'epoch': 0.63}
{'loss': 1.7604, 'grad_norm': 0.21742239594459534, 'learning_rate': 7.45224991906766e-05, 'epoch': 0.63}
{'loss': 1.8041, 'grad_norm': 0.20907168090343475, 'learning_rate': 7.445775331822596e-05, 'epoch': 0.63}
{'loss': 1.9376, 'grad_norm': 0.22065025568008423, 'learning_rate': 7.439300744577534e-05, 'epoch': 0.63}
{'loss': 1.8497, 'grad_norm': 0.21217486262321472, 'learning_rate': 7.432826157332471e-05, 'epoch': 0.63}
{'loss': 2.0027, 'grad_norm': 0.2510588467121124, 'learning_rate': 7.426351570087407e-05, 'epoch': 0.63}
{'loss': 1.9924, 'grad_norm': 0.21188513934612274, 'learning_rate': 7.419876982842344e-05, 'epoch': 0.63}
{'loss': 2.1864, 'grad_norm': 0.23223038017749786, 'learning_rate': 7.41340239559728e-05, 'epoch': 0.63}
{'loss': 1.9394, 'grad_norm': 0.21995139122009277, 'learning_rate': 7.406927808352218e-05, 'epoch': 0.63}
{'loss': 2.1614, 'grad_norm': 0.2337525188922882, 'learning_rate': 7.400453221107154e-05, 'epoch': 0.63}
{'loss': 2.1233, 'grad_norm': 0.22988195717334747, 'learning_rate': 7.393978633862092e-05, 'epoch': 0.63}
{'loss': 1.8834, 'grad_norm': 0.22838592529296875, 'learning_rate': 7.387504046617028e-05, 'epoch': 0.63}
{'loss': 1.7498, 'grad_norm': 0.21111425757408142, 'learning_rate': 7.381029459371966e-05, 'epoch': 0.63}
{'loss': 1.9595, 'grad_norm': 0.20693999528884888, 'learning_rate': 7.374554872126902e-05, 'epoch': 0.63}
{'loss': 1.8943, 'grad_norm': 0.2088441401720047, 'learning_rate': 7.368080284881839e-05, 'epoch': 0.63}
{'loss': 1.9738, 'grad_norm': 0.21745330095291138, 'learning_rate': 7.361605697636776e-05, 'epoch': 0.63}
{'loss': 2.087, 'grad_norm': 0.21199320256710052, 'learning_rate': 7.355131110391712e-05, 'epoch': 0.63}
{'loss': 2.1106, 'grad_norm': 0.24589817225933075, 'learning_rate': 7.34865652314665e-05, 'epoch': 0.63}
{'loss': 1.7752, 'grad_norm': 0.22318586707115173, 'learning_rate': 7.342181935901586e-05, 'epoch': 0.63}
{'loss': 1.9514, 'grad_norm': 0.24006445705890656, 'learning_rate': 7.335707348656523e-05, 'epoch': 0.63}
{'loss': 1.9871, 'grad_norm': 0.26882630586624146, 'learning_rate': 7.32923276141146e-05, 'epoch': 0.63}
{'loss': 1.9763, 'grad_norm': 0.22368000447750092, 'learning_rate': 7.322758174166398e-05, 'epoch': 0.63}
{'loss': 1.9537, 'grad_norm': 0.2237379103899002, 'learning_rate': 7.316283586921334e-05, 'epoch': 0.64}
{'loss': 2.1359, 'grad_norm': 0.24022255837917328, 'learning_rate': 7.309808999676271e-05, 'epoch': 0.64}
{'loss': 1.8191, 'grad_norm': 0.2309836745262146, 'learning_rate': 7.303334412431207e-05, 'epoch': 0.64}
{'loss': 1.9351, 'grad_norm': 0.23421213030815125, 'learning_rate': 7.296859825186144e-05, 'epoch': 0.64}
{'loss': 2.0237, 'grad_norm': 0.22586987912654877, 'learning_rate': 7.290385237941082e-05, 'epoch': 0.64}
{'loss': 2.1402, 'grad_norm': 0.2134496122598648, 'learning_rate': 7.283910650696019e-05, 'epoch': 0.64}
{'loss': 1.9833, 'grad_norm': 0.23250111937522888, 'learning_rate': 7.277436063450955e-05, 'epoch': 0.64}
{'loss': 1.867, 'grad_norm': 0.21790947020053864, 'learning_rate': 7.270961476205892e-05, 'epoch': 0.64}
{'loss': 2.111, 'grad_norm': 0.2238643914461136, 'learning_rate': 7.264486888960828e-05, 'epoch': 0.64}
{'loss': 1.911, 'grad_norm': 0.2218814492225647, 'learning_rate': 7.258012301715766e-05, 'epoch': 0.64}
{'loss': 2.1366, 'grad_norm': 0.2353382557630539, 'learning_rate': 7.251537714470703e-05, 'epoch': 0.64}
{'loss': 1.8228, 'grad_norm': 0.19565270841121674, 'learning_rate': 7.245063127225639e-05, 'epoch': 0.64}
{'loss': 1.9063, 'grad_norm': 0.22740809619426727, 'learning_rate': 7.238588539980576e-05, 'epoch': 0.64}
{'loss': 1.7009, 'grad_norm': 0.20645928382873535, 'learning_rate': 7.232113952735512e-05, 'epoch': 0.64}
{'loss': 2.1372, 'grad_norm': 0.2421063333749771, 'learning_rate': 7.225639365490451e-05, 'epoch': 0.64}
{'loss': 2.0839, 'grad_norm': 0.24374255537986755, 'learning_rate': 7.219164778245387e-05, 'epoch': 0.64}
{'loss': 2.0969, 'grad_norm': 0.2310347855091095, 'learning_rate': 7.212690191000325e-05, 'epoch': 0.64}
{'loss': 1.9827, 'grad_norm': 0.22168701887130737, 'learning_rate': 7.20621560375526e-05, 'epoch': 0.64}
{'loss': 1.9401, 'grad_norm': 0.21740716695785522, 'learning_rate': 7.199741016510198e-05, 'epoch': 0.64}
{'loss': 1.806, 'grad_norm': 0.21508821845054626, 'learning_rate': 7.193266429265134e-05, 'epoch': 0.64}
{'loss': 2.1955, 'grad_norm': 0.2780226767063141, 'learning_rate': 7.186791842020073e-05, 'epoch': 0.64}
{'loss': 1.5633, 'grad_norm': 0.20267167687416077, 'learning_rate': 7.180317254775009e-05, 'epoch': 0.64}
{'loss': 2.0146, 'grad_norm': 0.2252555936574936, 'learning_rate': 7.173842667529946e-05, 'epoch': 0.64}
{'loss': 1.8585, 'grad_norm': 0.2068675309419632, 'learning_rate': 7.167368080284882e-05, 'epoch': 0.64}
{'loss': 1.9346, 'grad_norm': 0.21045257151126862, 'learning_rate': 7.160893493039819e-05, 'epoch': 0.64}
{'loss': 2.1533, 'grad_norm': 0.24624063074588776, 'learning_rate': 7.154418905794757e-05, 'epoch': 0.64}
{'loss': 1.986, 'grad_norm': 0.22130537033081055, 'learning_rate': 7.147944318549693e-05, 'epoch': 0.64}
{'loss': 1.9362, 'grad_norm': 0.2397501915693283, 'learning_rate': 7.14146973130463e-05, 'epoch': 0.64}
{'loss': 2.0912, 'grad_norm': 0.2506270408630371, 'learning_rate': 7.134995144059566e-05, 'epoch': 0.64}
{'loss': 2.019, 'grad_norm': 0.21729795634746552, 'learning_rate': 7.128520556814503e-05, 'epoch': 0.64}
{'loss': 2.0729, 'grad_norm': 0.23138296604156494, 'learning_rate': 7.12204596956944e-05, 'epoch': 0.64}
{'loss': 1.918, 'grad_norm': 0.2319480925798416, 'learning_rate': 7.115571382324378e-05, 'epoch': 0.65}
{'loss': 2.0992, 'grad_norm': 0.2378673255443573, 'learning_rate': 7.109096795079314e-05, 'epoch': 0.65}
{'loss': 1.9611, 'grad_norm': 0.24534650146961212, 'learning_rate': 7.102622207834251e-05, 'epoch': 0.65}
{'loss': 1.9182, 'grad_norm': 0.23537977039813995, 'learning_rate': 7.096147620589187e-05, 'epoch': 0.65}
{'loss': 1.8498, 'grad_norm': 0.22631296515464783, 'learning_rate': 7.089673033344125e-05, 'epoch': 0.65}
{'loss': 1.9299, 'grad_norm': 0.22004549205303192, 'learning_rate': 7.083198446099062e-05, 'epoch': 0.65}
{'loss': 1.9365, 'grad_norm': 0.2111799567937851, 'learning_rate': 7.076723858853999e-05, 'epoch': 0.65}
{'loss': 1.9616, 'grad_norm': 0.2218649685382843, 'learning_rate': 7.070249271608935e-05, 'epoch': 0.65}
{'loss': 1.8673, 'grad_norm': 0.21669209003448486, 'learning_rate': 7.063774684363873e-05, 'epoch': 0.65}
{'loss': 1.9904, 'grad_norm': 0.22003020346164703, 'learning_rate': 7.057300097118809e-05, 'epoch': 0.65}
{'loss': 2.0609, 'grad_norm': 0.22987224161624908, 'learning_rate': 7.050825509873746e-05, 'epoch': 0.65}
{'loss': 1.995, 'grad_norm': 0.24829791486263275, 'learning_rate': 7.044350922628683e-05, 'epoch': 0.65} 65%|██████▍   | 2007/3094 [1:39:11<50:46,  2.80s/it] 65%|██████▍   | 2008/3094 [1:39:13<51:01,  2.82s/it]                                                      65%|██████▍   | 2008/3094 [1:39:13<51:01,  2.82s/it] 65%|██████▍   | 2009/3094 [1:39:16<51:41,  2.86s/it]                                                      65%|██████▍   | 2009/3094 [1:39:16<51:41,  2.86s/it] 65%|██████▍   | 2010/3094 [1:39:20<53:14,  2.95s/it]                                                      65%|██████▍   | 2010/3094 [1:39:20<53:14,  2.95s/it] 65%|██████▍   | 2011/3094 [1:39:22<51:04,  2.83s/it]                                                      65%|██████▍   | 2011/3094 [1:39:22<51:04,  2.83s/it] 65%|██████▌   | 2012/3094 [1:39:25<52:10,  2.89s/it]                                                      65%|██████▌   | 2012/3094 [1:39:25<52:10,  2.89s/it] 65%|██████▌   | 2013/3094 [1:39:28<51:08,  2.84s/it]                                                      65%|██████▌   | 2013/3094 [1:39:28<51:08,  2.84s/it] 65%|██████▌   | 2014/3094 [1:39:31<50:17,  2.79s/it]                                                      65%|██████▌   | 2014/3094 [1:39:31<50:17,  2.79s/it] 65%|██████▌   | 2015/3094 [1:39:33<49:54,  2.77s/it]                                                      65%|██████▌   | 2015/3094 [1:39:33<49:54,  2.77s/it] 65%|██████▌   | 2016/3094 [1:39:36<48:54,  2.72s/it]                                                      65%|██████▌   | 2016/3094 [1:39:36<48:54,  2.72s/it] 65%|██████▌   | 2017/3094 [1:39:39<49:40,  2.77s/it]                                                      65%|██████▌   | 2017/3094 [1:39:39<49:40,  2.77s/it] 65%|██████▌   | 2018/3094 [1:39:42<49:30,  2.76s/it]                                                      65%|██████▌   | 2018/3094 [1:39:42<49:30,  2.76s/it] 65%|██████▌   | 2019/3094 [1:39:44<49:52,  2.78s/it]                                                      65%|██████▌   | 2019/3094 [1:39:44<49:52,  2.78s/it] 65%|██████▌   | 2020/3094 [1:39:47<49:57,  2.79s/it]                                                      65%|██████▌   | 2020/3094 [1:39:47<49:57,  2.79s/it] 65%|██████▌   | 2021/3094 [1:39:50<49:19,  2.76s/it]                                                      65%|██████▌   | 2021/3094 [1:39:50<49:19,  2.76s/it] 65%|██████▌   | 2022/3094 [1:39:53<48:48,  2.73s/it]                                                      65%|██████▌   | 2022/3094 [1:39:53<48:48,  2.73s/it] 65%|██████▌   | 2023/3094 [1:39:55<49:58,  2.80s/it]                                                      65%|██████▌   | 2023/3094 [1:39:55<49:58,  2.80s/it] 65%|██████▌   | 2024/3094 [1:39:59<52:45,  2.96s/it]                                                      65%|██████▌   | 2024/3094 [1:39:59<52:45,  2.96s/it] 65%|██████▌   | 2025/3094 [1:40:01<50:16,  2.82s/it]                                                      65%|██████▌   | 2025/3094 [1:40:01<50:16,  2.82s/it] 65%|██████▌   | 2026/3094 [1:40:05<53:02,  2.98s/it]                                                      65%|██████▌   | 2026/3094 [1:40:05<53:02,  2.98s/it] 66%|██████▌   | 2027/3094 [1:40:08<53:19,  3.00s/it]                                                      66%|██████▌   | 2027/3094 [1:40:08<53:19,  3.00s/it] 66%|██████▌   | 2028/3094 [1:40:10<51:36,  2.90s/it]                                                      66%|██████▌   | 2028/3094 [1:40:10<51:36,  2.90s/it] 66%|██████▌   | 2029/3094 [1:40:13<50:32,  2.85s/it]                                                      66%|██████▌   | 2029/3094 [1:40:13<50:32,  2.85s/it] 66%|██████▌   | 2030/3094 [1:40:16<52:17,  2.95s/it]                                                      66%|██████▌   | 2030/3094 [1:40:16<52:17,  2.95s/it] 66%|██████▌   | 2031/3094 [1:40:19<51:10,  2.89s/it]                                                      66%|██████▌   | 2031/3094 [1:40:19<51:10,  2.89s/it] 66%|██████▌   | 2032/3094 [1:40:22<52:07,  2.94s/it]                                                      66%|██████▌   | 2032/3094 [1:40:22<52:07,  2.94s/it] 66%|██████▌   | 2033/3094 [1:40:25<54:26,  3.08s/it]                                                      66%|██████▌   | 2033/3094 [1:40:25<54:26,  3.08s/it] 66%|██████▌   | 2034/3094 [1:40:28<51:56,  2.94s/it]                                                      66%|██████▌   | 2034/3094 [1:40:28<51:56,  2.94s/it] 66%|██████▌   | 2035/3094 [1:40:31<53:29,  3.03s/it]                                                      66%|██████▌   | 2035/3094 [1:40:31<53:29,  3.03s/it] 66%|██████▌   | 2036/3094 [1:40:34<52:53,  3.00s/it]                                                      66%|██████▌   | 2036/3094 [1:40:34<52:53,  3.00s/it] 66%|██████▌   | 2037/3094 [1:40:38<54:21,  3.09s/it]                                                      66%|██████▌   | 2037/3094 [1:40:38<54:21,  3.09s/it] 66%|██████▌   | 2038/3094 [1:40:41<55:27,  3.15s/it]                                                      66%|██████▌   | 2038/3094 [1:40:41<55:27,  3.15s/it] 66%|██████▌   | 2039/3094 [1:40:44<56:41,  3.22s/it]                                                      66%|██████▌   | 2039/3094 [1:40:44<56:41,  3.22s/it] 66%|██████▌   | 2040/3094 [1:40:47<53:17,  3.03s/it]                                                      66%|██████▌   | 2040/3094 [1:40:47<53:17,  3.03s/it] 66%|██████▌   | 2041/3094 [1:40:50<52:18,  2.98s/it]                                                      66%|██████▌   | 2041/3094 [1:40:50<52:18,  2.98s/it] 66%|██████▌   | 2042/3094 [1:40:53<52:12,  2.98s/it]                                                      66%|██████▌   | 2042/3094 [1:40:53<52:12,  2.98s/it] 66%|██████▌   | 2043/3094 [1:40:55<49:00,  2.80s/it]                                                      66%|██████▌   | 2043/3094 [1:40:55<49:00,  2.80s/it] 66%|██████▌   | 2044/3094 [1:40:58<48:24,  2.77s/it]                                                      66%|██████▌   | 2044/3094 [1:40:58<48:24,  2.77s/it] 66%|██████▌   | 2045/3094 [1:41:00<48:02,  2.75s/it]                                                      66%|██████▌   | 2045/3094 [1:41:00<48:02,  2.75s/it] 66%|██████▌   | 2046/3094 [1:41:03<48:34,  2.78s/it]                                                      66%|██████▌   | 2046/3094 [1:41:03<48:34,  2.78s/it] 66%|██████▌   | 2047/3094 [1:41:06<49:17,  2.82s/it]                                                      66%|██████▌   | 2047/3094 [1:41:06<49:17,  2.82s/it] 66%|██████▌   | 2048/3094 [1:41:09<46:48,  2.68s/it]                                                      66%|██████▌   | 2048/3094 [1:41:09<46:48,  2.68s/it] 66%|██████▌   | 2049/3094 [1:41:12<49:49,  2.86s/it]                                                      66%|██████▌   | 2049/3094 [1:41:12<49:49,  2.86s/it] 66%|██████▋   | 2050/3094 [1:41:14<48:19,  2.78s/it]                                                      66%|██████▋   | 2050/3094 [1:41:14<48:19,  2.78s/it] 66%|██████▋   | 2051/3094 [1:41:17<46:32,  2.68s/it]                                                      66%|██████▋   | 2051/3094 [1:41:17<46:32,  2.68s/it] 66%|██████▋   | 2052/3094 [1:41:20<46:25,  2.67s/it]                                                      66%|██████▋   | 2052/3094 [1:41:20<46:25,  2.67s/it] 66%|██████▋   | 2053/3094 [1:41:23<50:35,  2.92s/it]                                                      66%|██████▋   | 2053/3094 [1:41:23<50:35,  2.92s/it] 66%|██████▋   | 2054/3094 [1:41:27<53:56,  3.11s/it]                                                      66%|██████▋   | 2054/3094 [1:41:27<53:56,  3.11s/it] 66%|██████▋   | 2055/3094 [1:41:29<50:10,  2.90s/it]                                                      66%|██████▋   | 2055/3094 [1:41:29<50:10,  2.90s/it] 66%|██████▋   | 2056/3094 [1:41:32<51:33,  2.98s/it]                                                      66%|██████▋   | 2056/3094 [1:41:32<51:33,  2.98s/it] 66%|██████▋   | 2057/3094 [1:41:35<51:42,  2.99s/it]                                                      66%|██████▋   | 2057/3094 [1:41:35<51:42,  2.99s/it] 67%|██████▋   | 2058/3094 [1:41:38<49:49,  2.89s/it]                                                      67%|██████▋   | 2058/3094 [1:41:38<49:49,  2.89s/it] 67%|██████▋   | 2059/3094 [1:41:41<49:56,  2.89s/it]                                                      67%|██████▋   | 2059/3094 [1:41:41<49:56,  2.89s/it] 67%|██████▋   | 2060/3094 [1:41:44<50:39,  2.94s/it]                                                      67%|██████▋   | 2060/3094 [1:41:44<50:39,  2.94s/it] 67%|██████▋   | 2061/3094 [1:41:47<50:16,  2.92s/it]                                                      67%|██████▋   | 2061/3094 [1:41:47<50:16,  2.92s/it] 67%|██████▋   | 2062/3094 [1:41:50<50:08,  2.92s/it]                                                      67%|██████▋   | 2062/3094 [1:41:50<50:08,  2.92s/it] 67%|██████▋   | 2063/3094 [1:41:53<50:48,  2.96s/it]                                                      67%|██████▋   | 2063/3094 [1:41:53<50:48,  2.96s/it] 67%|██████▋   | 2064/3094 [1:41:56<50:21,  2.93s/it]                                                      67%|██████▋   | 2064/3094 [1:41:56<50:21,  2.93s/it] 67%|██████▋   | 2065/3094 [1:41:59<51:15,  2.99s/it]                                                      67%|██████▋   | 2065/3094 [1:41:59<51:15,  2.99s/it] 67%|██████▋   | 2066/3094 [1:42:02<50:51,  2.97s/it]                                                      67%|██████▋   | 2066/3094 [1:42:02<50:51,  2.97s/it] 67%|██████▋   | 2067/3094 [1:42:04<49:36,  2.90s/it]                                                      67%|██████▋   | 2067/3094 [1:42:04<49:36,  2.90s/it] 67%|██████▋   | 2068/3094 [1:42:07<47:44,  2.79s/it]                                                      67%|██████▋   | 2068/3094 [1:42:07<47:44,  2.79s/it] 67%|██████▋   | 2069/3094 [1:42:09<46:33,  2.73s/it]                                                      67%|██████▋   | 2069/3094 [1:42:09<46:33,  2.73s/it] 67%|██████▋   | 2070/3094 [1:42:12<45:20,  2.66s/it]                                                      67%|██████▋   | 2070/3094 [1:42:12<45:20,  2.66s/it] 67%|██████▋   | 2071/3094 [1:42:15<47:54,  2.81s/it]                                                      67%|██████▋   | 2071/3094 [1:42:15<47:54,  2.81s/it] 67%|██████▋   | 2072/3094 [1:42:18<46:07,  2.71s/it]                                                      67%|██████▋   | 2072/3094 [1:42:18<46:07,  2.71s/it] 67%|██████▋   | 2073/3094 [1:42:20<46:46,  2.75s/it]                                                      67%|██████▋   | 2073/3094 [1:42:20<46:46,  2.75s/it] 67%|██████▋   | 2074/3094 [1:42:23<46:42,  2.75s/it]                                                      67%|██████▋   | 2074/3094 [1:42:23<46:42,  2.75s/it] 67%|██████▋   | 2075/3094 [1:42:26<46:57,  2.77s/it]                                                      67%|██████▋   | 2075/3094 [1:42:26<46:57,  2.77s/it] 67%|██████▋   | 2076/3094 [1:42:30<53:41,  3.16s/it]                                                      67%|██████▋   | 2076/3094 [1:42:30<53:41,  3.16s/it] 67%|██████▋   | 2077/3094 [1:42:33<52:38,  3.11s/it]                                                      67%|██████▋   | 2077/3094 [1:42:33<52:38,  3.11s/it] 67%|██████▋   | 2078/3094 [1:42:36<51:14,  3.03s/it]                                                      67%|██████▋   | 2078/3094 [1:42:36<51:14,  3.03s/it] 67%|██████▋   | 2079/3094 [1:42:39<50:14,  2.97s/it]                                                      67%|██████▋   | 2079/3094 [1:42:39<50:14,  2.97s/it] 67%|██████▋   | 2080/3094 [1:42:42<50:27,  2.99s/it]                                                      67%|██████▋   | 2080/3094 [1:42:42<50:27,  2.99s/it] 67%|██████▋   | 2081/3094 [1:42:44<47:58,  2.84s/it]                                                      67%|██████▋   | 2081/3094 [1:42:44<47:58,  2.84s/it] 67%|██████▋   | 2082/3094 [1:42:47<47:38,  2.82s/it]                                                      67%|██████▋   | 2082/3094 [1:42:47<47:38,  2.82s/it] 67%|██████▋   | 2083/3094 [1:42:51<52:17,  3.10s/it]                                                      67%|██████▋   | 2083/3094 [1:42:51<52:17,  3.10s/it] 67%|██████▋   | 2084/3094 [1:42:53<50:02,  2.97s/it]                                                     
{'loss': 2.1076, 'grad_norm': 0.2503392696380615, 'learning_rate': 7.037876335383619e-05, 'epoch': 0.65}
{'loss': 1.891, 'grad_norm': 0.2219076156616211, 'learning_rate': 7.031401748138557e-05, 'epoch': 0.65}
{'loss': 1.8199, 'grad_norm': 0.20924082398414612, 'learning_rate': 7.024927160893493e-05, 'epoch': 0.65}
{'loss': 1.8297, 'grad_norm': 0.2412232905626297, 'learning_rate': 7.018452573648431e-05, 'epoch': 0.65}
{'loss': 1.8492, 'grad_norm': 0.20042921602725983, 'learning_rate': 7.011977986403367e-05, 'epoch': 0.65}
{'loss': 2.0099, 'grad_norm': 0.24144668877124786, 'learning_rate': 7.005503399158305e-05, 'epoch': 0.65}
{'loss': 1.9429, 'grad_norm': 0.25352758169174194, 'learning_rate': 6.99902881191324e-05, 'epoch': 0.65}
{'loss': 2.0949, 'grad_norm': 0.21699844300746918, 'learning_rate': 6.992554224668178e-05, 'epoch': 0.65}
{'loss': 2.0711, 'grad_norm': 0.28010910749435425, 'learning_rate': 6.986079637423114e-05, 'epoch': 0.65}
{'loss': 1.872, 'grad_norm': 0.22341391444206238, 'learning_rate': 6.979605050178051e-05, 'epoch': 0.65}
{'loss': 2.1132, 'grad_norm': 0.24116355180740356, 'learning_rate': 6.973130462932989e-05, 'epoch': 0.65}
{'loss': 1.9566, 'grad_norm': 0.22827056050300598, 'learning_rate': 6.966655875687925e-05, 'epoch': 0.65}
{'loss': 1.8951, 'grad_norm': 0.22699803113937378, 'learning_rate': 6.960181288442862e-05, 'epoch': 0.65}
{'loss': 1.8954, 'grad_norm': 0.24247577786445618, 'learning_rate': 6.953706701197798e-05, 'epoch': 0.65}
{'loss': 2.0039, 'grad_norm': 0.21984891593456268, 'learning_rate': 6.947232113952737e-05, 'epoch': 0.65}
{'loss': 1.8814, 'grad_norm': 0.21364718675613403, 'learning_rate': 6.940757526707673e-05, 'epoch': 0.65}
{'loss': 1.9936, 'grad_norm': 0.19900046288967133, 'learning_rate': 6.93428293946261e-05, 'epoch': 0.65}
{'loss': 1.9888, 'grad_norm': 0.260224848985672, 'learning_rate': 6.927808352217546e-05, 'epoch': 0.65}
{'loss': 2.0303, 'grad_norm': 0.19380660355091095, 'learning_rate': 6.921333764972483e-05, 'epoch': 0.65}
{'loss': 1.9264, 'grad_norm': 0.2223893254995346, 'learning_rate': 6.91485917772742e-05, 'epoch': 0.66}
{'loss': 1.9621, 'grad_norm': 0.2424745261669159, 'learning_rate': 6.908384590482358e-05, 'epoch': 0.66}
{'loss': 2.0514, 'grad_norm': 0.22449927031993866, 'learning_rate': 6.901910003237294e-05, 'epoch': 0.66}
{'loss': 1.9978, 'grad_norm': 0.21378962695598602, 'learning_rate': 6.895435415992231e-05, 'epoch': 0.66}
{'loss': 1.8704, 'grad_norm': 0.23417696356773376, 'learning_rate': 6.888960828747167e-05, 'epoch': 0.66}
{'loss': 1.9732, 'grad_norm': 0.19179584085941315, 'learning_rate': 6.882486241502105e-05, 'epoch': 0.66}
{'loss': 1.8932, 'grad_norm': 0.2158147096633911, 'learning_rate': 6.876011654257042e-05, 'epoch': 0.66}
{'loss': 1.8873, 'grad_norm': 0.2357984334230423, 'learning_rate': 6.869537067011978e-05, 'epoch': 0.66}
{'loss': 1.7823, 'grad_norm': 0.20294596254825592, 'learning_rate': 6.863062479766915e-05, 'epoch': 0.66}
{'loss': 2.0524, 'grad_norm': 0.2249232679605484, 'learning_rate': 6.856587892521851e-05, 'epoch': 0.66}
{'loss': 1.8397, 'grad_norm': 0.21170318126678467, 'learning_rate': 6.850113305276789e-05, 'epoch': 0.66}
{'loss': 1.7861, 'grad_norm': 0.2175002545118332, 'learning_rate': 6.843638718031726e-05, 'epoch': 0.66}
{'loss': 1.7771, 'grad_norm': 0.23254115879535675, 'learning_rate': 6.837164130786663e-05, 'epoch': 0.66}
{'loss': 2.0929, 'grad_norm': 0.23718634247779846, 'learning_rate': 6.8306895435416e-05, 'epoch': 0.66}
{'loss': 1.8693, 'grad_norm': 0.23239289224147797, 'learning_rate': 6.824214956296537e-05, 'epoch': 0.66}
{'loss': 2.1095, 'grad_norm': 0.22976623475551605, 'learning_rate': 6.817740369051473e-05, 'epoch': 0.66}
{'loss': 2.1408, 'grad_norm': 0.2442052960395813, 'learning_rate': 6.81126578180641e-05, 'epoch': 0.66}
{'loss': 1.8933, 'grad_norm': 0.22532960772514343, 'learning_rate': 6.804791194561347e-05, 'epoch': 0.66}
{'loss': 2.1503, 'grad_norm': 0.22513768076896667, 'learning_rate': 6.798316607316285e-05, 'epoch': 0.66}
{'loss': 1.9404, 'grad_norm': 0.23612184822559357, 'learning_rate': 6.791842020071221e-05, 'epoch': 0.66}
{'loss': 2.2418, 'grad_norm': 0.219334676861763, 'learning_rate': 6.785367432826158e-05, 'epoch': 0.66}
{'loss': 2.0496, 'grad_norm': 0.25492069125175476, 'learning_rate': 6.778892845581094e-05, 'epoch': 0.66}
{'loss': 2.0, 'grad_norm': 0.201703280210495, 'learning_rate': 6.772418258336031e-05, 'epoch': 0.66}
{'loss': 2.0276, 'grad_norm': 0.21289397776126862, 'learning_rate': 6.765943671090969e-05, 'epoch': 0.66}
{'loss': 2.2715, 'grad_norm': 0.23229728639125824, 'learning_rate': 6.759469083845905e-05, 'epoch': 0.66}
{'loss': 1.882, 'grad_norm': 0.24281828105449677, 'learning_rate': 6.752994496600842e-05, 'epoch': 0.66}
{'loss': 1.9889, 'grad_norm': 0.20309212803840637, 'learning_rate': 6.746519909355778e-05, 'epoch': 0.66}
{'loss': 1.8772, 'grad_norm': 0.1978917270898819, 'learning_rate': 6.740045322110717e-05, 'epoch': 0.66}
{'loss': 2.1052, 'grad_norm': 0.23871192336082458, 'learning_rate': 6.733570734865653e-05, 'epoch': 0.66}
{'loss': 1.8342, 'grad_norm': 0.21201258897781372, 'learning_rate': 6.72709614762059e-05, 'epoch': 0.66}
{'loss': 1.9229, 'grad_norm': 0.197915181517601, 'learning_rate': 6.720621560375526e-05, 'epoch': 0.66}
{'loss': 2.1015, 'grad_norm': 0.23495522141456604, 'learning_rate': 6.714146973130463e-05, 'epoch': 0.67}
{'loss': 2.2257, 'grad_norm': 0.2282688468694687, 'learning_rate': 6.7076723858854e-05, 'epoch': 0.67}
{'loss': 1.8356, 'grad_norm': 0.20861022174358368, 'learning_rate': 6.701197798640337e-05, 'epoch': 0.67}
{'loss': 1.9682, 'grad_norm': 0.23289145529270172, 'learning_rate': 6.694723211395274e-05, 'epoch': 0.67}
{'loss': 1.95, 'grad_norm': 0.21976609528064728, 'learning_rate': 6.68824862415021e-05, 'epoch': 0.67}
{'loss': 1.8269, 'grad_norm': 0.19643178582191467, 'learning_rate': 6.681774036905147e-05, 'epoch': 0.67}
{'loss': 1.9345, 'grad_norm': 0.21965089440345764, 'learning_rate': 6.675299449660083e-05, 'epoch': 0.67}
{'loss': 2.0759, 'grad_norm': 0.21885858476161957, 'learning_rate': 6.668824862415022e-05, 'epoch': 0.67}
{'loss': 1.9957, 'grad_norm': 0.22934353351593018, 'learning_rate': 6.662350275169958e-05, 'epoch': 0.67}
{'loss': 2.2353, 'grad_norm': 0.23140767216682434, 'learning_rate': 6.655875687924895e-05, 'epoch': 0.67}
{'loss': 2.0155, 'grad_norm': 0.24014624953269958, 'learning_rate': 6.649401100679831e-05, 'epoch': 0.67}
{'loss': 1.8367, 'grad_norm': 0.2323823869228363, 'learning_rate': 6.642926513434769e-05, 'epoch': 0.67}
{'loss': 1.9476, 'grad_norm': 0.20751290023326874, 'learning_rate': 6.636451926189706e-05, 'epoch': 0.67}
{'loss': 2.0104, 'grad_norm': 0.22423909604549408, 'learning_rate': 6.629977338944643e-05, 'epoch': 0.67}
{'loss': 2.1403, 'grad_norm': 0.2427130937576294, 'learning_rate': 6.62350275169958e-05, 'epoch': 0.67}
{'loss': 1.953, 'grad_norm': 0.21499761939048767, 'learning_rate': 6.617028164454517e-05, 'epoch': 0.67}
{'loss': 2.131, 'grad_norm': 0.22725921869277954, 'learning_rate': 6.610553577209453e-05, 'epoch': 0.67}
{'loss': 1.9678, 'grad_norm': 0.23522819578647614, 'learning_rate': 6.60407898996439e-05, 'epoch': 0.67}
{'loss': 1.7015, 'grad_norm': 0.19156813621520996, 'learning_rate': 6.597604402719327e-05, 'epoch': 0.67}
{'loss': 1.8897, 'grad_norm': 0.22730757296085358, 'learning_rate': 6.591129815474263e-05, 'epoch': 0.67}
{'loss': 1.9068, 'grad_norm': 0.22349298000335693, 'learning_rate': 6.584655228229201e-05, 'epoch': 0.67}
{'loss': 1.9965, 'grad_norm': 0.2071957141160965, 'learning_rate': 6.578180640984137e-05, 'epoch': 0.67}
{'loss': 2.0452, 'grad_norm': 0.23450599610805511, 'learning_rate': 6.571706053739074e-05, 'epoch': 0.67}
{'loss': 2.1467, 'grad_norm': 0.25411662459373474, 'learning_rate': 6.565231466494011e-05, 'epoch': 0.67}
{'loss': 1.7827, 'grad_norm': 0.21754975616931915, 'learning_rate': 6.558756879248949e-05, 'epoch': 0.67}
{'loss': 1.9697, 'grad_norm': 0.21099157631397247, 'learning_rate': 6.552282292003885e-05, 'epoch': 0.67}
{'loss': 2.0524, 'grad_norm': 0.24665550887584686, 'learning_rate': 6.545807704758822e-05, 'epoch': 0.67} 67%|██████▋   | 2084/3094 [1:42:53<50:02,  2.97s/it] 67%|██████▋   | 2085/3094 [1:42:58<55:39,  3.31s/it]                                                      67%|██████▋   | 2085/3094 [1:42:58<55:39,  3.31s/it] 67%|██████▋   | 2086/3094 [1:43:01<55:26,  3.30s/it]                                                      67%|██████▋   | 2086/3094 [1:43:01<55:26,  3.30s/it] 67%|██████▋   | 2087/3094 [1:43:03<51:55,  3.09s/it]                                                      67%|██████▋   | 2087/3094 [1:43:03<51:55,  3.09s/it] 67%|██████▋   | 2088/3094 [1:43:06<50:20,  3.00s/it]                                                      67%|██████▋   | 2088/3094 [1:43:06<50:20,  3.00s/it] 68%|██████▊   | 2089/3094 [1:43:09<48:55,  2.92s/it]                                                      68%|██████▊   | 2089/3094 [1:43:09<48:55,  2.92s/it] 68%|██████▊   | 2090/3094 [1:43:12<51:45,  3.09s/it]                                                      68%|██████▊   | 2090/3094 [1:43:12<51:45,  3.09s/it] 68%|██████▊   | 2091/3094 [1:43:16<52:27,  3.14s/it]                                                      68%|██████▊   | 2091/3094 [1:43:16<52:27,  3.14s/it] 68%|██████▊   | 2092/3094 [1:43:18<48:55,  2.93s/it]                                                      68%|██████▊   | 2092/3094 [1:43:18<48:55,  2.93s/it] 68%|██████▊   | 2093/3094 [1:43:21<48:32,  2.91s/it]                                                      68%|██████▊   | 2093/3094 [1:43:21<48:32,  2.91s/it] 68%|██████▊   | 2094/3094 [1:43:24<47:39,  2.86s/it]                                                      68%|██████▊   | 2094/3094 [1:43:24<47:39,  2.86s/it] 68%|██████▊   | 2095/3094 [1:43:27<49:44,  2.99s/it]                                                      68%|██████▊   | 2095/3094 [1:43:27<49:44,  2.99s/it] 68%|██████▊   | 2096/3094 [1:43:30<50:17,  3.02s/it]                                                      68%|██████▊   | 2096/3094 [1:43:30<50:17,  3.02s/it] 68%|██████▊   | 2097/3094 [1:43:32<46:40,  2.81s/it]                                                      68%|██████▊   | 2097/3094 [1:43:32<46:40,  2.81s/it] 68%|██████▊   | 2098/3094 [1:43:35<45:44,  2.76s/it]                                                      68%|██████▊   | 2098/3094 [1:43:35<45:44,  2.76s/it] 68%|██████▊   | 2099/3094 [1:43:38<49:00,  2.96s/it]                                                      68%|██████▊   | 2099/3094 [1:43:38<49:00,  2.96s/it] 68%|██████▊   | 2100/3094 [1:43:42<49:54,  3.01s/it]                                                      68%|██████▊   | 2100/3094 [1:43:42<49:54,  3.01s/it] 68%|██████▊   | 2101/3094 [1:43:44<47:31,  2.87s/it]                                                      68%|██████▊   | 2101/3094 [1:43:44<47:31,  2.87s/it] 68%|██████▊   | 2102/3094 [1:43:47<47:47,  2.89s/it]                                                      68%|██████▊   | 2102/3094 [1:43:47<47:47,  2.89s/it] 68%|██████▊   | 2103/3094 [1:43:50<50:17,  3.04s/it]                                                      68%|██████▊   | 2103/3094 [1:43:50<50:17,  3.04s/it] 68%|██████▊   | 2104/3094 [1:43:54<50:33,  3.06s/it]                                                      68%|██████▊   | 2104/3094 [1:43:54<50:33,  3.06s/it] 68%|██████▊   | 2105/3094 [1:43:56<47:33,  2.88s/it]                                                      68%|██████▊   | 2105/3094 [1:43:56<47:33,  2.88s/it] 68%|██████▊   | 2106/3094 [1:43:58<44:47,  2.72s/it]                                                      68%|██████▊   | 2106/3094 [1:43:58<44:47,  2.72s/it] 68%|██████▊   | 2107/3094 [1:44:02<47:14,  2.87s/it]                                                      68%|██████▊   | 2107/3094 [1:44:02<47:14,  2.87s/it] 68%|██████▊   | 2108/3094 [1:44:04<46:45,  2.85s/it]                                                      68%|██████▊   | 2108/3094 [1:44:04<46:45,  2.85s/it] 68%|██████▊   | 2109/3094 [1:44:07<46:43,  2.85s/it]                                                      68%|██████▊   | 2109/3094 [1:44:07<46:43,  2.85s/it] 68%|██████▊   | 2110/3094 [1:44:11<48:44,  2.97s/it]                                                      68%|██████▊   | 2110/3094 [1:44:11<48:44,  2.97s/it] 68%|██████▊   | 2111/3094 [1:44:14<48:56,  2.99s/it]                                                      68%|██████▊   | 2111/3094 [1:44:14<48:56,  2.99s/it] 68%|██████▊   | 2112/3094 [1:44:16<48:30,  2.96s/it]                                                      68%|██████▊   | 2112/3094 [1:44:16<48:30,  2.96s/it] 68%|██████▊   | 2113/3094 [1:44:19<46:45,  2.86s/it]                                                      68%|██████▊   | 2113/3094 [1:44:19<46:45,  2.86s/it] 68%|██████▊   | 2114/3094 [1:44:22<46:40,  2.86s/it]                                                      68%|██████▊   | 2114/3094 [1:44:22<46:40,  2.86s/it] 68%|██████▊   | 2115/3094 [1:44:25<49:02,  3.01s/it]                                                      68%|██████▊   | 2115/3094 [1:44:25<49:02,  3.01s/it] 68%|██████▊   | 2116/3094 [1:44:28<48:38,  2.98s/it]                                                      68%|██████▊   | 2116/3094 [1:44:28<48:38,  2.98s/it] 68%|██████▊   | 2117/3094 [1:44:31<48:22,  2.97s/it]                                                      68%|██████▊   | 2117/3094 [1:44:31<48:22,  2.97s/it] 68%|██████▊   | 2118/3094 [1:44:34<48:52,  3.01s/it]                                                      68%|██████▊   | 2118/3094 [1:44:34<48:52,  3.01s/it] 68%|██████▊   | 2119/3094 [1:44:37<48:38,  2.99s/it]                                                      68%|██████▊   | 2119/3094 [1:44:37<48:38,  2.99s/it] 69%|██████▊   | 2120/3094 [1:44:40<48:49,  3.01s/it]                                                      69%|██████▊   | 2120/3094 [1:44:40<48:49,  3.01s/it] 69%|██████▊   | 2121/3094 [1:44:43<46:58,  2.90s/it]                                                      69%|██████▊   | 2121/3094 [1:44:43<46:58,  2.90s/it] 69%|██████▊   | 2122/3094 [1:44:46<47:44,  2.95s/it]                                                      69%|██████▊   | 2122/3094 [1:44:46<47:44,  2.95s/it] 69%|██████▊   | 2123/3094 [1:44:49<46:35,  2.88s/it]                                                      69%|██████▊   | 2123/3094 [1:44:49<46:35,  2.88s/it] 69%|██████▊   | 2124/3094 [1:44:52<47:40,  2.95s/it]                                                      69%|██████▊   | 2124/3094 [1:44:52<47:40,  2.95s/it] 69%|██████▊   | 2125/3094 [1:44:54<46:13,  2.86s/it]                                                      69%|██████▊   | 2125/3094 [1:44:54<46:13,  2.86s/it] 69%|██████▊   | 2126/3094 [1:44:57<46:40,  2.89s/it]                                                      69%|██████▊   | 2126/3094 [1:44:57<46:40,  2.89s/it] 69%|██████▊   | 2127/3094 [1:45:00<45:49,  2.84s/it]                                                      69%|██████▊   | 2127/3094 [1:45:00<45:49,  2.84s/it] 69%|██████▉   | 2128/3094 [1:45:03<45:06,  2.80s/it]                                                      69%|██████▉   | 2128/3094 [1:45:03<45:06,  2.80s/it] 69%|██████▉   | 2129/3094 [1:45:06<45:05,  2.80s/it]                                                      69%|██████▉   | 2129/3094 [1:45:06<45:05,  2.80s/it] 69%|██████▉   | 2130/3094 [1:45:09<46:08,  2.87s/it]                                                      69%|██████▉   | 2130/3094 [1:45:09<46:08,  2.87s/it] 69%|██████▉   | 2131/3094 [1:45:12<46:26,  2.89s/it]                                                      69%|██████▉   | 2131/3094 [1:45:12<46:26,  2.89s/it] 69%|██████▉   | 2132/3094 [1:45:15<48:36,  3.03s/it]                                                      69%|██████▉   | 2132/3094 [1:45:15<48:36,  3.03s/it] 69%|██████▉   | 2133/3094 [1:45:18<48:05,  3.00s/it]                                                      69%|██████▉   | 2133/3094 [1:45:18<48:05,  3.00s/it] 69%|██████▉   | 2134/3094 [1:45:21<46:12,  2.89s/it]                                                      69%|██████▉   | 2134/3094 [1:45:21<46:12,  2.89s/it] 69%|██████▉   | 2135/3094 [1:45:23<44:51,  2.81s/it]                                                      69%|██████▉   | 2135/3094 [1:45:23<44:51,  2.81s/it] 69%|██████▉   | 2136/3094 [1:45:26<45:38,  2.86s/it]                                                      69%|██████▉   | 2136/3094 [1:45:26<45:38,  2.86s/it] 69%|██████▉   | 2137/3094 [1:45:29<44:44,  2.80s/it]                                                      69%|██████▉   | 2137/3094 [1:45:29<44:44,  2.80s/it] 69%|██████▉   | 2138/3094 [1:45:32<45:48,  2.88s/it]                                                      69%|██████▉   | 2138/3094 [1:45:32<45:48,  2.88s/it] 69%|██████▉   | 2139/3094 [1:45:35<46:20,  2.91s/it]                                                      69%|██████▉   | 2139/3094 [1:45:35<46:20,  2.91s/it] 69%|██████▉   | 2140/3094 [1:45:38<45:31,  2.86s/it]                                                      69%|██████▉   | 2140/3094 [1:45:38<45:31,  2.86s/it] 69%|██████▉   | 2141/3094 [1:45:41<50:16,  3.17s/it]                                                      69%|██████▉   | 2141/3094 [1:45:41<50:16,  3.17s/it] 69%|██████▉   | 2142/3094 [1:45:45<49:50,  3.14s/it]                                                      69%|██████▉   | 2142/3094 [1:45:45<49:50,  3.14s/it] 69%|██████▉   | 2143/3094 [1:45:47<48:53,  3.08s/it]                                                      69%|██████▉   | 2143/3094 [1:45:47<48:53,  3.08s/it] 69%|██████▉   | 2144/3094 [1:45:50<48:09,  3.04s/it]                                                      69%|██████▉   | 2144/3094 [1:45:50<48:09,  3.04s/it] 69%|██████▉   | 2145/3094 [1:45:53<46:49,  2.96s/it]                                                      69%|██████▉   | 2145/3094 [1:45:53<46:49,  2.96s/it] 69%|██████▉   | 2146/3094 [1:45:56<44:07,  2.79s/it]                                                      69%|██████▉   | 2146/3094 [1:45:56<44:07,  2.79s/it] 69%|██████▉   | 2147/3094 [1:45:58<42:28,  2.69s/it]                                                      69%|██████▉   | 2147/3094 [1:45:58<42:28,  2.69s/it] 69%|██████▉   | 2148/3094 [1:46:01<42:27,  2.69s/it]                                                      69%|██████▉   | 2148/3094 [1:46:01<42:27,  2.69s/it] 69%|██████▉   | 2149/3094 [1:46:04<46:47,  2.97s/it]                                                      69%|██████▉   | 2149/3094 [1:46:04<46:47,  2.97s/it] 69%|██████▉   | 2150/3094 [1:46:07<45:25,  2.89s/it]                                                      69%|██████▉   | 2150/3094 [1:46:07<45:25,  2.89s/it] 70%|██████▉   | 2151/3094 [1:46:10<46:30,  2.96s/it]                                                      70%|██████▉   | 2151/3094 [1:46:10<46:30,  2.96s/it] 70%|██████▉   | 2152/3094 [1:46:13<46:29,  2.96s/it]                                                      70%|██████▉   | 2152/3094 [1:46:13<46:29,  2.96s/it] 70%|██████▉   | 2153/3094 [1:46:16<46:47,  2.98s/it]                                                      70%|██████▉   | 2153/3094 [1:46:16<46:47,  2.98s/it] 70%|██████▉   | 2154/3094 [1:46:19<45:29,  2.90s/it]                                                      70%|██████▉   | 2154/3094 [1:46:19<45:29,  2.90s/it] 70%|██████▉   | 2155/3094 [1:46:22<45:32,  2.91s/it]                                                      70%|██████▉   | 2155/3094 [1:46:22<45:32,  2.91s/it] 70%|██████▉   | 2156/3094 [1:46:25<47:31,  3.04s/it]                                                      70%|██████▉   | 2156/3094 [1:46:25<47:31,  3.04s/it] 70%|██████▉   | 2157/3094 [1:46:28<45:13,  2.90s/it]                                                      70%|██████▉   | 2157/3094 [1:46:28<45:13,  2.90s/it] 70%|██████▉   | 2158/3094 [1:46:31<45:34,  2.92s/it]                                                      70%|██████▉   | 2158/3094 [1:46:31<45:34,  2.92s/it] 70%|██████▉   | 2159/3094 [1:46:34<44:57,  2.89s/it]                                                      70%|██████▉   | 2159/3094 [1:46:34<44:57,  2.89s/it] 70%|██████▉   | 2160/3094 [1:46:36<44:28,  2.86s/it]                                                      70%|██████▉   | 2160/3094 [1:46:36<44:28,  2.86s/it] 70%|██████▉   | 2161/3094 [1:46:39<45:14,  2.91s/it]                                                      70%|██████▉   | 2161/3094 [1:46:39<45:14,  2.91s/it] 70%|██████▉   | 2162/3094 [1:46:43<47:52,  3.08s/it]                                                     
{'loss': 1.8259, 'grad_norm': 0.19132475554943085, 'learning_rate': 6.539333117513758e-05, 'epoch': 0.67}
{'loss': 1.786, 'grad_norm': 0.19438497722148895, 'learning_rate': 6.532858530268697e-05, 'epoch': 0.67}
{'loss': 1.7757, 'grad_norm': 0.22409169375896454, 'learning_rate': 6.526383943023633e-05, 'epoch': 0.67}
{'loss': 1.9139, 'grad_norm': 0.2040175497531891, 'learning_rate': 6.51990935577857e-05, 'epoch': 0.67}
{'loss': 1.9449, 'grad_norm': 0.24220547080039978, 'learning_rate': 6.513434768533506e-05, 'epoch': 0.68}
{'loss': 1.9046, 'grad_norm': 0.2052631676197052, 'learning_rate': 6.506960181288444e-05, 'epoch': 0.68}
{'loss': 1.9982, 'grad_norm': 0.21598821878433228, 'learning_rate': 6.50048559404338e-05, 'epoch': 0.68}
{'loss': 1.9477, 'grad_norm': 0.24305793642997742, 'learning_rate': 6.494011006798317e-05, 'epoch': 0.68}
{'loss': 2.0061, 'grad_norm': 0.23319487273693085, 'learning_rate': 6.487536419553254e-05, 'epoch': 0.68}
{'loss': 2.0637, 'grad_norm': 0.22399497032165527, 'learning_rate': 6.48106183230819e-05, 'epoch': 0.68}
{'loss': 2.0835, 'grad_norm': 0.22107259929180145, 'learning_rate': 6.474587245063128e-05, 'epoch': 0.68}
{'loss': 1.7348, 'grad_norm': 0.2305695116519928, 'learning_rate': 6.468112657818064e-05, 'epoch': 0.68}
{'loss': 2.0872, 'grad_norm': 0.24660558998584747, 'learning_rate': 6.461638070573002e-05, 'epoch': 0.68}
{'loss': 2.0878, 'grad_norm': 0.2508038282394409, 'learning_rate': 6.455163483327938e-05, 'epoch': 0.68}
{'loss': 1.6717, 'grad_norm': 0.20534132421016693, 'learning_rate': 6.448688896082876e-05, 'epoch': 0.68}
{'loss': 1.8914, 'grad_norm': 0.2144995778799057, 'learning_rate': 6.442214308837812e-05, 'epoch': 0.68}
{'loss': 1.9593, 'grad_norm': 0.25399744510650635, 'learning_rate': 6.435739721592749e-05, 'epoch': 0.68}
{'loss': 2.1311, 'grad_norm': 0.2417348027229309, 'learning_rate': 6.429265134347686e-05, 'epoch': 0.68}
{'loss': 2.0063, 'grad_norm': 0.20404712855815887, 'learning_rate': 6.422790547102622e-05, 'epoch': 0.68}
{'loss': 1.8501, 'grad_norm': 0.20604076981544495, 'learning_rate': 6.41631595985756e-05, 'epoch': 0.68}
{'loss': 1.9734, 'grad_norm': 0.2485932558774948, 'learning_rate': 6.409841372612496e-05, 'epoch': 0.68}
{'loss': 1.919, 'grad_norm': 0.2607739567756653, 'learning_rate': 6.403366785367433e-05, 'epoch': 0.68}
{'loss': 1.881, 'grad_norm': 0.20139080286026, 'learning_rate': 6.396892198122369e-05, 'epoch': 0.68}
{'loss': 1.9582, 'grad_norm': 0.22782768309116364, 'learning_rate': 6.390417610877308e-05, 'epoch': 0.68}
{'loss': 2.0711, 'grad_norm': 0.21589359641075134, 'learning_rate': 6.383943023632244e-05, 'epoch': 0.68}
{'loss': 1.8575, 'grad_norm': 0.2175644040107727, 'learning_rate': 6.377468436387181e-05, 'epoch': 0.68}
{'loss': 2.0545, 'grad_norm': 0.2255578339099884, 'learning_rate': 6.370993849142117e-05, 'epoch': 0.68}
{'loss': 1.855, 'grad_norm': 0.21671900153160095, 'learning_rate': 6.364519261897054e-05, 'epoch': 0.68}
{'loss': 2.0835, 'grad_norm': 0.22035358846187592, 'learning_rate': 6.358044674651992e-05, 'epoch': 0.68}
{'loss': 1.7738, 'grad_norm': 0.21344515681266785, 'learning_rate': 6.351570087406929e-05, 'epoch': 0.68}
{'loss': 1.8546, 'grad_norm': 0.20837906002998352, 'learning_rate': 6.345095500161865e-05, 'epoch': 0.68}
{'loss': 1.9333, 'grad_norm': 0.21817782521247864, 'learning_rate': 6.338620912916802e-05, 'epoch': 0.68}
{'loss': 1.8753, 'grad_norm': 0.21424457430839539, 'learning_rate': 6.332146325671738e-05, 'epoch': 0.68}
{'loss': 1.857, 'grad_norm': 0.22394207119941711, 'learning_rate': 6.325671738426676e-05, 'epoch': 0.68}
{'loss': 2.1021, 'grad_norm': 0.23082394897937775, 'learning_rate': 6.319197151181613e-05, 'epoch': 0.68}
{'loss': 1.9624, 'grad_norm': 0.23213529586791992, 'learning_rate': 6.312722563936549e-05, 'epoch': 0.69}
{'loss': 1.8872, 'grad_norm': 0.23432081937789917, 'learning_rate': 6.306247976691486e-05, 'epoch': 0.69}
{'loss': 1.7752, 'grad_norm': 0.21987426280975342, 'learning_rate': 6.299773389446422e-05, 'epoch': 0.69}
{'loss': 2.0989, 'grad_norm': 0.23287074267864227, 'learning_rate': 6.29329880220136e-05, 'epoch': 0.69}
{'loss': 2.131, 'grad_norm': 0.23222145438194275, 'learning_rate': 6.286824214956297e-05, 'epoch': 0.69}
{'loss': 1.6678, 'grad_norm': 0.21623821556568146, 'learning_rate': 6.280349627711234e-05, 'epoch': 0.69}
{'loss': 1.8318, 'grad_norm': 0.2145889848470688, 'learning_rate': 6.27387504046617e-05, 'epoch': 0.69}
{'loss': 2.1357, 'grad_norm': 0.23677150905132294, 'learning_rate': 6.267400453221108e-05, 'epoch': 0.69}
{'loss': 2.0595, 'grad_norm': 0.23623690009117126, 'learning_rate': 6.260925865976044e-05, 'epoch': 0.69}
{'loss': 1.7723, 'grad_norm': 0.22433526813983917, 'learning_rate': 6.254451278730982e-05, 'epoch': 0.69}
{'loss': 1.8624, 'grad_norm': 0.2148987203836441, 'learning_rate': 6.247976691485918e-05, 'epoch': 0.69}
{'loss': 2.1096, 'grad_norm': 0.2389449030160904, 'learning_rate': 6.241502104240856e-05, 'epoch': 0.69}
{'loss': 2.0979, 'grad_norm': 0.21198590099811554, 'learning_rate': 6.235027516995792e-05, 'epoch': 0.69}
{'loss': 2.1102, 'grad_norm': 0.24749810993671417, 'learning_rate': 6.228552929750729e-05, 'epoch': 0.69}
{'loss': 2.0382, 'grad_norm': 0.2430541068315506, 'learning_rate': 6.222078342505665e-05, 'epoch': 0.69}
{'loss': 1.9947, 'grad_norm': 0.22869528830051422, 'learning_rate': 6.215603755260602e-05, 'epoch': 0.69}
{'loss': 1.8743, 'grad_norm': 0.21933387219905853, 'learning_rate': 6.20912916801554e-05, 'epoch': 0.69}
{'loss': 2.0772, 'grad_norm': 0.21860866248607635, 'learning_rate': 6.202654580770476e-05, 'epoch': 0.69}
{'loss': 1.8636, 'grad_norm': 0.32382383942604065, 'learning_rate': 6.196179993525413e-05, 'epoch': 0.69}
{'loss': 2.0221, 'grad_norm': 0.22299879789352417, 'learning_rate': 6.189705406280349e-05, 'epoch': 0.69}
{'loss': 2.056, 'grad_norm': 0.24032144248485565, 'learning_rate': 6.183230819035288e-05, 'epoch': 0.69}
{'loss': 1.8041, 'grad_norm': 0.19907821714878082, 'learning_rate': 6.176756231790224e-05, 'epoch': 0.69}
{'loss': 1.9401, 'grad_norm': 0.20160333812236786, 'learning_rate': 6.170281644545161e-05, 'epoch': 0.69}
{'loss': 2.2316, 'grad_norm': 0.21775493025779724, 'learning_rate': 6.163807057300097e-05, 'epoch': 0.69}
{'loss': 2.2031, 'grad_norm': 0.22508326172828674, 'learning_rate': 6.157332470055034e-05, 'epoch': 0.69}
{'loss': 2.275, 'grad_norm': 0.2283523678779602, 'learning_rate': 6.150857882809972e-05, 'epoch': 0.69}
{'loss': 2.381, 'grad_norm': 0.23978586494922638, 'learning_rate': 6.144383295564908e-05, 'epoch': 0.69}
{'loss': 2.1523, 'grad_norm': 0.2638939321041107, 'learning_rate': 6.137908708319845e-05, 'epoch': 0.69}
{'loss': 1.843, 'grad_norm': 0.21826927363872528, 'learning_rate': 6.131434121074781e-05, 'epoch': 0.69}
{'loss': 1.9978, 'grad_norm': 0.20674896240234375, 'learning_rate': 6.124959533829718e-05, 'epoch': 0.69}
{'loss': 2.2266, 'grad_norm': 0.24019688367843628, 'learning_rate': 6.118484946584654e-05, 'epoch': 0.69}
{'loss': 1.894, 'grad_norm': 0.23125043511390686, 'learning_rate': 6.112010359339593e-05, 'epoch': 0.7}
{'loss': 2.1171, 'grad_norm': 0.22866995632648468, 'learning_rate': 6.105535772094529e-05, 'epoch': 0.7}
{'loss': 2.2805, 'grad_norm': 0.26395726203918457, 'learning_rate': 6.0990611848494664e-05, 'epoch': 0.7}
{'loss': 2.0515, 'grad_norm': 0.2356363981962204, 'learning_rate': 6.092586597604403e-05, 'epoch': 0.7}
{'loss': 2.0953, 'grad_norm': 0.21350231766700745, 'learning_rate': 6.08611201035934e-05, 'epoch': 0.7}
{'loss': 1.8689, 'grad_norm': 0.2164144665002823, 'learning_rate': 6.079637423114277e-05, 'epoch': 0.7}
{'loss': 2.0255, 'grad_norm': 0.25226616859436035, 'learning_rate': 6.073162835869214e-05, 'epoch': 0.7}
{'loss': 2.1668, 'grad_norm': 0.21984031796455383, 'learning_rate': 6.0666882486241504e-05, 'epoch': 0.7}
{'loss': 2.2466, 'grad_norm': 0.22997263073921204, 'learning_rate': 6.060213661379087e-05, 'epoch': 0.7}
{'loss': 1.9939, 'grad_norm': 0.2153630256652832, 'learning_rate': 6.053739074134024e-05, 'epoch': 0.7}
{'loss': 1.95, 'grad_norm': 0.23749086260795593, 'learning_rate': 6.047264486888962e-05, 'epoch': 0.7}
{'loss': 2.052, 'grad_norm': 0.19835630059242249, 'learning_rate': 6.0407898996438984e-05, 'epoch': 0.7} 70%|██████▉   | 2162/3094 [1:46:43<47:52,  3.08s/it] 70%|██████▉   | 2163/3094 [1:46:46<46:40,  3.01s/it]                                                      70%|██████▉   | 2163/3094 [1:46:46<46:40,  3.01s/it] 70%|██████▉   | 2164/3094 [1:46:48<45:19,  2.92s/it]                                                      70%|██████▉   | 2164/3094 [1:46:48<45:19,  2.92s/it] 70%|██████▉   | 2165/3094 [1:46:51<44:49,  2.89s/it]                                                      70%|██████▉   | 2165/3094 [1:46:51<44:49,  2.89s/it] 70%|███████   | 2166/3094 [1:46:54<45:27,  2.94s/it]                                                      70%|███████   | 2166/3094 [1:46:54<45:27,  2.94s/it] 70%|███████   | 2167/3094 [1:46:57<45:47,  2.96s/it]                                                      70%|███████   | 2167/3094 [1:46:57<45:47,  2.96s/it] 70%|███████   | 2168/3094 [1:47:00<44:44,  2.90s/it]                                                      70%|███████   | 2168/3094 [1:47:00<44:44,  2.90s/it] 70%|███████   | 2169/3094 [1:47:03<44:28,  2.88s/it]                                                      70%|███████   | 2169/3094 [1:47:03<44:28,  2.88s/it] 70%|███████   | 2170/3094 [1:47:05<43:08,  2.80s/it]                                                      70%|███████   | 2170/3094 [1:47:05<43:08,  2.80s/it] 70%|███████   | 2171/3094 [1:47:08<43:33,  2.83s/it]                                                      70%|███████   | 2171/3094 [1:47:08<43:33,  2.83s/it] 70%|███████   | 2172/3094 [1:47:12<45:21,  2.95s/it]                                                      70%|███████   | 2172/3094 [1:47:12<45:21,  2.95s/it] 70%|███████   | 2173/3094 [1:47:15<45:02,  2.93s/it]                                                      70%|███████   | 2173/3094 [1:47:15<45:02,  2.93s/it] 70%|███████   | 2174/3094 [1:47:17<43:55,  2.86s/it]                                                      70%|███████   | 2174/3094 [1:47:17<43:55,  2.86s/it] 70%|███████   | 2175/3094 [1:47:20<44:19,  2.89s/it]                                                      70%|███████   | 2175/3094 [1:47:20<44:19,  2.89s/it] 70%|███████   | 2176/3094 [1:47:23<43:58,  2.87s/it]                                                      70%|███████   | 2176/3094 [1:47:23<43:58,  2.87s/it] 70%|███████   | 2177/3094 [1:47:26<45:37,  2.99s/it]                                                      70%|███████   | 2177/3094 [1:47:26<45:37,  2.99s/it] 70%|███████   | 2178/3094 [1:47:29<44:44,  2.93s/it]                                                      70%|███████   | 2178/3094 [1:47:29<44:44,  2.93s/it] 70%|███████   | 2179/3094 [1:47:32<43:45,  2.87s/it]                                                      70%|███████   | 2179/3094 [1:47:32<43:45,  2.87s/it] 70%|███████   | 2180/3094 [1:47:34<41:59,  2.76s/it]                                                      70%|███████   | 2180/3094 [1:47:34<41:59,  2.76s/it] 70%|███████   | 2181/3094 [1:47:37<42:11,  2.77s/it]                                                      70%|███████   | 2181/3094 [1:47:37<42:11,  2.77s/it] 71%|███████   | 2182/3094 [1:47:40<42:19,  2.78s/it]                                                      71%|███████   | 2182/3094 [1:47:40<42:19,  2.78s/it] 71%|███████   | 2183/3094 [1:47:43<43:58,  2.90s/it]                                                      71%|███████   | 2183/3094 [1:47:43<43:58,  2.90s/it] 71%|███████   | 2184/3094 [1:47:46<44:42,  2.95s/it]                                                      71%|███████   | 2184/3094 [1:47:46<44:42,  2.95s/it] 71%|███████   | 2185/3094 [1:47:49<43:18,  2.86s/it]                                                      71%|███████   | 2185/3094 [1:47:49<43:18,  2.86s/it] 71%|███████   | 2186/3094 [1:47:52<43:31,  2.88s/it]                                                      71%|███████   | 2186/3094 [1:47:52<43:31,  2.88s/it] 71%|███████   | 2187/3094 [1:47:55<47:29,  3.14s/it]                                                      71%|███████   | 2187/3094 [1:47:55<47:29,  3.14s/it] 71%|███████   | 2188/3094 [1:47:59<49:51,  3.30s/it]                                                      71%|███████   | 2188/3094 [1:47:59<49:51,  3.30s/it] 71%|███████   | 2189/3094 [1:48:02<48:24,  3.21s/it]                                                      71%|███████   | 2189/3094 [1:48:02<48:24,  3.21s/it] 71%|███████   | 2190/3094 [1:48:05<47:37,  3.16s/it]                                                      71%|███████   | 2190/3094 [1:48:05<47:37,  3.16s/it] 71%|███████   | 2191/3094 [1:48:08<46:02,  3.06s/it]                                                      71%|███████   | 2191/3094 [1:48:08<46:02,  3.06s/it] 71%|███████   | 2192/3094 [1:48:11<46:34,  3.10s/it]                                                      71%|███████   | 2192/3094 [1:48:11<46:34,  3.10s/it] 71%|███████   | 2193/3094 [1:48:14<46:28,  3.10s/it]                                                      71%|███████   | 2193/3094 [1:48:14<46:28,  3.10s/it] 71%|███████   | 2194/3094 [1:48:17<46:40,  3.11s/it]                                                      71%|███████   | 2194/3094 [1:48:17<46:40,  3.11s/it] 71%|███████   | 2195/3094 [1:48:20<43:47,  2.92s/it]                                                      71%|███████   | 2195/3094 [1:48:20<43:47,  2.92s/it] 71%|███████   | 2196/3094 [1:48:24<47:43,  3.19s/it]                                                      71%|███████   | 2196/3094 [1:48:24<47:43,  3.19s/it] 71%|███████   | 2197/3094 [1:48:26<45:20,  3.03s/it]                                                      71%|███████   | 2197/3094 [1:48:26<45:20,  3.03s/it] 71%|███████   | 2198/3094 [1:48:30<45:58,  3.08s/it]                                                      71%|███████   | 2198/3094 [1:48:30<45:58,  3.08s/it] 71%|███████   | 2199/3094 [1:48:33<45:31,  3.05s/it]                                                      71%|███████   | 2199/3094 [1:48:33<45:31,  3.05s/it] 71%|███████   | 2200/3094 [1:48:35<43:39,  2.93s/it]                                                      71%|███████   | 2200/3094 [1:48:35<43:39,  2.93s/it] 71%|███████   | 2201/3094 [1:48:38<43:21,  2.91s/it]                                                      71%|███████   | 2201/3094 [1:48:38<43:21,  2.91s/it] 71%|███████   | 2202/3094 [1:48:42<46:55,  3.16s/it]                                                      71%|███████   | 2202/3094 [1:48:42<46:55,  3.16s/it] 71%|███████   | 2203/3094 [1:48:45<45:23,  3.06s/it]                                                      71%|███████   | 2203/3094 [1:48:45<45:23,  3.06s/it] 71%|███████   | 2204/3094 [1:48:48<45:38,  3.08s/it]                                                      71%|███████   | 2204/3094 [1:48:48<45:38,  3.08s/it] 71%|███████▏  | 2205/3094 [1:48:51<46:26,  3.13s/it]                                                      71%|███████▏  | 2205/3094 [1:48:51<46:26,  3.13s/it] 71%|███████▏  | 2206/3094 [1:48:54<45:27,  3.07s/it]                                                      71%|███████▏  | 2206/3094 [1:48:54<45:27,  3.07s/it] 71%|███████▏  | 2207/3094 [1:48:57<46:37,  3.15s/it]                                                      71%|███████▏  | 2207/3094 [1:48:57<46:37,  3.15s/it] 71%|███████▏  | 2208/3094 [1:49:00<43:51,  2.97s/it]                                                      71%|███████▏  | 2208/3094 [1:49:00<43:51,  2.97s/it] 71%|███████▏  | 2209/3094 [1:49:03<43:23,  2.94s/it]                                                      71%|███████▏  | 2209/3094 [1:49:03<43:23,  2.94s/it] 71%|███████▏  | 2210/3094 [1:49:05<42:14,  2.87s/it]                                                      71%|███████▏  | 2210/3094 [1:49:05<42:14,  2.87s/it] 71%|███████▏  | 2211/3094 [1:49:08<41:42,  2.83s/it]                                                      71%|███████▏  | 2211/3094 [1:49:08<41:42,  2.83s/it] 71%|███████▏  | 2212/3094 [1:49:12<45:34,  3.10s/it]                                                      71%|███████▏  | 2212/3094 [1:49:12<45:34,  3.10s/it] 72%|███████▏  | 2213/3094 [1:49:15<46:34,  3.17s/it]                                                      72%|███████▏  | 2213/3094 [1:49:15<46:34,  3.17s/it] 72%|███████▏  | 2214/3094 [1:49:18<43:43,  2.98s/it]                                                      72%|███████▏  | 2214/3094 [1:49:18<43:43,  2.98s/it] 72%|███████▏  | 2215/3094 [1:49:21<43:08,  2.94s/it]                                                      72%|███████▏  | 2215/3094 [1:49:21<43:08,  2.94s/it] 72%|███████▏  | 2216/3094 [1:49:24<43:42,  2.99s/it]                                                      72%|███████▏  | 2216/3094 [1:49:24<43:42,  2.99s/it] 72%|███████▏  | 2217/3094 [1:49:26<41:32,  2.84s/it]                                                      72%|███████▏  | 2217/3094 [1:49:26<41:32,  2.84s/it] 72%|███████▏  | 2218/3094 [1:49:29<41:25,  2.84s/it]                                                      72%|███████▏  | 2218/3094 [1:49:29<41:25,  2.84s/it] 72%|███████▏  | 2219/3094 [1:49:32<41:02,  2.81s/it]                                                      72%|███████▏  | 2219/3094 [1:49:32<41:02,  2.81s/it] 72%|███████▏  | 2220/3094 [1:49:35<42:08,  2.89s/it]                                                      72%|███████▏  | 2220/3094 [1:49:35<42:08,  2.89s/it] 72%|███████▏  | 2221/3094 [1:49:38<41:05,  2.82s/it]                                                      72%|███████▏  | 2221/3094 [1:49:38<41:05,  2.82s/it] 72%|███████▏  | 2222/3094 [1:49:40<41:20,  2.84s/it]                                                      72%|███████▏  | 2222/3094 [1:49:40<41:20,  2.84s/it] 72%|███████▏  | 2223/3094 [1:49:43<41:57,  2.89s/it]                                                      72%|███████▏  | 2223/3094 [1:49:43<41:57,  2.89s/it] 72%|███████▏  | 2224/3094 [1:49:46<41:30,  2.86s/it]                                                      72%|███████▏  | 2224/3094 [1:49:46<41:30,  2.86s/it] 72%|███████▏  | 2225/3094 [1:49:49<43:01,  2.97s/it]                                                      72%|███████▏  | 2225/3094 [1:49:49<43:01,  2.97s/it] 72%|███████▏  | 2226/3094 [1:49:52<43:08,  2.98s/it]                                                      72%|███████▏  | 2226/3094 [1:49:52<43:08,  2.98s/it] 72%|███████▏  | 2227/3094 [1:49:55<41:57,  2.90s/it]                                                      72%|███████▏  | 2227/3094 [1:49:55<41:57,  2.90s/it] 72%|███████▏  | 2228/3094 [1:49:59<44:40,  3.10s/it]                                                      72%|███████▏  | 2228/3094 [1:49:59<44:40,  3.10s/it] 72%|███████▏  | 2229/3094 [1:50:01<41:06,  2.85s/it]                                                      72%|███████▏  | 2229/3094 [1:50:01<41:06,  2.85s/it] 72%|███████▏  | 2230/3094 [1:50:04<41:09,  2.86s/it]                                                      72%|███████▏  | 2230/3094 [1:50:04<41:09,  2.86s/it] 72%|███████▏  | 2231/3094 [1:50:07<44:16,  3.08s/it]                                                      72%|███████▏  | 2231/3094 [1:50:07<44:16,  3.08s/it] 72%|███████▏  | 2232/3094 [1:50:11<45:45,  3.18s/it]                                                      72%|███████▏  | 2232/3094 [1:50:11<45:45,  3.18s/it] 72%|███████▏  | 2233/3094 [1:50:13<42:50,  2.99s/it]                                                      72%|███████▏  | 2233/3094 [1:50:13<42:50,  2.99s/it] 72%|███████▏  | 2234/3094 [1:50:16<42:54,  2.99s/it]                                                      72%|███████▏  | 2234/3094 [1:50:16<42:54,  2.99s/it] 72%|███████▏  | 2235/3094 [1:50:20<45:02,  3.15s/it]                                                      72%|███████▏  | 2235/3094 [1:50:20<45:02,  3.15s/it] 72%|███████▏  | 2236/3094 [1:50:23<42:47,  2.99s/it]                                                      72%|███████▏  | 2236/3094 [1:50:23<42:47,  2.99s/it] 72%|███████▏  | 2237/3094 [1:50:26<43:29,  3.05s/it]                                                      72%|███████▏  | 2237/3094 [1:50:26<43:29,  3.05s/it] 72%|███████▏  | 2238/3094 [1:50:29<43:37,  3.06s/it]                                                      72%|███████▏  | 2238/3094 [1:50:29<43:37,  3.06s/it] 72%|███████▏  | 2239/3094 [1:50:32<42:58,  3.02s/it]                                                     
{'loss': 2.2026, 'grad_norm': 0.2191939800977707, 'learning_rate': 6.034315312398835e-05, 'epoch': 0.7}
{'loss': 2.1476, 'grad_norm': 0.24866078794002533, 'learning_rate': 6.027840725153772e-05, 'epoch': 0.7}
{'loss': 1.918, 'grad_norm': 0.2297830730676651, 'learning_rate': 6.0213661379087084e-05, 'epoch': 0.7}
{'loss': 2.047, 'grad_norm': 0.22365598380565643, 'learning_rate': 6.014891550663645e-05, 'epoch': 0.7}
{'loss': 1.8764, 'grad_norm': 0.21894904971122742, 'learning_rate': 6.0084169634185824e-05, 'epoch': 0.7}
{'loss': 1.7885, 'grad_norm': 0.23314839601516724, 'learning_rate': 6.001942376173519e-05, 'epoch': 0.7}
{'loss': 2.1329, 'grad_norm': 0.21681730449199677, 'learning_rate': 5.995467788928456e-05, 'epoch': 0.7}
{'loss': 1.9944, 'grad_norm': 0.24482561647891998, 'learning_rate': 5.9889932016833924e-05, 'epoch': 0.7}
{'loss': 2.1792, 'grad_norm': 0.22238455712795258, 'learning_rate': 5.982518614438329e-05, 'epoch': 0.7}
{'loss': 2.2497, 'grad_norm': 0.21561671793460846, 'learning_rate': 5.976044027193267e-05, 'epoch': 0.7}
{'loss': 1.9748, 'grad_norm': 0.22774522006511688, 'learning_rate': 5.969569439948204e-05, 'epoch': 0.7}
{'loss': 2.1862, 'grad_norm': 0.23047389090061188, 'learning_rate': 5.9630948527031404e-05, 'epoch': 0.7}
{'loss': 1.9603, 'grad_norm': 0.24097609519958496, 'learning_rate': 5.956620265458077e-05, 'epoch': 0.7}
{'loss': 1.8909, 'grad_norm': 0.20956072211265564, 'learning_rate': 5.950145678213014e-05, 'epoch': 0.7}
{'loss': 1.8139, 'grad_norm': 0.19522634148597717, 'learning_rate': 5.943671090967952e-05, 'epoch': 0.7}
{'loss': 1.9765, 'grad_norm': 0.21651221811771393, 'learning_rate': 5.9371965037228885e-05, 'epoch': 0.7}
{'loss': 1.8877, 'grad_norm': 0.21766026318073273, 'learning_rate': 5.930721916477825e-05, 'epoch': 0.7}
{'loss': 2.1034, 'grad_norm': 0.24373312294483185, 'learning_rate': 5.924247329232762e-05, 'epoch': 0.7}
{'loss': 1.886, 'grad_norm': 0.24434950947761536, 'learning_rate': 5.9177727419876985e-05, 'epoch': 0.7}
{'loss': 1.8735, 'grad_norm': 0.23637433350086212, 'learning_rate': 5.911298154742635e-05, 'epoch': 0.71}
{'loss': 1.861, 'grad_norm': 0.26787465810775757, 'learning_rate': 5.9048235674975725e-05, 'epoch': 0.71}
{'loss': 1.9967, 'grad_norm': 0.212120920419693, 'learning_rate': 5.898348980252509e-05, 'epoch': 0.71}
{'loss': 2.0947, 'grad_norm': 0.2260708063840866, 'learning_rate': 5.891874393007446e-05, 'epoch': 0.71}
{'loss': 1.8487, 'grad_norm': 0.2261958122253418, 'learning_rate': 5.8853998057623825e-05, 'epoch': 0.71}
{'loss': 1.8304, 'grad_norm': 0.19173838198184967, 'learning_rate': 5.878925218517319e-05, 'epoch': 0.71}
{'loss': 1.9243, 'grad_norm': 0.20986022055149078, 'learning_rate': 5.872450631272257e-05, 'epoch': 0.71}
{'loss': 1.9077, 'grad_norm': 0.19852548837661743, 'learning_rate': 5.865976044027194e-05, 'epoch': 0.71}
{'loss': 2.1112, 'grad_norm': 0.22316952049732208, 'learning_rate': 5.8595014567821305e-05, 'epoch': 0.71}
{'loss': 1.9518, 'grad_norm': 0.20013777911663055, 'learning_rate': 5.853026869537067e-05, 'epoch': 0.71}
{'loss': 1.8031, 'grad_norm': 0.21089142560958862, 'learning_rate': 5.846552282292004e-05, 'epoch': 0.71}
{'loss': 2.0563, 'grad_norm': 0.2071932852268219, 'learning_rate': 5.840077695046942e-05, 'epoch': 0.71}
{'loss': 2.1218, 'grad_norm': 0.21073484420776367, 'learning_rate': 5.8336031078018785e-05, 'epoch': 0.71}
{'loss': 1.9853, 'grad_norm': 0.23436138033866882, 'learning_rate': 5.827128520556815e-05, 'epoch': 0.71}
{'loss': 1.9272, 'grad_norm': 0.20456358790397644, 'learning_rate': 5.820653933311752e-05, 'epoch': 0.71}
{'loss': 2.2451, 'grad_norm': 0.23891104757785797, 'learning_rate': 5.8141793460666885e-05, 'epoch': 0.71}
{'loss': 2.14, 'grad_norm': 0.22654131054878235, 'learning_rate': 5.807704758821625e-05, 'epoch': 0.71}
{'loss': 1.6979, 'grad_norm': 0.2444915473461151, 'learning_rate': 5.8012301715765625e-05, 'epoch': 0.71}
{'loss': 2.0844, 'grad_norm': 0.22802063822746277, 'learning_rate': 5.794755584331499e-05, 'epoch': 0.71}
{'loss': 1.8994, 'grad_norm': 0.2305934727191925, 'learning_rate': 5.788280997086436e-05, 'epoch': 0.71}
{'loss': 1.7996, 'grad_norm': 0.20650064945220947, 'learning_rate': 5.7818064098413725e-05, 'epoch': 0.71}
{'loss': 1.8092, 'grad_norm': 0.20825237035751343, 'learning_rate': 5.775331822596309e-05, 'epoch': 0.71}
{'loss': 2.0215, 'grad_norm': 0.20607641339302063, 'learning_rate': 5.768857235351247e-05, 'epoch': 0.71}
{'loss': 1.9488, 'grad_norm': 0.2198704034090042, 'learning_rate': 5.762382648106184e-05, 'epoch': 0.71}
{'loss': 1.9102, 'grad_norm': 0.21282529830932617, 'learning_rate': 5.7559080608611205e-05, 'epoch': 0.71}
{'loss': 1.9547, 'grad_norm': 0.23466961085796356, 'learning_rate': 5.749433473616057e-05, 'epoch': 0.71}
{'loss': 1.7625, 'grad_norm': 0.23001301288604736, 'learning_rate': 5.742958886370994e-05, 'epoch': 0.71}
{'loss': 1.989, 'grad_norm': 0.23584017157554626, 'learning_rate': 5.736484299125931e-05, 'epoch': 0.71}
{'loss': 2.0854, 'grad_norm': 0.24835650622844696, 'learning_rate': 5.730009711880868e-05, 'epoch': 0.71}
{'loss': 1.9369, 'grad_norm': 0.22549019753932953, 'learning_rate': 5.7235351246358046e-05, 'epoch': 0.71}
{'loss': 2.0441, 'grad_norm': 0.2066648155450821, 'learning_rate': 5.717060537390741e-05, 'epoch': 0.71}
{'loss': 1.7415, 'grad_norm': 0.22500674426555634, 'learning_rate': 5.710585950145678e-05, 'epoch': 0.72}
{'loss': 1.9644, 'grad_norm': 0.24651667475700378, 'learning_rate': 5.7041113629006146e-05, 'epoch': 0.72}
{'loss': 2.0691, 'grad_norm': 0.2397577464580536, 'learning_rate': 5.6976367756555526e-05, 'epoch': 0.72}
{'loss': 1.9134, 'grad_norm': 0.21286047995090485, 'learning_rate': 5.691162188410489e-05, 'epoch': 0.72}
{'loss': 1.7747, 'grad_norm': 0.2395629584789276, 'learning_rate': 5.684687601165426e-05, 'epoch': 0.72}
{'loss': 1.7881, 'grad_norm': 0.23041307926177979, 'learning_rate': 5.6782130139203626e-05, 'epoch': 0.72}
{'loss': 1.9255, 'grad_norm': 0.2138984203338623, 'learning_rate': 5.671738426675299e-05, 'epoch': 0.72}
{'loss': 2.1452, 'grad_norm': 0.22230184078216553, 'learning_rate': 5.665263839430237e-05, 'epoch': 0.72}
{'loss': 1.8504, 'grad_norm': 0.247125044465065, 'learning_rate': 5.658789252185174e-05, 'epoch': 0.72}
{'loss': 1.8254, 'grad_norm': 0.21667678654193878, 'learning_rate': 5.6523146649401106e-05, 'epoch': 0.72}
{'loss': 2.1419, 'grad_norm': 0.22928336262702942, 'learning_rate': 5.645840077695047e-05, 'epoch': 0.72}
{'loss': 1.9186, 'grad_norm': 0.23063725233078003, 'learning_rate': 5.639365490449984e-05, 'epoch': 0.72}
{'loss': 2.0994, 'grad_norm': 0.23600393533706665, 'learning_rate': 5.6328909032049206e-05, 'epoch': 0.72}
{'loss': 1.8348, 'grad_norm': 0.21918433904647827, 'learning_rate': 5.626416315959858e-05, 'epoch': 0.72}
{'loss': 1.988, 'grad_norm': 0.22114020586013794, 'learning_rate': 5.6199417287147946e-05, 'epoch': 0.72}
{'loss': 1.9326, 'grad_norm': 0.20390121638774872, 'learning_rate': 5.613467141469731e-05, 'epoch': 0.72}
{'loss': 2.0716, 'grad_norm': 0.2493530511856079, 'learning_rate': 5.606992554224668e-05, 'epoch': 0.72}
{'loss': 2.2433, 'grad_norm': 0.22096261382102966, 'learning_rate': 5.6005179669796046e-05, 'epoch': 0.72}
{'loss': 1.8675, 'grad_norm': 0.21163873374462128, 'learning_rate': 5.5940433797345426e-05, 'epoch': 0.72}
{'loss': 1.8404, 'grad_norm': 0.20792537927627563, 'learning_rate': 5.587568792489479e-05, 'epoch': 0.72}
{'loss': 1.9173, 'grad_norm': 0.25073570013046265, 'learning_rate': 5.581094205244416e-05, 'epoch': 0.72}
{'loss': 1.8807, 'grad_norm': 0.20011360943317413, 'learning_rate': 5.5746196179993526e-05, 'epoch': 0.72}
{'loss': 1.878, 'grad_norm': 0.21480265259742737, 'learning_rate': 5.568145030754289e-05, 'epoch': 0.72}
{'loss': 1.8228, 'grad_norm': 0.23509715497493744, 'learning_rate': 5.561670443509227e-05, 'epoch': 0.72}
{'loss': 1.7364, 'grad_norm': 0.21551454067230225, 'learning_rate': 5.555195856264164e-05, 'epoch': 0.72}
{'loss': 1.8502, 'grad_norm': 0.22543029487133026, 'learning_rate': 5.5487212690191006e-05, 'epoch': 0.72}
{'loss': 1.8541, 'grad_norm': 0.21972371637821198, 'learning_rate': 5.542246681774037e-05, 'epoch': 0.72} 72%|███████▏  | 2239/3094 [1:50:32<42:58,  3.02s/it] 72%|███████▏  | 2240/3094 [1:50:34<41:23,  2.91s/it]                                                      72%|███████▏  | 2240/3094 [1:50:34<41:23,  2.91s/it] 72%|███████▏  | 2241/3094 [1:50:38<43:54,  3.09s/it]                                                      72%|███████▏  | 2241/3094 [1:50:38<43:54,  3.09s/it] 72%|███████▏  | 2242/3094 [1:50:41<42:03,  2.96s/it]                                                      72%|███████▏  | 2242/3094 [1:50:41<42:03,  2.96s/it] 72%|███████▏  | 2243/3094 [1:50:44<42:09,  2.97s/it]                                                      72%|███████▏  | 2243/3094 [1:50:44<42:09,  2.97s/it] 73%|███████▎  | 2244/3094 [1:50:47<43:00,  3.04s/it]                                                      73%|███████▎  | 2244/3094 [1:50:47<43:00,  3.04s/it] 73%|███████▎  | 2245/3094 [1:50:49<41:22,  2.92s/it]                                                      73%|███████▎  | 2245/3094 [1:50:49<41:22,  2.92s/it] 73%|███████▎  | 2246/3094 [1:50:52<41:09,  2.91s/it]                                                      73%|███████▎  | 2246/3094 [1:50:52<41:09,  2.91s/it] 73%|███████▎  | 2247/3094 [1:50:55<41:48,  2.96s/it]                                                      73%|███████▎  | 2247/3094 [1:50:55<41:48,  2.96s/it] 73%|███████▎  | 2248/3094 [1:50:58<39:11,  2.78s/it]                                                      73%|███████▎  | 2248/3094 [1:50:58<39:11,  2.78s/it] 73%|███████▎  | 2249/3094 [1:51:01<39:37,  2.81s/it]                                                      73%|███████▎  | 2249/3094 [1:51:01<39:37,  2.81s/it] 73%|███████▎  | 2250/3094 [1:51:04<40:29,  2.88s/it]                                                      73%|███████▎  | 2250/3094 [1:51:04<40:29,  2.88s/it] 73%|███████▎  | 2251/3094 [1:51:07<42:42,  3.04s/it]                                                      73%|███████▎  | 2251/3094 [1:51:07<42:42,  3.04s/it] 73%|███████▎  | 2252/3094 [1:51:10<42:35,  3.03s/it]                                                      73%|███████▎  | 2252/3094 [1:51:10<42:35,  3.03s/it] 73%|███████▎  | 2253/3094 [1:51:12<39:40,  2.83s/it]                                                      73%|███████▎  | 2253/3094 [1:51:12<39:40,  2.83s/it] 73%|███████▎  | 2254/3094 [1:51:15<38:47,  2.77s/it]                                                      73%|███████▎  | 2254/3094 [1:51:15<38:47,  2.77s/it] 73%|███████▎  | 2255/3094 [1:51:18<38:25,  2.75s/it]                                                      73%|███████▎  | 2255/3094 [1:51:18<38:25,  2.75s/it] 73%|███████▎  | 2256/3094 [1:51:20<37:34,  2.69s/it]                                                      73%|███████▎  | 2256/3094 [1:51:20<37:34,  2.69s/it] 73%|███████▎  | 2257/3094 [1:51:23<38:22,  2.75s/it]                                                      73%|███████▎  | 2257/3094 [1:51:23<38:22,  2.75s/it] 73%|███████▎  | 2258/3094 [1:51:26<40:09,  2.88s/it]                                                      73%|███████▎  | 2258/3094 [1:51:26<40:09,  2.88s/it] 73%|███████▎  | 2259/3094 [1:51:29<40:11,  2.89s/it]                                                      73%|███████▎  | 2259/3094 [1:51:29<40:11,  2.89s/it] 73%|███████▎  | 2260/3094 [1:51:33<43:18,  3.12s/it]                                                      73%|███████▎  | 2260/3094 [1:51:33<43:18,  3.12s/it] 73%|███████▎  | 2261/3094 [1:51:36<42:14,  3.04s/it]                                                      73%|███████▎  | 2261/3094 [1:51:36<42:14,  3.04s/it] 73%|███████▎  | 2262/3094 [1:51:39<40:50,  2.95s/it]                                                      73%|███████▎  | 2262/3094 [1:51:39<40:50,  2.95s/it] 73%|███████▎  | 2263/3094 [1:51:42<44:57,  3.25s/it]                                                      73%|███████▎  | 2263/3094 [1:51:42<44:57,  3.25s/it] 73%|███████▎  | 2264/3094 [1:51:45<43:07,  3.12s/it]                                                      73%|███████▎  | 2264/3094 [1:51:45<43:07,  3.12s/it] 73%|███████▎  | 2265/3094 [1:51:48<40:38,  2.94s/it]                                                      73%|███████▎  | 2265/3094 [1:51:48<40:38,  2.94s/it] 73%|███████▎  | 2266/3094 [1:51:51<41:42,  3.02s/it]                                                      73%|███████▎  | 2266/3094 [1:51:51<41:42,  3.02s/it] 73%|███████▎  | 2267/3094 [1:51:54<40:51,  2.96s/it]                                                      73%|███████▎  | 2267/3094 [1:51:54<40:51,  2.96s/it] 73%|███████▎  | 2268/3094 [1:51:56<38:00,  2.76s/it]                                                      73%|███████▎  | 2268/3094 [1:51:56<38:00,  2.76s/it] 73%|███████▎  | 2269/3094 [1:51:59<38:10,  2.78s/it]                                                      73%|███████▎  | 2269/3094 [1:51:59<38:10,  2.78s/it] 73%|███████▎  | 2270/3094 [1:52:02<38:53,  2.83s/it]                                                      73%|███████▎  | 2270/3094 [1:52:02<38:53,  2.83s/it] 73%|███████▎  | 2271/3094 [1:52:05<39:02,  2.85s/it]                                                      73%|███████▎  | 2271/3094 [1:52:05<39:02,  2.85s/it] 73%|███████▎  | 2272/3094 [1:52:07<37:57,  2.77s/it]                                                      73%|███████▎  | 2272/3094 [1:52:07<37:57,  2.77s/it] 73%|███████▎  | 2273/3094 [1:52:10<39:04,  2.86s/it]                                                      73%|███████▎  | 2273/3094 [1:52:10<39:04,  2.86s/it] 73%|███████▎  | 2274/3094 [1:52:13<37:48,  2.77s/it]                                                      73%|███████▎  | 2274/3094 [1:52:13<37:48,  2.77s/it] 74%|███████▎  | 2275/3094 [1:52:16<38:34,  2.83s/it]                                                      74%|███████▎  | 2275/3094 [1:52:16<38:34,  2.83s/it] 74%|███████▎  | 2276/3094 [1:52:19<39:10,  2.87s/it]                                                      74%|███████▎  | 2276/3094 [1:52:19<39:10,  2.87s/it] 74%|███████▎  | 2277/3094 [1:52:22<39:12,  2.88s/it]                                                      74%|███████▎  | 2277/3094 [1:52:22<39:12,  2.88s/it] 74%|███████▎  | 2278/3094 [1:52:25<38:19,  2.82s/it]                                                      74%|███████▎  | 2278/3094 [1:52:25<38:19,  2.82s/it] 74%|███████▎  | 2279/3094 [1:52:28<39:21,  2.90s/it]                                                      74%|███████▎  | 2279/3094 [1:52:28<39:21,  2.90s/it] 74%|███████▎  | 2280/3094 [1:52:30<37:46,  2.78s/it]                                                      74%|███████▎  | 2280/3094 [1:52:30<37:46,  2.78s/it] 74%|███████▎  | 2281/3094 [1:52:33<38:24,  2.83s/it]                                                      74%|███████▎  | 2281/3094 [1:52:33<38:24,  2.83s/it] 74%|███████▍  | 2282/3094 [1:52:36<39:27,  2.92s/it]                                                      74%|███████▍  | 2282/3094 [1:52:36<39:27,  2.92s/it] 74%|███████▍  | 2283/3094 [1:52:40<42:32,  3.15s/it]                                                      74%|███████▍  | 2283/3094 [1:52:40<42:32,  3.15s/it] 74%|███████▍  | 2284/3094 [1:52:43<41:33,  3.08s/it]                                                      74%|███████▍  | 2284/3094 [1:52:43<41:33,  3.08s/it] 74%|███████▍  | 2285/3094 [1:52:46<40:49,  3.03s/it]                                                      74%|███████▍  | 2285/3094 [1:52:46<40:49,  3.03s/it] 74%|███████▍  | 2286/3094 [1:52:49<40:53,  3.04s/it]                                                      74%|███████▍  | 2286/3094 [1:52:49<40:53,  3.04s/it] 74%|███████▍  | 2287/3094 [1:52:52<41:38,  3.10s/it]                                                      74%|███████▍  | 2287/3094 [1:52:52<41:38,  3.10s/it] 74%|███████▍  | 2288/3094 [1:52:55<41:43,  3.11s/it]                                                      74%|███████▍  | 2288/3094 [1:52:55<41:43,  3.11s/it] 74%|███████▍  | 2289/3094 [1:52:58<40:09,  2.99s/it]                                                      74%|███████▍  | 2289/3094 [1:52:58<40:09,  2.99s/it] 74%|███████▍  | 2290/3094 [1:53:01<40:44,  3.04s/it]                                                      74%|███████▍  | 2290/3094 [1:53:01<40:44,  3.04s/it] 74%|███████▍  | 2291/3094 [1:53:04<40:04,  2.99s/it]                                                      74%|███████▍  | 2291/3094 [1:53:04<40:04,  2.99s/it] 74%|███████▍  | 2292/3094 [1:53:07<41:34,  3.11s/it]                                                      74%|███████▍  | 2292/3094 [1:53:07<41:34,  3.11s/it] 74%|███████▍  | 2293/3094 [1:53:10<39:57,  2.99s/it]                                                      74%|███████▍  | 2293/3094 [1:53:10<39:57,  2.99s/it] 74%|███████▍  | 2294/3094 [1:53:13<39:14,  2.94s/it]                                                      74%|███████▍  | 2294/3094 [1:53:13<39:14,  2.94s/it] 74%|███████▍  | 2295/3094 [1:53:16<38:57,  2.93s/it]                                                      74%|███████▍  | 2295/3094 [1:53:16<38:57,  2.93s/it] 74%|███████▍  | 2296/3094 [1:53:18<37:05,  2.79s/it]                                                      74%|███████▍  | 2296/3094 [1:53:18<37:05,  2.79s/it] 74%|███████▍  | 2297/3094 [1:53:21<37:54,  2.85s/it]                                                      74%|███████▍  | 2297/3094 [1:53:21<37:54,  2.85s/it] 74%|███████▍  | 2298/3094 [1:53:25<40:36,  3.06s/it]                                                      74%|███████▍  | 2298/3094 [1:53:25<40:36,  3.06s/it] 74%|███████▍  | 2299/3094 [1:53:28<40:39,  3.07s/it]                                                      74%|███████▍  | 2299/3094 [1:53:28<40:39,  3.07s/it] 74%|███████▍  | 2300/3094 [1:53:31<40:31,  3.06s/it]                                                      74%|███████▍  | 2300/3094 [1:53:31<40:31,  3.06s/it] 74%|███████▍  | 2301/3094 [1:53:34<42:05,  3.18s/it]                                                      74%|███████▍  | 2301/3094 [1:53:34<42:05,  3.18s/it] 74%|███████▍  | 2302/3094 [1:53:38<42:40,  3.23s/it]                                                      74%|███████▍  | 2302/3094 [1:53:38<42:40,  3.23s/it] 74%|███████▍  | 2303/3094 [1:53:41<41:58,  3.18s/it]                                                      74%|███████▍  | 2303/3094 [1:53:41<41:58,  3.18s/it] 74%|███████▍  | 2304/3094 [1:53:44<40:56,  3.11s/it]                                                      74%|███████▍  | 2304/3094 [1:53:44<40:56,  3.11s/it] 74%|███████▍  | 2305/3094 [1:53:47<40:23,  3.07s/it]                                                      74%|███████▍  | 2305/3094 [1:53:47<40:23,  3.07s/it] 75%|███████▍  | 2306/3094 [1:53:50<39:29,  3.01s/it]                                                      75%|███████▍  | 2306/3094 [1:53:50<39:29,  3.01s/it] 75%|███████▍  | 2307/3094 [1:53:52<39:01,  2.98s/it]                                                      75%|███████▍  | 2307/3094 [1:53:52<39:01,  2.98s/it] 75%|███████▍  | 2308/3094 [1:53:55<38:40,  2.95s/it]                                                      75%|███████▍  | 2308/3094 [1:53:55<38:40,  2.95s/it] 75%|███████▍  | 2309/3094 [1:53:58<38:23,  2.93s/it]                                                      75%|███████▍  | 2309/3094 [1:53:58<38:23,  2.93s/it] 75%|███████▍  | 2310/3094 [1:54:01<37:53,  2.90s/it]                                                      75%|███████▍  | 2310/3094 [1:54:01<37:53,  2.90s/it] 75%|███████▍  | 2311/3094 [1:54:04<36:41,  2.81s/it]                                                      75%|███████▍  | 2311/3094 [1:54:04<36:41,  2.81s/it] 75%|███████▍  | 2312/3094 [1:54:07<37:18,  2.86s/it]                                                      75%|███████▍  | 2312/3094 [1:54:07<37:18,  2.86s/it] 75%|███████▍  | 2313/3094 [1:54:10<39:51,  3.06s/it]                                                      75%|███████▍  | 2313/3094 [1:54:10<39:51,  3.06s/it] 75%|███████▍  | 2314/3094 [1:54:13<40:14,  3.10s/it]                                                      75%|███████▍  | 2314/3094 [1:54:13<40:14,  3.10s/it] 75%|███████▍  | 2315/3094 [1:54:16<39:29,  3.04s/it]                                                      75%|███████▍  | 2315/3094 [1:54:16<39:29,  3.04s/it] 75%|███████▍  | 2316/3094 [1:54:19<39:08,  3.02s/it]                                                     
{'loss': 2.0355, 'grad_norm': 0.2401115745306015, 'learning_rate': 5.535772094528974e-05, 'epoch': 0.72}
{'loss': 2.0184, 'grad_norm': 0.2102833092212677, 'learning_rate': 5.5292975072839106e-05, 'epoch': 0.72}
{'loss': 1.9728, 'grad_norm': 0.2605591118335724, 'learning_rate': 5.522822920038848e-05, 'epoch': 0.72}
{'loss': 1.9991, 'grad_norm': 0.22194994986057281, 'learning_rate': 5.5163483327937847e-05, 'epoch': 0.73}
{'loss': 1.963, 'grad_norm': 0.22289855778217316, 'learning_rate': 5.509873745548721e-05, 'epoch': 0.73}
{'loss': 2.1798, 'grad_norm': 0.23064225912094116, 'learning_rate': 5.503399158303658e-05, 'epoch': 0.73}
{'loss': 1.9771, 'grad_norm': 0.2266540378332138, 'learning_rate': 5.4969245710585947e-05, 'epoch': 0.73}
{'loss': 1.8805, 'grad_norm': 0.2273189127445221, 'learning_rate': 5.490449983813533e-05, 'epoch': 0.73}
{'loss': 2.143, 'grad_norm': 0.26858144998550415, 'learning_rate': 5.4839753965684693e-05, 'epoch': 0.73}
{'loss': 1.7393, 'grad_norm': 0.2366919368505478, 'learning_rate': 5.477500809323406e-05, 'epoch': 0.73}
{'loss': 1.7392, 'grad_norm': 0.20359207689762115, 'learning_rate': 5.471026222078343e-05, 'epoch': 0.73}
{'loss': 2.015, 'grad_norm': 0.21748754382133484, 'learning_rate': 5.4645516348332793e-05, 'epoch': 0.73}
{'loss': 1.9611, 'grad_norm': 0.2067386656999588, 'learning_rate': 5.4580770475882174e-05, 'epoch': 0.73}
{'loss': 2.0249, 'grad_norm': 0.24846170842647552, 'learning_rate': 5.451602460343154e-05, 'epoch': 0.73}
{'loss': 1.8637, 'grad_norm': 0.23942218720912933, 'learning_rate': 5.445127873098091e-05, 'epoch': 0.73}
{'loss': 2.1411, 'grad_norm': 0.23417408764362335, 'learning_rate': 5.438653285853027e-05, 'epoch': 0.73}
{'loss': 2.0465, 'grad_norm': 0.2344115972518921, 'learning_rate': 5.4321786986079634e-05, 'epoch': 0.73}
{'loss': 1.7918, 'grad_norm': 0.22092120349407196, 'learning_rate': 5.4257041113629e-05, 'epoch': 0.73}
{'loss': 1.8305, 'grad_norm': 0.22284355759620667, 'learning_rate': 5.419229524117838e-05, 'epoch': 0.73}
{'loss': 2.0154, 'grad_norm': 0.2140245884656906, 'learning_rate': 5.412754936872775e-05, 'epoch': 0.73}
{'loss': 1.7093, 'grad_norm': 0.1972631961107254, 'learning_rate': 5.4062803496277114e-05, 'epoch': 0.73}
{'loss': 2.1388, 'grad_norm': 0.22401310503482819, 'learning_rate': 5.399805762382648e-05, 'epoch': 0.73}
{'loss': 2.106, 'grad_norm': 0.22382473945617676, 'learning_rate': 5.393331175137585e-05, 'epoch': 0.73}
{'loss': 1.8328, 'grad_norm': 0.1873190999031067, 'learning_rate': 5.386856587892523e-05, 'epoch': 0.73}
{'loss': 2.0252, 'grad_norm': 0.22636041045188904, 'learning_rate': 5.3803820006474594e-05, 'epoch': 0.73}
{'loss': 1.786, 'grad_norm': 0.238606795668602, 'learning_rate': 5.373907413402396e-05, 'epoch': 0.73}
{'loss': 1.727, 'grad_norm': 0.19525474309921265, 'learning_rate': 5.367432826157333e-05, 'epoch': 0.73}
{'loss': 1.9358, 'grad_norm': 0.23642610013484955, 'learning_rate': 5.3609582389122694e-05, 'epoch': 0.73}
{'loss': 2.2024, 'grad_norm': 0.23685705661773682, 'learning_rate': 5.354483651667207e-05, 'epoch': 0.73}
{'loss': 2.0136, 'grad_norm': 0.23789098858833313, 'learning_rate': 5.3480090644221434e-05, 'epoch': 0.73}
{'loss': 1.8309, 'grad_norm': 0.22180967032909393, 'learning_rate': 5.34153447717708e-05, 'epoch': 0.73}
{'loss': 2.091, 'grad_norm': 0.23952919244766235, 'learning_rate': 5.335059889932017e-05, 'epoch': 0.73}
{'loss': 1.99, 'grad_norm': 0.24049411714076996, 'learning_rate': 5.3285853026869534e-05, 'epoch': 0.73}
{'loss': 1.8038, 'grad_norm': 0.19980327785015106, 'learning_rate': 5.32211071544189e-05, 'epoch': 0.73}
{'loss': 1.7379, 'grad_norm': 0.21989884972572327, 'learning_rate': 5.315636128196828e-05, 'epoch': 0.74}
{'loss': 1.8922, 'grad_norm': 0.23728996515274048, 'learning_rate': 5.309161540951765e-05, 'epoch': 0.74}
{'loss': 1.7879, 'grad_norm': 0.23911632597446442, 'learning_rate': 5.3026869537067014e-05, 'epoch': 0.74}
{'loss': 2.0748, 'grad_norm': 0.22463294863700867, 'learning_rate': 5.296212366461638e-05, 'epoch': 0.74}
{'loss': 1.8771, 'grad_norm': 0.2239524871110916, 'learning_rate': 5.289737779216575e-05, 'epoch': 0.74}
{'loss': 1.7912, 'grad_norm': 0.20481127500534058, 'learning_rate': 5.283263191971513e-05, 'epoch': 0.74}
{'loss': 2.1321, 'grad_norm': 0.23394344747066498, 'learning_rate': 5.2767886047264494e-05, 'epoch': 0.74}
{'loss': 2.0697, 'grad_norm': 0.22386178374290466, 'learning_rate': 5.270314017481386e-05, 'epoch': 0.74}
{'loss': 2.0265, 'grad_norm': 0.224873349070549, 'learning_rate': 5.263839430236323e-05, 'epoch': 0.74}
{'loss': 1.8513, 'grad_norm': 0.20682699978351593, 'learning_rate': 5.2573648429912594e-05, 'epoch': 0.74}
{'loss': 1.7388, 'grad_norm': 0.21066182851791382, 'learning_rate': 5.250890255746197e-05, 'epoch': 0.74}
{'loss': 2.2022, 'grad_norm': 0.2333710938692093, 'learning_rate': 5.2444156685011335e-05, 'epoch': 0.74}
{'loss': 2.1018, 'grad_norm': 0.21551598608493805, 'learning_rate': 5.23794108125607e-05, 'epoch': 0.74}
{'loss': 1.959, 'grad_norm': 0.21367888152599335, 'learning_rate': 5.231466494011007e-05, 'epoch': 0.74}
{'loss': 1.9821, 'grad_norm': 0.22078655660152435, 'learning_rate': 5.2249919067659435e-05, 'epoch': 0.74}
{'loss': 1.9442, 'grad_norm': 0.2308274656534195, 'learning_rate': 5.21851731952088e-05, 'epoch': 0.74}
{'loss': 2.0168, 'grad_norm': 0.21200251579284668, 'learning_rate': 5.212042732275818e-05, 'epoch': 0.74}
{'loss': 1.8573, 'grad_norm': 0.22670087218284607, 'learning_rate': 5.205568145030755e-05, 'epoch': 0.74}
{'loss': 1.7111, 'grad_norm': 0.22211310267448425, 'learning_rate': 5.1990935577856915e-05, 'epoch': 0.74}
{'loss': 1.8829, 'grad_norm': 0.22734227776527405, 'learning_rate': 5.192618970540628e-05, 'epoch': 0.74}
{'loss': 2.0113, 'grad_norm': 0.2213106006383896, 'learning_rate': 5.186144383295565e-05, 'epoch': 0.74}
{'loss': 2.0747, 'grad_norm': 0.22581914067268372, 'learning_rate': 5.179669796050503e-05, 'epoch': 0.74}
{'loss': 2.0512, 'grad_norm': 0.23695240914821625, 'learning_rate': 5.1731952088054395e-05, 'epoch': 0.74}
{'loss': 1.9883, 'grad_norm': 0.21327373385429382, 'learning_rate': 5.166720621560376e-05, 'epoch': 0.74}
{'loss': 1.9297, 'grad_norm': 0.19424240291118622, 'learning_rate': 5.160246034315313e-05, 'epoch': 0.74}
{'loss': 1.9726, 'grad_norm': 0.21683087944984436, 'learning_rate': 5.1537714470702495e-05, 'epoch': 0.74}
{'loss': 2.163, 'grad_norm': 0.2201782464981079, 'learning_rate': 5.147296859825187e-05, 'epoch': 0.74}
{'loss': 1.8913, 'grad_norm': 0.1990015059709549, 'learning_rate': 5.1408222725801235e-05, 'epoch': 0.74}
{'loss': 2.0663, 'grad_norm': 0.20982587337493896, 'learning_rate': 5.13434768533506e-05, 'epoch': 0.74}
{'loss': 1.8787, 'grad_norm': 0.21850208938121796, 'learning_rate': 5.127873098089997e-05, 'epoch': 0.74}
{'loss': 2.1379, 'grad_norm': 0.21577773988246918, 'learning_rate': 5.1213985108449335e-05, 'epoch': 0.74}
{'loss': 1.9973, 'grad_norm': 0.21443185210227966, 'learning_rate': 5.11492392359987e-05, 'epoch': 0.75}
{'loss': 2.0438, 'grad_norm': 0.23368443548679352, 'learning_rate': 5.108449336354808e-05, 'epoch': 0.75}
{'loss': 1.9206, 'grad_norm': 0.21173466742038727, 'learning_rate': 5.101974749109745e-05, 'epoch': 0.75}
{'loss': 1.8373, 'grad_norm': 0.21488314867019653, 'learning_rate': 5.0955001618646815e-05, 'epoch': 0.75}
{'loss': 2.109, 'grad_norm': 0.22879348695278168, 'learning_rate': 5.089025574619618e-05, 'epoch': 0.75}
{'loss': 1.8244, 'grad_norm': 0.22983284294605255, 'learning_rate': 5.082550987374555e-05, 'epoch': 0.75}
{'loss': 2.283, 'grad_norm': 0.23979412019252777, 'learning_rate': 5.076076400129492e-05, 'epoch': 0.75}
{'loss': 1.9213, 'grad_norm': 0.21575994789600372, 'learning_rate': 5.069601812884429e-05, 'epoch': 0.75}
{'loss': 1.7426, 'grad_norm': 0.2016909271478653, 'learning_rate': 5.0631272256393655e-05, 'epoch': 0.75}
{'loss': 1.7151, 'grad_norm': 0.19686420261859894, 'learning_rate': 5.056652638394302e-05, 'epoch': 0.75}
{'loss': 1.8131, 'grad_norm': 0.2061721831560135, 'learning_rate': 5.050178051149239e-05, 'epoch': 0.75}
{'loss': 2.1532, 'grad_norm': 0.22192752361297607, 'learning_rate': 5.0437034639041755e-05, 'epoch': 0.75} 75%|███████▍  | 2316/3094 [1:54:19<39:08,  3.02s/it] 75%|███████▍  | 2317/3094 [1:54:22<37:03,  2.86s/it]                                                      75%|███████▍  | 2317/3094 [1:54:22<37:03,  2.86s/it] 75%|███████▍  | 2318/3094 [1:54:24<36:13,  2.80s/it]                                                      75%|███████▍  | 2318/3094 [1:54:24<36:13,  2.80s/it] 75%|███████▍  | 2319/3094 [1:54:28<38:55,  3.01s/it]                                                      75%|███████▍  | 2319/3094 [1:54:28<38:55,  3.01s/it] 75%|███████▍  | 2320/3094 [1:54:31<38:30,  2.98s/it]                                                      75%|███████▍  | 2320/3094 [1:54:31<38:30,  2.98s/it] 75%|███████▌  | 2321/3094 [1:54:34<40:00,  3.10s/it]                                                      75%|███████▌  | 2321/3094 [1:54:34<40:00,  3.10s/it] 75%|███████▌  | 2322/3094 [1:54:37<40:43,  3.16s/it]                                                      75%|███████▌  | 2322/3094 [1:54:37<40:43,  3.16s/it] 75%|███████▌  | 2323/3094 [1:54:40<38:58,  3.03s/it]                                                      75%|███████▌  | 2323/3094 [1:54:40<38:58,  3.03s/it] 75%|███████▌  | 2324/3094 [1:54:43<39:34,  3.08s/it]                                                      75%|███████▌  | 2324/3094 [1:54:43<39:34,  3.08s/it] 75%|███████▌  | 2325/3094 [1:54:46<38:19,  2.99s/it]                                                      75%|███████▌  | 2325/3094 [1:54:46<38:19,  2.99s/it] 75%|███████▌  | 2326/3094 [1:54:49<37:02,  2.89s/it]                                                      75%|███████▌  | 2326/3094 [1:54:49<37:02,  2.89s/it] 75%|███████▌  | 2327/3094 [1:54:52<36:45,  2.88s/it]                                                      75%|███████▌  | 2327/3094 [1:54:52<36:45,  2.88s/it] 75%|███████▌  | 2328/3094 [1:54:54<36:14,  2.84s/it]                                                      75%|███████▌  | 2328/3094 [1:54:54<36:14,  2.84s/it] 75%|███████▌  | 2329/3094 [1:54:57<35:39,  2.80s/it]                                                      75%|███████▌  | 2329/3094 [1:54:57<35:39,  2.80s/it] 75%|███████▌  | 2330/3094 [1:55:00<36:34,  2.87s/it]                                                      75%|███████▌  | 2330/3094 [1:55:00<36:34,  2.87s/it] 75%|███████▌  | 2331/3094 [1:55:03<37:34,  2.95s/it]                                                      75%|███████▌  | 2331/3094 [1:55:03<37:34,  2.95s/it] 75%|███████▌  | 2332/3094 [1:55:06<37:47,  2.98s/it]                                                      75%|███████▌  | 2332/3094 [1:55:06<37:47,  2.98s/it] 75%|███████▌  | 2333/3094 [1:55:09<36:06,  2.85s/it]                                                      75%|███████▌  | 2333/3094 [1:55:09<36:06,  2.85s/it] 75%|███████▌  | 2334/3094 [1:55:12<37:51,  2.99s/it]                                                      75%|███████▌  | 2334/3094 [1:55:12<37:51,  2.99s/it] 75%|███████▌  | 2335/3094 [1:55:15<37:19,  2.95s/it]                                                      75%|███████▌  | 2335/3094 [1:55:15<37:19,  2.95s/it] 76%|███████▌  | 2336/3094 [1:55:18<37:35,  2.98s/it]                                                      76%|███████▌  | 2336/3094 [1:55:18<37:35,  2.98s/it] 76%|███████▌  | 2337/3094 [1:55:21<37:21,  2.96s/it]                                                      76%|███████▌  | 2337/3094 [1:55:21<37:21,  2.96s/it] 76%|███████▌  | 2338/3094 [1:55:24<36:34,  2.90s/it]                                                      76%|███████▌  | 2338/3094 [1:55:24<36:34,  2.90s/it] 76%|███████▌  | 2339/3094 [1:55:27<37:35,  2.99s/it]                                                      76%|███████▌  | 2339/3094 [1:55:27<37:35,  2.99s/it] 76%|███████▌  | 2340/3094 [1:55:30<36:48,  2.93s/it]                                                      76%|███████▌  | 2340/3094 [1:55:30<36:48,  2.93s/it] 76%|███████▌  | 2341/3094 [1:55:33<36:11,  2.88s/it]                                                      76%|███████▌  | 2341/3094 [1:55:33<36:11,  2.88s/it] 76%|███████▌  | 2342/3094 [1:55:36<36:51,  2.94s/it]                                                      76%|███████▌  | 2342/3094 [1:55:36<36:51,  2.94s/it] 76%|███████▌  | 2343/3094 [1:55:38<36:22,  2.91s/it]                                                      76%|███████▌  | 2343/3094 [1:55:38<36:22,  2.91s/it] 76%|███████▌  | 2344/3094 [1:55:41<35:54,  2.87s/it]                                                      76%|███████▌  | 2344/3094 [1:55:41<35:54,  2.87s/it] 76%|███████▌  | 2345/3094 [1:55:45<37:31,  3.01s/it]                                                      76%|███████▌  | 2345/3094 [1:55:45<37:31,  3.01s/it] 76%|███████▌  | 2346/3094 [1:55:48<37:57,  3.05s/it]                                                      76%|███████▌  | 2346/3094 [1:55:48<37:57,  3.05s/it] 76%|███████▌  | 2347/3094 [1:55:51<38:15,  3.07s/it]                                                      76%|███████▌  | 2347/3094 [1:55:51<38:15,  3.07s/it] 76%|███████▌  | 2348/3094 [1:55:54<37:47,  3.04s/it]                                                      76%|███████▌  | 2348/3094 [1:55:54<37:47,  3.04s/it] 76%|███████▌  | 2349/3094 [1:55:57<38:38,  3.11s/it]                                                      76%|███████▌  | 2349/3094 [1:55:57<38:38,  3.11s/it] 76%|███████▌  | 2350/3094 [1:56:00<38:33,  3.11s/it]                                                      76%|███████▌  | 2350/3094 [1:56:00<38:33,  3.11s/it] 76%|███████▌  | 2351/3094 [1:56:03<37:37,  3.04s/it]                                                      76%|███████▌  | 2351/3094 [1:56:03<37:37,  3.04s/it] 76%|███████▌  | 2352/3094 [1:56:06<37:20,  3.02s/it]                                                      76%|███████▌  | 2352/3094 [1:56:06<37:20,  3.02s/it] 76%|███████▌  | 2353/3094 [1:56:09<36:18,  2.94s/it]                                                      76%|███████▌  | 2353/3094 [1:56:09<36:18,  2.94s/it] 76%|███████▌  | 2354/3094 [1:56:12<37:20,  3.03s/it]                                                      76%|███████▌  | 2354/3094 [1:56:12<37:20,  3.03s/it] 76%|███████▌  | 2355/3094 [1:56:15<36:48,  2.99s/it]                                                      76%|███████▌  | 2355/3094 [1:56:15<36:48,  2.99s/it] 76%|███████▌  | 2356/3094 [1:56:18<36:26,  2.96s/it]                                                      76%|███████▌  | 2356/3094 [1:56:18<36:26,  2.96s/it] 76%|███████▌  | 2357/3094 [1:56:21<36:18,  2.96s/it]                                                      76%|███████▌  | 2357/3094 [1:56:21<36:18,  2.96s/it] 76%|███████▌  | 2358/3094 [1:56:23<34:13,  2.79s/it]                                                      76%|███████▌  | 2358/3094 [1:56:23<34:13,  2.79s/it] 76%|███████▌  | 2359/3094 [1:56:26<32:28,  2.65s/it]                                                      76%|███████▌  | 2359/3094 [1:56:26<32:28,  2.65s/it] 76%|███████▋  | 2360/3094 [1:56:29<36:05,  2.95s/it]                                                      76%|███████▋  | 2360/3094 [1:56:29<36:05,  2.95s/it] 76%|███████▋  | 2361/3094 [1:56:32<34:31,  2.83s/it]                                                      76%|███████▋  | 2361/3094 [1:56:32<34:31,  2.83s/it] 76%|███████▋  | 2362/3094 [1:56:35<34:54,  2.86s/it]                                                      76%|███████▋  | 2362/3094 [1:56:35<34:54,  2.86s/it] 76%|███████▋  | 2363/3094 [1:56:37<34:09,  2.80s/it]                                                      76%|███████▋  | 2363/3094 [1:56:37<34:09,  2.80s/it] 76%|███████▋  | 2364/3094 [1:56:40<34:42,  2.85s/it]                                                      76%|███████▋  | 2364/3094 [1:56:40<34:42,  2.85s/it] 76%|███████▋  | 2365/3094 [1:56:43<34:22,  2.83s/it]                                                      76%|███████▋  | 2365/3094 [1:56:43<34:22,  2.83s/it] 76%|███████▋  | 2366/3094 [1:56:46<33:43,  2.78s/it]                                                      76%|███████▋  | 2366/3094 [1:56:46<33:43,  2.78s/it] 77%|███████▋  | 2367/3094 [1:56:50<37:32,  3.10s/it]                                                      77%|███████▋  | 2367/3094 [1:56:50<37:32,  3.10s/it] 77%|███████▋  | 2368/3094 [1:56:52<36:05,  2.98s/it]                                                      77%|███████▋  | 2368/3094 [1:56:52<36:05,  2.98s/it] 77%|███████▋  | 2369/3094 [1:56:55<36:33,  3.03s/it]                                                      77%|███████▋  | 2369/3094 [1:56:55<36:33,  3.03s/it] 77%|███████▋  | 2370/3094 [1:56:58<36:40,  3.04s/it]                                                      77%|███████▋  | 2370/3094 [1:56:58<36:40,  3.04s/it] 77%|███████▋  | 2371/3094 [1:57:01<36:29,  3.03s/it]                                                      77%|███████▋  | 2371/3094 [1:57:01<36:29,  3.03s/it] 77%|███████▋  | 2372/3094 [1:57:05<36:54,  3.07s/it]                                                      77%|███████▋  | 2372/3094 [1:57:05<36:54,  3.07s/it] 77%|███████▋  | 2373/3094 [1:57:07<35:39,  2.97s/it]                                                      77%|███████▋  | 2373/3094 [1:57:07<35:39,  2.97s/it] 77%|███████▋  | 2374/3094 [1:57:10<34:58,  2.91s/it]                                                      77%|███████▋  | 2374/3094 [1:57:10<34:58,  2.91s/it] 77%|███████▋  | 2375/3094 [1:57:13<35:25,  2.96s/it]                                                      77%|███████▋  | 2375/3094 [1:57:13<35:25,  2.96s/it] 77%|███████▋  | 2376/3094 [1:57:17<36:55,  3.09s/it]                                                      77%|███████▋  | 2376/3094 [1:57:17<36:55,  3.09s/it] 77%|███████▋  | 2377/3094 [1:57:19<36:10,  3.03s/it]                                                      77%|███████▋  | 2377/3094 [1:57:19<36:10,  3.03s/it] 77%|███████▋  | 2378/3094 [1:57:23<36:45,  3.08s/it]                                                      77%|███████▋  | 2378/3094 [1:57:23<36:45,  3.08s/it] 77%|███████▋  | 2379/3094 [1:57:25<35:24,  2.97s/it]                                                      77%|███████▋  | 2379/3094 [1:57:25<35:24,  2.97s/it] 77%|███████▋  | 2380/3094 [1:57:28<35:18,  2.97s/it]                                                      77%|███████▋  | 2380/3094 [1:57:28<35:18,  2.97s/it] 77%|███████▋  | 2381/3094 [1:57:31<35:11,  2.96s/it]                                                      77%|███████▋  | 2381/3094 [1:57:31<35:11,  2.96s/it] 77%|███████▋  | 2382/3094 [1:57:35<38:31,  3.25s/it]                                                      77%|███████▋  | 2382/3094 [1:57:35<38:31,  3.25s/it] 77%|███████▋  | 2383/3094 [1:57:38<36:45,  3.10s/it]                                                      77%|███████▋  | 2383/3094 [1:57:38<36:45,  3.10s/it] 77%|███████▋  | 2384/3094 [1:57:41<34:47,  2.94s/it]                                                      77%|███████▋  | 2384/3094 [1:57:41<34:47,  2.94s/it] 77%|███████▋  | 2385/3094 [1:57:43<34:10,  2.89s/it]                                                      77%|███████▋  | 2385/3094 [1:57:43<34:10,  2.89s/it] 77%|███████▋  | 2386/3094 [1:57:46<34:38,  2.94s/it]                                                      77%|███████▋  | 2386/3094 [1:57:46<34:38,  2.94s/it] 77%|███████▋  | 2387/3094 [1:57:50<35:49,  3.04s/it]                                                      77%|███████▋  | 2387/3094 [1:57:50<35:49,  3.04s/it] 77%|███████▋  | 2388/3094 [1:57:53<35:13,  2.99s/it]                                                      77%|███████▋  | 2388/3094 [1:57:53<35:13,  2.99s/it] 77%|███████▋  | 2389/3094 [1:57:55<34:37,  2.95s/it]                                                      77%|███████▋  | 2389/3094 [1:57:55<34:37,  2.95s/it] 77%|███████▋  | 2390/3094 [1:57:59<37:10,  3.17s/it]                                                      77%|███████▋  | 2390/3094 [1:57:59<37:10,  3.17s/it] 77%|███████▋  | 2391/3094 [1:58:02<35:29,  3.03s/it]                                                      77%|███████▋  | 2391/3094 [1:58:02<35:29,  3.03s/it] 77%|███████▋  | 2392/3094 [1:58:05<34:53,  2.98s/it]                                                      77%|███████▋  | 2392/3094 [1:58:05<34:53,  2.98s/it] 77%|███████▋  | 2393/3094 [1:58:07<34:23,  2.94s/it]                                                     
{'loss': 2.1186, 'grad_norm': 0.23085351288318634, 'learning_rate': 5.0372288766591136e-05, 'epoch': 0.75}
{'loss': 2.1582, 'grad_norm': 0.25040119886398315, 'learning_rate': 5.03075428941405e-05, 'epoch': 0.75}
{'loss': 1.9437, 'grad_norm': 0.22709383070468903, 'learning_rate': 5.024279702168987e-05, 'epoch': 0.75}
{'loss': 2.0067, 'grad_norm': 0.23162679374217987, 'learning_rate': 5.0178051149239236e-05, 'epoch': 0.75}
{'loss': 1.7806, 'grad_norm': 0.19816923141479492, 'learning_rate': 5.01133052767886e-05, 'epoch': 0.75}
{'loss': 2.0788, 'grad_norm': 0.1970832496881485, 'learning_rate': 5.004855940433798e-05, 'epoch': 0.75}
{'loss': 1.8725, 'grad_norm': 0.23477986454963684, 'learning_rate': 4.998381353188735e-05, 'epoch': 0.75}
{'loss': 1.8079, 'grad_norm': 0.20813439786434174, 'learning_rate': 4.9919067659436716e-05, 'epoch': 0.75}
{'loss': 1.9198, 'grad_norm': 0.24624769389629364, 'learning_rate': 4.985432178698608e-05, 'epoch': 0.75}
{'loss': 1.8903, 'grad_norm': 0.22362138330936432, 'learning_rate': 4.978957591453545e-05, 'epoch': 0.75}
{'loss': 1.9706, 'grad_norm': 0.2184588760137558, 'learning_rate': 4.9724830042084816e-05, 'epoch': 0.75}
{'loss': 1.9929, 'grad_norm': 0.2216191440820694, 'learning_rate': 4.966008416963418e-05, 'epoch': 0.75}
{'loss': 1.9642, 'grad_norm': 0.2226337492465973, 'learning_rate': 4.9595338297183556e-05, 'epoch': 0.75}
{'loss': 1.9513, 'grad_norm': 0.21131859719753265, 'learning_rate': 4.953059242473292e-05, 'epoch': 0.75}
{'loss': 1.8779, 'grad_norm': 0.2058655172586441, 'learning_rate': 4.9465846552282296e-05, 'epoch': 0.75}
{'loss': 2.0259, 'grad_norm': 0.22276297211647034, 'learning_rate': 4.940110067983166e-05, 'epoch': 0.75}
{'loss': 2.0209, 'grad_norm': 0.2504699230194092, 'learning_rate': 4.933635480738103e-05, 'epoch': 0.75}
{'loss': 1.8161, 'grad_norm': 0.20460228621959686, 'learning_rate': 4.92716089349304e-05, 'epoch': 0.75}
{'loss': 1.895, 'grad_norm': 0.22141297161579132, 'learning_rate': 4.920686306247977e-05, 'epoch': 0.75}
{'loss': 1.8706, 'grad_norm': 0.21708202362060547, 'learning_rate': 4.9142117190029136e-05, 'epoch': 0.76}
{'loss': 2.0339, 'grad_norm': 0.2303030639886856, 'learning_rate': 4.907737131757851e-05, 'epoch': 0.76}
{'loss': 1.9831, 'grad_norm': 0.22842592000961304, 'learning_rate': 4.9012625445127876e-05, 'epoch': 0.76}
{'loss': 1.8419, 'grad_norm': 0.19937142729759216, 'learning_rate': 4.894787957267725e-05, 'epoch': 0.76}
{'loss': 1.8474, 'grad_norm': 0.22699466347694397, 'learning_rate': 4.8883133700226616e-05, 'epoch': 0.76}
{'loss': 1.9233, 'grad_norm': 0.24775388836860657, 'learning_rate': 4.881838782777598e-05, 'epoch': 0.76}
{'loss': 1.8819, 'grad_norm': 0.2022784948348999, 'learning_rate': 4.875364195532535e-05, 'epoch': 0.76}
{'loss': 2.1316, 'grad_norm': 0.24434538185596466, 'learning_rate': 4.8688896082874716e-05, 'epoch': 0.76}
{'loss': 2.1834, 'grad_norm': 0.22880502045154572, 'learning_rate': 4.862415021042408e-05, 'epoch': 0.76}
{'loss': 1.8941, 'grad_norm': 0.21030575037002563, 'learning_rate': 4.8559404337973456e-05, 'epoch': 0.76}
{'loss': 1.8729, 'grad_norm': 0.195259690284729, 'learning_rate': 4.849465846552282e-05, 'epoch': 0.76}
{'loss': 1.8454, 'grad_norm': 0.20810316503047943, 'learning_rate': 4.8429912593072197e-05, 'epoch': 0.76}
{'loss': 1.8714, 'grad_norm': 0.21471132338047028, 'learning_rate': 4.836516672062156e-05, 'epoch': 0.76}
{'loss': 1.8984, 'grad_norm': 0.20351886749267578, 'learning_rate': 4.830042084817093e-05, 'epoch': 0.76}
{'loss': 1.7856, 'grad_norm': 0.2133503258228302, 'learning_rate': 4.82356749757203e-05, 'epoch': 0.76}
{'loss': 2.0355, 'grad_norm': 0.23917819559574127, 'learning_rate': 4.817092910326967e-05, 'epoch': 0.76}
{'loss': 1.875, 'grad_norm': 0.21155782043933868, 'learning_rate': 4.810618323081904e-05, 'epoch': 0.76}
{'loss': 2.2927, 'grad_norm': 0.23840904235839844, 'learning_rate': 4.804143735836841e-05, 'epoch': 0.76}
{'loss': 1.7895, 'grad_norm': 0.21516907215118408, 'learning_rate': 4.797669148591778e-05, 'epoch': 0.76}
{'loss': 1.9753, 'grad_norm': 0.21934060752391815, 'learning_rate': 4.7911945613467143e-05, 'epoch': 0.76}
{'loss': 2.0269, 'grad_norm': 0.21655389666557312, 'learning_rate': 4.784719974101651e-05, 'epoch': 0.76}
{'loss': 1.8853, 'grad_norm': 0.2158854603767395, 'learning_rate': 4.778245386856588e-05, 'epoch': 0.76}
{'loss': 2.0036, 'grad_norm': 0.25664255023002625, 'learning_rate': 4.771770799611525e-05, 'epoch': 0.76}
{'loss': 1.9632, 'grad_norm': 0.25637316703796387, 'learning_rate': 4.765296212366462e-05, 'epoch': 0.76}
{'loss': 2.0279, 'grad_norm': 0.19412893056869507, 'learning_rate': 4.7588216251213984e-05, 'epoch': 0.76}
{'loss': 1.9304, 'grad_norm': 0.23755359649658203, 'learning_rate': 4.752347037876336e-05, 'epoch': 0.76}
{'loss': 2.1589, 'grad_norm': 0.23158377408981323, 'learning_rate': 4.7458724506312724e-05, 'epoch': 0.76}
{'loss': 1.9368, 'grad_norm': 0.22074982523918152, 'learning_rate': 4.73939786338621e-05, 'epoch': 0.76}
{'loss': 1.9117, 'grad_norm': 0.21337063610553741, 'learning_rate': 4.7329232761411464e-05, 'epoch': 0.76}
{'loss': 1.9365, 'grad_norm': 0.22988039255142212, 'learning_rate': 4.726448688896083e-05, 'epoch': 0.76}
{'loss': 2.0443, 'grad_norm': 0.21930082142353058, 'learning_rate': 4.7199741016510204e-05, 'epoch': 0.76}
{'loss': 1.6198, 'grad_norm': 0.17795628309249878, 'learning_rate': 4.713499514405957e-05, 'epoch': 0.77}
{'loss': 1.8253, 'grad_norm': 0.2366708219051361, 'learning_rate': 4.707024927160894e-05, 'epoch': 0.77}
{'loss': 1.7178, 'grad_norm': 0.23698647320270538, 'learning_rate': 4.7005503399158304e-05, 'epoch': 0.77}
{'loss': 2.1809, 'grad_norm': 0.25955429673194885, 'learning_rate': 4.694075752670767e-05, 'epoch': 0.77}
{'loss': 2.0128, 'grad_norm': 0.21570797264575958, 'learning_rate': 4.6876011654257044e-05, 'epoch': 0.77}
{'loss': 2.1393, 'grad_norm': 0.2215203046798706, 'learning_rate': 4.681126578180641e-05, 'epoch': 0.77}
{'loss': 2.0614, 'grad_norm': 0.22746829688549042, 'learning_rate': 4.674651990935578e-05, 'epoch': 0.77}
{'loss': 2.1115, 'grad_norm': 0.24076728522777557, 'learning_rate': 4.668177403690515e-05, 'epoch': 0.77}
{'loss': 2.2206, 'grad_norm': 0.24826104938983917, 'learning_rate': 4.661702816445452e-05, 'epoch': 0.77}
{'loss': 1.761, 'grad_norm': 0.1909058541059494, 'learning_rate': 4.6552282292003884e-05, 'epoch': 0.77}
{'loss': 2.1911, 'grad_norm': 0.21277034282684326, 'learning_rate': 4.648753641955326e-05, 'epoch': 0.77}
{'loss': 2.0253, 'grad_norm': 0.20736750960350037, 'learning_rate': 4.6422790547102624e-05, 'epoch': 0.77}
{'loss': 1.9895, 'grad_norm': 0.24056172370910645, 'learning_rate': 4.6358044674652e-05, 'epoch': 0.77}
{'loss': 1.9877, 'grad_norm': 0.21403439342975616, 'learning_rate': 4.6293298802201364e-05, 'epoch': 0.77}
{'loss': 2.3043, 'grad_norm': 0.24409310519695282, 'learning_rate': 4.622855292975073e-05, 'epoch': 0.77}
{'loss': 1.7486, 'grad_norm': 0.19034112989902496, 'learning_rate': 4.6163807057300104e-05, 'epoch': 0.77}
{'loss': 1.9754, 'grad_norm': 0.21536463499069214, 'learning_rate': 4.609906118484947e-05, 'epoch': 0.77}
{'loss': 1.8098, 'grad_norm': 0.25335103273391724, 'learning_rate': 4.603431531239884e-05, 'epoch': 0.77}
{'loss': 2.1203, 'grad_norm': 0.22804298996925354, 'learning_rate': 4.5969569439948204e-05, 'epoch': 0.77}
{'loss': 1.8667, 'grad_norm': 0.2048795223236084, 'learning_rate': 4.590482356749757e-05, 'epoch': 0.77}
{'loss': 1.9049, 'grad_norm': 0.21441949903964996, 'learning_rate': 4.5840077695046944e-05, 'epoch': 0.77}
{'loss': 2.1138, 'grad_norm': 0.22551193833351135, 'learning_rate': 4.577533182259631e-05, 'epoch': 0.77}
{'loss': 2.0455, 'grad_norm': 0.2289934754371643, 'learning_rate': 4.571058595014568e-05, 'epoch': 0.77}
{'loss': 2.1298, 'grad_norm': 0.21149297058582306, 'learning_rate': 4.564584007769505e-05, 'epoch': 0.77}
{'loss': 1.7941, 'grad_norm': 0.21923008561134338, 'learning_rate': 4.558109420524442e-05, 'epoch': 0.77}
{'loss': 1.8722, 'grad_norm': 0.23397965729236603, 'learning_rate': 4.5516348332793785e-05, 'epoch': 0.77}
{'loss': 1.9983, 'grad_norm': 0.24379432201385498, 'learning_rate': 4.545160246034316e-05, 'epoch': 0.77} 77%|███████▋  | 2393/3094 [1:58:07<34:23,  2.94s/it] 77%|███████▋  | 2394/3094 [1:58:10<33:08,  2.84s/it]                                                      77%|███████▋  | 2394/3094 [1:58:10<33:08,  2.84s/it] 77%|███████▋  | 2395/3094 [1:58:13<33:10,  2.85s/it]                                                      77%|███████▋  | 2395/3094 [1:58:13<33:10,  2.85s/it] 77%|███████▋  | 2396/3094 [1:58:16<32:40,  2.81s/it]                                                      77%|███████▋  | 2396/3094 [1:58:16<32:40,  2.81s/it] 77%|███████▋  | 2397/3094 [1:58:18<31:16,  2.69s/it]                                                      77%|███████▋  | 2397/3094 [1:58:18<31:16,  2.69s/it] 78%|███████▊  | 2398/3094 [1:58:21<31:41,  2.73s/it]                                                      78%|███████▊  | 2398/3094 [1:58:21<31:41,  2.73s/it] 78%|███████▊  | 2399/3094 [1:58:24<33:19,  2.88s/it]                                                      78%|███████▊  | 2399/3094 [1:58:24<33:19,  2.88s/it] 78%|███████▊  | 2400/3094 [1:58:27<33:50,  2.93s/it]                                                      78%|███████▊  | 2400/3094 [1:58:27<33:50,  2.93s/it] 78%|███████▊  | 2401/3094 [1:58:31<36:02,  3.12s/it]                                                      78%|███████▊  | 2401/3094 [1:58:31<36:02,  3.12s/it] 78%|███████▊  | 2402/3094 [1:58:33<34:24,  2.98s/it]                                                      78%|███████▊  | 2402/3094 [1:58:33<34:24,  2.98s/it] 78%|███████▊  | 2403/3094 [1:58:36<34:03,  2.96s/it]                                                      78%|███████▊  | 2403/3094 [1:58:36<34:03,  2.96s/it] 78%|███████▊  | 2404/3094 [1:58:40<35:41,  3.10s/it]                                                      78%|███████▊  | 2404/3094 [1:58:40<35:41,  3.10s/it] 78%|███████▊  | 2405/3094 [1:58:43<37:52,  3.30s/it]                                                      78%|███████▊  | 2405/3094 [1:58:43<37:52,  3.30s/it] 78%|███████▊  | 2406/3094 [1:58:46<36:38,  3.20s/it]                                                      78%|███████▊  | 2406/3094 [1:58:46<36:38,  3.20s/it] 78%|███████▊  | 2407/3094 [1:58:50<37:16,  3.26s/it]                                                      78%|███████▊  | 2407/3094 [1:58:50<37:16,  3.26s/it] 78%|███████▊  | 2408/3094 [1:58:52<34:59,  3.06s/it]                                                      78%|███████▊  | 2408/3094 [1:58:52<34:59,  3.06s/it] 78%|███████▊  | 2409/3094 [1:58:56<34:53,  3.06s/it]                                                      78%|███████▊  | 2409/3094 [1:58:56<34:53,  3.06s/it] 78%|███████▊  | 2410/3094 [1:58:58<33:48,  2.97s/it]                                                      78%|███████▊  | 2410/3094 [1:58:58<33:48,  2.97s/it] 78%|███████▊  | 2411/3094 [1:59:01<32:56,  2.89s/it]                                                      78%|███████▊  | 2411/3094 [1:59:01<32:56,  2.89s/it] 78%|███████▊  | 2412/3094 [1:59:04<32:22,  2.85s/it]                                                      78%|███████▊  | 2412/3094 [1:59:04<32:22,  2.85s/it] 78%|███████▊  | 2413/3094 [1:59:07<33:37,  2.96s/it]                                                      78%|███████▊  | 2413/3094 [1:59:07<33:37,  2.96s/it] 78%|███████▊  | 2414/3094 [1:59:09<32:09,  2.84s/it]                                                      78%|███████▊  | 2414/3094 [1:59:09<32:09,  2.84s/it] 78%|███████▊  | 2415/3094 [1:59:13<33:23,  2.95s/it]                                                      78%|███████▊  | 2415/3094 [1:59:13<33:23,  2.95s/it] 78%|███████▊  | 2416/3094 [1:59:16<33:19,  2.95s/it]                                                      78%|███████▊  | 2416/3094 [1:59:16<33:19,  2.95s/it] 78%|███████▊  | 2417/3094 [1:59:18<32:44,  2.90s/it]                                                      78%|███████▊  | 2417/3094 [1:59:18<32:44,  2.90s/it] 78%|███████▊  | 2418/3094 [1:59:22<33:40,  2.99s/it]                                                      78%|███████▊  | 2418/3094 [1:59:22<33:40,  2.99s/it] 78%|███████▊  | 2419/3094 [1:59:24<32:21,  2.88s/it]                                                      78%|███████▊  | 2419/3094 [1:59:24<32:21,  2.88s/it] 78%|███████▊  | 2420/3094 [1:59:27<32:15,  2.87s/it]                                                      78%|███████▊  | 2420/3094 [1:59:27<32:15,  2.87s/it] 78%|███████▊  | 2421/3094 [1:59:30<31:55,  2.85s/it]                                                      78%|███████▊  | 2421/3094 [1:59:30<31:55,  2.85s/it] 78%|███████▊  | 2422/3094 [1:59:33<31:15,  2.79s/it]                                                      78%|███████▊  | 2422/3094 [1:59:33<31:15,  2.79s/it] 78%|███████▊  | 2423/3094 [1:59:35<31:03,  2.78s/it]                                                      78%|███████▊  | 2423/3094 [1:59:35<31:03,  2.78s/it] 78%|███████▊  | 2424/3094 [1:59:38<31:32,  2.82s/it]                                                      78%|███████▊  | 2424/3094 [1:59:38<31:32,  2.82s/it] 78%|███████▊  | 2425/3094 [1:59:41<32:48,  2.94s/it]                                                      78%|███████▊  | 2425/3094 [1:59:41<32:48,  2.94s/it] 78%|███████▊  | 2426/3094 [1:59:44<32:35,  2.93s/it]                                                      78%|███████▊  | 2426/3094 [1:59:44<32:35,  2.93s/it] 78%|███████▊  | 2427/3094 [1:59:48<33:18,  3.00s/it]                                                      78%|███████▊  | 2427/3094 [1:59:48<33:18,  3.00s/it] 78%|███████▊  | 2428/3094 [1:59:50<32:29,  2.93s/it]                                                      78%|███████▊  | 2428/3094 [1:59:50<32:29,  2.93s/it] 79%|███████▊  | 2429/3094 [1:59:53<30:53,  2.79s/it]                                                      79%|███████▊  | 2429/3094 [1:59:53<30:53,  2.79s/it] 79%|███████▊  | 2430/3094 [1:59:55<30:39,  2.77s/it]                                                      79%|███████▊  | 2430/3094 [1:59:55<30:39,  2.77s/it] 79%|███████▊  | 2431/3094 [1:59:58<31:28,  2.85s/it]                                                      79%|███████▊  | 2431/3094 [1:59:58<31:28,  2.85s/it] 79%|███████▊  | 2432/3094 [2:00:01<31:21,  2.84s/it]                                                      79%|███████▊  | 2432/3094 [2:00:01<31:21,  2.84s/it] 79%|███████▊  | 2433/3094 [2:00:04<31:24,  2.85s/it]                                                      79%|███████▊  | 2433/3094 [2:00:04<31:24,  2.85s/it] 79%|███████▊  | 2434/3094 [2:00:07<32:39,  2.97s/it]                                                      79%|███████▊  | 2434/3094 [2:00:07<32:39,  2.97s/it] 79%|███████▊  | 2435/3094 [2:00:10<32:23,  2.95s/it]                                                      79%|███████▊  | 2435/3094 [2:00:10<32:23,  2.95s/it] 79%|███████▊  | 2436/3094 [2:00:13<31:29,  2.87s/it]                                                      79%|███████▊  | 2436/3094 [2:00:13<31:29,  2.87s/it] 79%|███████▉  | 2437/3094 [2:00:16<30:57,  2.83s/it]                                                      79%|███████▉  | 2437/3094 [2:00:16<30:57,  2.83s/it] 79%|███████▉  | 2438/3094 [2:00:19<31:24,  2.87s/it]                                                      79%|███████▉  | 2438/3094 [2:00:19<31:24,  2.87s/it] 79%|███████▉  | 2439/3094 [2:00:22<31:11,  2.86s/it]                                                      79%|███████▉  | 2439/3094 [2:00:22<31:11,  2.86s/it] 79%|███████▉  | 2440/3094 [2:00:25<33:36,  3.08s/it]                                                      79%|███████▉  | 2440/3094 [2:00:25<33:36,  3.08s/it] 79%|███████▉  | 2441/3094 [2:00:28<31:41,  2.91s/it]                                                      79%|███████▉  | 2441/3094 [2:00:28<31:41,  2.91s/it] 79%|███████▉  | 2442/3094 [2:00:30<30:19,  2.79s/it]                                                      79%|███████▉  | 2442/3094 [2:00:30<30:19,  2.79s/it] 79%|███████▉  | 2443/3094 [2:00:33<30:27,  2.81s/it]                                                      79%|███████▉  | 2443/3094 [2:00:33<30:27,  2.81s/it] 79%|███████▉  | 2444/3094 [2:00:36<30:15,  2.79s/it]                                                      79%|███████▉  | 2444/3094 [2:00:36<30:15,  2.79s/it] 79%|███████▉  | 2445/3094 [2:00:39<30:54,  2.86s/it]                                                      79%|███████▉  | 2445/3094 [2:00:39<30:54,  2.86s/it] 79%|███████▉  | 2446/3094 [2:00:41<29:50,  2.76s/it]                                                      79%|███████▉  | 2446/3094 [2:00:41<29:50,  2.76s/it] 79%|███████▉  | 2447/3094 [2:00:44<29:10,  2.71s/it]                                                      79%|███████▉  | 2447/3094 [2:00:44<29:10,  2.71s/it] 79%|███████▉  | 2448/3094 [2:00:47<29:01,  2.70s/it]                                                      79%|███████▉  | 2448/3094 [2:00:47<29:01,  2.70s/it] 79%|███████▉  | 2449/3094 [2:00:50<32:01,  2.98s/it]                                                      79%|███████▉  | 2449/3094 [2:00:50<32:01,  2.98s/it] 79%|███████▉  | 2450/3094 [2:00:53<31:45,  2.96s/it]                                                      79%|███████▉  | 2450/3094 [2:00:53<31:45,  2.96s/it] 79%|███████▉  | 2451/3094 [2:00:56<30:48,  2.87s/it]                                                      79%|███████▉  | 2451/3094 [2:00:56<30:48,  2.87s/it] 79%|███████▉  | 2452/3094 [2:00:58<30:06,  2.81s/it]                                                      79%|███████▉  | 2452/3094 [2:00:58<30:06,  2.81s/it] 79%|███████▉  | 2453/3094 [2:01:01<30:29,  2.85s/it]                                                      79%|███████▉  | 2453/3094 [2:01:01<30:29,  2.85s/it] 79%|███████▉  | 2454/3094 [2:01:05<31:29,  2.95s/it]                                                      79%|███████▉  | 2454/3094 [2:01:05<31:29,  2.95s/it] 79%|███████▉  | 2455/3094 [2:01:07<30:36,  2.87s/it]                                                      79%|███████▉  | 2455/3094 [2:01:07<30:36,  2.87s/it] 79%|███████▉  | 2456/3094 [2:01:10<30:56,  2.91s/it]                                                      79%|███████▉  | 2456/3094 [2:01:10<30:56,  2.91s/it] 79%|███████▉  | 2457/3094 [2:01:14<32:31,  3.06s/it]                                                      79%|███████▉  | 2457/3094 [2:01:14<32:31,  3.06s/it] 79%|███████▉  | 2458/3094 [2:01:17<31:55,  3.01s/it]                                                      79%|███████▉  | 2458/3094 [2:01:17<31:55,  3.01s/it] 79%|███████▉  | 2459/3094 [2:01:20<31:58,  3.02s/it]                                                      79%|███████▉  | 2459/3094 [2:01:20<31:58,  3.02s/it] 80%|███████▉  | 2460/3094 [2:01:23<31:31,  2.98s/it]                                                      80%|███████▉  | 2460/3094 [2:01:23<31:31,  2.98s/it] 80%|███████▉  | 2461/3094 [2:01:26<32:18,  3.06s/it]                                                      80%|███████▉  | 2461/3094 [2:01:26<32:18,  3.06s/it] 80%|███████▉  | 2462/3094 [2:01:29<31:49,  3.02s/it]                                                      80%|███████▉  | 2462/3094 [2:01:29<31:49,  3.02s/it] 80%|███████▉  | 2463/3094 [2:01:31<30:52,  2.94s/it]                                                      80%|███████▉  | 2463/3094 [2:01:31<30:52,  2.94s/it] 80%|███████▉  | 2464/3094 [2:01:34<30:41,  2.92s/it]                                                      80%|███████▉  | 2464/3094 [2:01:34<30:41,  2.92s/it] 80%|███████▉  | 2465/3094 [2:01:37<30:53,  2.95s/it]                                                      80%|███████▉  | 2465/3094 [2:01:37<30:53,  2.95s/it] 80%|███████▉  | 2466/3094 [2:01:40<30:41,  2.93s/it]                                                      80%|███████▉  | 2466/3094 [2:01:40<30:41,  2.93s/it] 80%|███████▉  | 2467/3094 [2:01:43<30:22,  2.91s/it]                                                      80%|███████▉  | 2467/3094 [2:01:43<30:22,  2.91s/it] 80%|███████▉  | 2468/3094 [2:01:46<30:24,  2.91s/it]                                                      80%|███████▉  | 2468/3094 [2:01:46<30:24,  2.91s/it] 80%|███████▉  | 2469/3094 [2:01:49<30:02,  2.88s/it]                                                      80%|███████▉  | 2469/3094 [2:01:49<30:02,  2.88s/it] 80%|███████▉  | 2470/3094 [2:01:52<31:33,  3.03s/it]                                                     
{'loss': 2.0201, 'grad_norm': 0.23792420327663422, 'learning_rate': 4.5386856587892525e-05, 'epoch': 0.77}
{'loss': 2.1313, 'grad_norm': 0.22061337530612946, 'learning_rate': 4.532211071544189e-05, 'epoch': 0.77}
{'loss': 1.9417, 'grad_norm': 0.23079267144203186, 'learning_rate': 4.5257364842991265e-05, 'epoch': 0.77}
{'loss': 2.0464, 'grad_norm': 0.23519444465637207, 'learning_rate': 4.519261897054063e-05, 'epoch': 0.77}
{'loss': 2.1437, 'grad_norm': 0.22723115980625153, 'learning_rate': 4.512787309809e-05, 'epoch': 0.78}
{'loss': 2.0409, 'grad_norm': 0.21299342811107635, 'learning_rate': 4.5063127225639365e-05, 'epoch': 0.78}
{'loss': 2.004, 'grad_norm': 0.2227632850408554, 'learning_rate': 4.499838135318873e-05, 'epoch': 0.78}
{'loss': 1.9185, 'grad_norm': 0.1997198760509491, 'learning_rate': 4.4933635480738105e-05, 'epoch': 0.78}
{'loss': 2.2137, 'grad_norm': 0.2308691293001175, 'learning_rate': 4.486888960828747e-05, 'epoch': 0.78}
{'loss': 1.8665, 'grad_norm': 0.2368270605802536, 'learning_rate': 4.480414373583684e-05, 'epoch': 0.78}
{'loss': 1.827, 'grad_norm': 0.21430279314517975, 'learning_rate': 4.473939786338621e-05, 'epoch': 0.78}
{'loss': 1.8442, 'grad_norm': 0.19859912991523743, 'learning_rate': 4.467465199093558e-05, 'epoch': 0.78}
{'loss': 1.9284, 'grad_norm': 0.22788752615451813, 'learning_rate': 4.460990611848495e-05, 'epoch': 0.78}
{'loss': 1.8038, 'grad_norm': 0.19776633381843567, 'learning_rate': 4.454516024603432e-05, 'epoch': 0.78}
{'loss': 1.8523, 'grad_norm': 0.22568120062351227, 'learning_rate': 4.4480414373583685e-05, 'epoch': 0.78}
{'loss': 2.2799, 'grad_norm': 0.26328524947166443, 'learning_rate': 4.441566850113306e-05, 'epoch': 0.78}
{'loss': 1.9442, 'grad_norm': 0.2599881589412689, 'learning_rate': 4.4350922628682425e-05, 'epoch': 0.78}
{'loss': 2.0009, 'grad_norm': 0.23273132741451263, 'learning_rate': 4.428617675623179e-05, 'epoch': 0.78}
{'loss': 1.951, 'grad_norm': 0.22422558069229126, 'learning_rate': 4.4221430883781165e-05, 'epoch': 0.78}
{'loss': 1.8861, 'grad_norm': 0.2232576310634613, 'learning_rate': 4.415668501133053e-05, 'epoch': 0.78}
{'loss': 1.8328, 'grad_norm': 0.25178539752960205, 'learning_rate': 4.40919391388799e-05, 'epoch': 0.78}
{'loss': 1.8791, 'grad_norm': 0.22658684849739075, 'learning_rate': 4.4027193266429265e-05, 'epoch': 0.78}
{'loss': 1.9069, 'grad_norm': 0.2233298420906067, 'learning_rate': 4.396244739397863e-05, 'epoch': 0.78}
{'loss': 2.0002, 'grad_norm': 0.2277323454618454, 'learning_rate': 4.3897701521528005e-05, 'epoch': 0.78}
{'loss': 2.0558, 'grad_norm': 0.20641018450260162, 'learning_rate': 4.383295564907737e-05, 'epoch': 0.78}
{'loss': 2.1231, 'grad_norm': 0.2362232357263565, 'learning_rate': 4.376820977662674e-05, 'epoch': 0.78}
{'loss': 1.9191, 'grad_norm': 0.22107131779193878, 'learning_rate': 4.370346390417611e-05, 'epoch': 0.78}
{'loss': 1.8096, 'grad_norm': 0.22205911576747894, 'learning_rate': 4.363871803172548e-05, 'epoch': 0.78}
{'loss': 2.0356, 'grad_norm': 0.2440212368965149, 'learning_rate': 4.357397215927485e-05, 'epoch': 0.78}
{'loss': 1.8829, 'grad_norm': 0.22994394600391388, 'learning_rate': 4.350922628682422e-05, 'epoch': 0.78}
{'loss': 1.8636, 'grad_norm': 0.21801277995109558, 'learning_rate': 4.3444480414373586e-05, 'epoch': 0.78}
{'loss': 2.0104, 'grad_norm': 0.2081170529127121, 'learning_rate': 4.337973454192296e-05, 'epoch': 0.78}
{'loss': 2.0139, 'grad_norm': 0.21685270965099335, 'learning_rate': 4.3314988669472326e-05, 'epoch': 0.78}
{'loss': 2.0532, 'grad_norm': 0.23986199498176575, 'learning_rate': 4.325024279702169e-05, 'epoch': 0.78}
{'loss': 1.8802, 'grad_norm': 0.23480048775672913, 'learning_rate': 4.318549692457106e-05, 'epoch': 0.78}
{'loss': 1.884, 'grad_norm': 0.24824954569339752, 'learning_rate': 4.3120751052120426e-05, 'epoch': 0.79}
{'loss': 2.0442, 'grad_norm': 0.2185874730348587, 'learning_rate': 4.30560051796698e-05, 'epoch': 0.79}
{'loss': 1.9376, 'grad_norm': 0.22380873560905457, 'learning_rate': 4.2991259307219166e-05, 'epoch': 0.79}
{'loss': 1.9999, 'grad_norm': 0.23057441413402557, 'learning_rate': 4.292651343476853e-05, 'epoch': 0.79}
{'loss': 1.7667, 'grad_norm': 0.21302586793899536, 'learning_rate': 4.2861767562317906e-05, 'epoch': 0.79}
{'loss': 2.1451, 'grad_norm': 0.20743092894554138, 'learning_rate': 4.279702168986727e-05, 'epoch': 0.79}
{'loss': 1.9706, 'grad_norm': 0.21839658915996552, 'learning_rate': 4.273227581741664e-05, 'epoch': 0.79}
{'loss': 2.1411, 'grad_norm': 0.22944851219654083, 'learning_rate': 4.266752994496601e-05, 'epoch': 0.79}
{'loss': 1.901, 'grad_norm': 0.21446698904037476, 'learning_rate': 4.260278407251538e-05, 'epoch': 0.79}
{'loss': 1.6341, 'grad_norm': 0.2103496789932251, 'learning_rate': 4.253803820006475e-05, 'epoch': 0.79}
{'loss': 2.3414, 'grad_norm': 0.24956007301807404, 'learning_rate': 4.247329232761412e-05, 'epoch': 0.79}
{'loss': 1.6851, 'grad_norm': 0.2060294896364212, 'learning_rate': 4.2408546455163486e-05, 'epoch': 0.79}
{'loss': 1.9116, 'grad_norm': 0.23886537551879883, 'learning_rate': 4.234380058271285e-05, 'epoch': 0.79}
{'loss': 1.948, 'grad_norm': 0.2428046464920044, 'learning_rate': 4.227905471026222e-05, 'epoch': 0.79}
{'loss': 2.249, 'grad_norm': 0.24085746705532074, 'learning_rate': 4.2214308837811586e-05, 'epoch': 0.79}
{'loss': 1.8862, 'grad_norm': 0.22380468249320984, 'learning_rate': 4.214956296536096e-05, 'epoch': 0.79}
{'loss': 1.8313, 'grad_norm': 0.24827125668525696, 'learning_rate': 4.2084817092910326e-05, 'epoch': 0.79}
{'loss': 1.897, 'grad_norm': 0.2478378266096115, 'learning_rate': 4.20200712204597e-05, 'epoch': 0.79}
{'loss': 1.7243, 'grad_norm': 0.22464068233966827, 'learning_rate': 4.1955325348009066e-05, 'epoch': 0.79}
{'loss': 2.1674, 'grad_norm': 0.24494461715221405, 'learning_rate': 4.189057947555843e-05, 'epoch': 0.79}
{'loss': 1.9797, 'grad_norm': 0.20024435222148895, 'learning_rate': 4.1825833603107806e-05, 'epoch': 0.79}
{'loss': 1.9632, 'grad_norm': 0.21599000692367554, 'learning_rate': 4.176108773065717e-05, 'epoch': 0.79}
{'loss': 1.8312, 'grad_norm': 0.2318158894777298, 'learning_rate': 4.169634185820654e-05, 'epoch': 0.79}
{'loss': 1.9629, 'grad_norm': 0.23700833320617676, 'learning_rate': 4.163159598575591e-05, 'epoch': 0.79}
{'loss': 2.0312, 'grad_norm': 0.23360416293144226, 'learning_rate': 4.156685011330528e-05, 'epoch': 0.79}
{'loss': 1.8651, 'grad_norm': 0.22939924895763397, 'learning_rate': 4.150210424085465e-05, 'epoch': 0.79}
{'loss': 2.1574, 'grad_norm': 0.2300626039505005, 'learning_rate': 4.143735836840402e-05, 'epoch': 0.79}
{'loss': 1.9396, 'grad_norm': 0.2185225933790207, 'learning_rate': 4.1372612495953387e-05, 'epoch': 0.79}
{'loss': 1.8219, 'grad_norm': 0.20991834998130798, 'learning_rate': 4.130786662350275e-05, 'epoch': 0.79}
{'loss': 2.202, 'grad_norm': 0.23302200436592102, 'learning_rate': 4.124312075105212e-05, 'epoch': 0.79}
{'loss': 1.7439, 'grad_norm': 0.23047690093517303, 'learning_rate': 4.1178374878601487e-05, 'epoch': 0.79}
{'loss': 1.9276, 'grad_norm': 0.22360144555568695, 'learning_rate': 4.111362900615086e-05, 'epoch': 0.8}
{'loss': 1.9785, 'grad_norm': 0.20793186128139496, 'learning_rate': 4.104888313370023e-05, 'epoch': 0.8}
{'loss': 1.7074, 'grad_norm': 0.2294159084558487, 'learning_rate': 4.09841372612496e-05, 'epoch': 0.8}
{'loss': 1.9215, 'grad_norm': 0.22182340919971466, 'learning_rate': 4.091939138879897e-05, 'epoch': 0.8}
{'loss': 1.9406, 'grad_norm': 0.22085927426815033, 'learning_rate': 4.0854645516348333e-05, 'epoch': 0.8}
{'loss': 1.9021, 'grad_norm': 0.2131434679031372, 'learning_rate': 4.078989964389771e-05, 'epoch': 0.8}
{'loss': 2.0167, 'grad_norm': 0.2444918006658554, 'learning_rate': 4.0725153771447074e-05, 'epoch': 0.8}
{'loss': 2.0718, 'grad_norm': 0.21921531856060028, 'learning_rate': 4.066040789899644e-05, 'epoch': 0.8}
{'loss': 1.7436, 'grad_norm': 0.21478861570358276, 'learning_rate': 4.0595662026545814e-05, 'epoch': 0.8}
{'loss': 1.9775, 'grad_norm': 0.243936687707901, 'learning_rate': 4.053091615409518e-05, 'epoch': 0.8}
{'loss': 2.0126, 'grad_norm': 0.20796509087085724, 'learning_rate': 4.046617028164455e-05, 'epoch': 0.8} 80%|███████▉  | 2470/3094 [2:01:52<31:33,  3.03s/it] 80%|███████▉  | 2471/3094 [2:01:55<31:14,  3.01s/it]                                                      80%|███████▉  | 2471/3094 [2:01:55<31:14,  3.01s/it] 80%|███████▉  | 2472/3094 [2:01:58<31:22,  3.03s/it]                                                      80%|███████▉  | 2472/3094 [2:01:58<31:22,  3.03s/it] 80%|███████▉  | 2473/3094 [2:02:01<31:01,  3.00s/it]                                                      80%|███████▉  | 2473/3094 [2:02:01<31:01,  3.00s/it] 80%|███████▉  | 2474/3094 [2:02:04<30:48,  2.98s/it]                                                      80%|███████▉  | 2474/3094 [2:02:04<30:48,  2.98s/it] 80%|███████▉  | 2475/3094 [2:02:07<31:38,  3.07s/it]                                                      80%|███████▉  | 2475/3094 [2:02:07<31:38,  3.07s/it] 80%|████████  | 2476/3094 [2:02:10<30:26,  2.96s/it]                                                      80%|████████  | 2476/3094 [2:02:10<30:26,  2.96s/it] 80%|████████  | 2477/3094 [2:02:13<30:21,  2.95s/it]                                                      80%|████████  | 2477/3094 [2:02:13<30:21,  2.95s/it] 80%|████████  | 2478/3094 [2:02:16<29:25,  2.87s/it]                                                      80%|████████  | 2478/3094 [2:02:16<29:25,  2.87s/it] 80%|████████  | 2479/3094 [2:02:18<29:04,  2.84s/it]                                                      80%|████████  | 2479/3094 [2:02:18<29:04,  2.84s/it] 80%|████████  | 2480/3094 [2:02:21<28:32,  2.79s/it]                                                      80%|████████  | 2480/3094 [2:02:21<28:32,  2.79s/it] 80%|████████  | 2481/3094 [2:02:24<28:21,  2.78s/it]                                                      80%|████████  | 2481/3094 [2:02:24<28:21,  2.78s/it] 80%|████████  | 2482/3094 [2:02:27<28:46,  2.82s/it]                                                      80%|████████  | 2482/3094 [2:02:27<28:46,  2.82s/it] 80%|████████  | 2483/3094 [2:02:30<29:59,  2.94s/it]                                                      80%|████████  | 2483/3094 [2:02:30<29:59,  2.94s/it] 80%|████████  | 2484/3094 [2:02:33<29:39,  2.92s/it]                                                      80%|████████  | 2484/3094 [2:02:33<29:39,  2.92s/it] 80%|████████  | 2485/3094 [2:02:36<30:22,  2.99s/it]                                                      80%|████████  | 2485/3094 [2:02:36<30:22,  2.99s/it] 80%|████████  | 2486/3094 [2:02:39<31:22,  3.10s/it]                                                      80%|████████  | 2486/3094 [2:02:39<31:22,  3.10s/it] 80%|████████  | 2487/3094 [2:02:42<30:26,  3.01s/it]                                                      80%|████████  | 2487/3094 [2:02:42<30:26,  3.01s/it] 80%|████████  | 2488/3094 [2:02:45<28:18,  2.80s/it]                                                      80%|████████  | 2488/3094 [2:02:45<28:18,  2.80s/it] 80%|████████  | 2489/3094 [2:02:48<29:19,  2.91s/it]                                                      80%|████████  | 2489/3094 [2:02:48<29:19,  2.91s/it] 80%|████████  | 2490/3094 [2:02:50<28:55,  2.87s/it]                                                      80%|████████  | 2490/3094 [2:02:50<28:55,  2.87s/it] 81%|████████  | 2491/3094 [2:02:54<30:01,  2.99s/it]                                                      81%|████████  | 2491/3094 [2:02:54<30:01,  2.99s/it] 81%|████████  | 2492/3094 [2:02:57<31:22,  3.13s/it]                                                      81%|████████  | 2492/3094 [2:02:57<31:22,  3.13s/it] 81%|████████  | 2493/3094 [2:03:00<30:06,  3.01s/it]                                                      81%|████████  | 2493/3094 [2:03:00<30:06,  3.01s/it] 81%|████████  | 2494/3094 [2:03:03<29:22,  2.94s/it]                                                      81%|████████  | 2494/3094 [2:03:03<29:22,  2.94s/it] 81%|████████  | 2495/3094 [2:03:06<30:14,  3.03s/it]                                                      81%|████████  | 2495/3094 [2:03:06<30:14,  3.03s/it] 81%|████████  | 2496/3094 [2:03:09<30:19,  3.04s/it]                                                      81%|████████  | 2496/3094 [2:03:09<30:19,  3.04s/it] 81%|████████  | 2497/3094 [2:03:11<28:27,  2.86s/it]                                                      81%|████████  | 2497/3094 [2:03:11<28:27,  2.86s/it] 81%|████████  | 2498/3094 [2:03:14<27:56,  2.81s/it]                                                      81%|████████  | 2498/3094 [2:03:14<27:56,  2.81s/it] 81%|████████  | 2499/3094 [2:03:17<27:34,  2.78s/it]                                                      81%|████████  | 2499/3094 [2:03:17<27:34,  2.78s/it] 81%|████████  | 2500/3094 [2:03:20<28:24,  2.87s/it]                                                      81%|████████  | 2500/3094 [2:03:20<28:24,  2.87s/it] 81%|████████  | 2501/3094 [2:03:23<28:49,  2.92s/it]                                                      81%|████████  | 2501/3094 [2:03:23<28:49,  2.92s/it] 81%|████████  | 2502/3094 [2:03:26<27:47,  2.82s/it]                                                      81%|████████  | 2502/3094 [2:03:26<27:47,  2.82s/it] 81%|████████  | 2503/3094 [2:03:28<27:54,  2.83s/it]                                                      81%|████████  | 2503/3094 [2:03:28<27:54,  2.83s/it] 81%|████████  | 2504/3094 [2:03:32<29:39,  3.02s/it]                                                      81%|████████  | 2504/3094 [2:03:32<29:39,  3.02s/it] 81%|████████  | 2505/3094 [2:03:35<30:59,  3.16s/it]                                                      81%|████████  | 2505/3094 [2:03:35<30:59,  3.16s/it] 81%|████████  | 2506/3094 [2:03:38<30:32,  3.12s/it]                                                      81%|████████  | 2506/3094 [2:03:38<30:32,  3.12s/it] 81%|████████  | 2507/3094 [2:03:41<29:15,  2.99s/it]                                                      81%|████████  | 2507/3094 [2:03:41<29:15,  2.99s/it] 81%|████████  | 2508/3094 [2:03:44<29:27,  3.02s/it]                                                      81%|████████  | 2508/3094 [2:03:44<29:27,  3.02s/it] 81%|████████  | 2509/3094 [2:03:47<29:28,  3.02s/it]                                                      81%|████████  | 2509/3094 [2:03:47<29:28,  3.02s/it] 81%|████████  | 2510/3094 [2:03:50<30:02,  3.09s/it]                                                      81%|████████  | 2510/3094 [2:03:50<30:02,  3.09s/it] 81%|████████  | 2511/3094 [2:03:54<30:41,  3.16s/it]                                                      81%|████████  | 2511/3094 [2:03:54<30:41,  3.16s/it] 81%|████████  | 2512/3094 [2:03:56<29:21,  3.03s/it]                                                      81%|████████  | 2512/3094 [2:03:56<29:21,  3.03s/it] 81%|████████  | 2513/3094 [2:03:59<27:42,  2.86s/it]                                                      81%|████████  | 2513/3094 [2:03:59<27:42,  2.86s/it] 81%|████████▏ | 2514/3094 [2:04:02<29:12,  3.02s/it]                                                      81%|████████▏ | 2514/3094 [2:04:02<29:12,  3.02s/it] 81%|████████▏ | 2515/3094 [2:04:05<29:01,  3.01s/it]                                                      81%|████████▏ | 2515/3094 [2:04:05<29:01,  3.01s/it] 81%|████████▏ | 2516/3094 [2:04:08<29:31,  3.06s/it]                                                      81%|████████▏ | 2516/3094 [2:04:08<29:31,  3.06s/it] 81%|████████▏ | 2517/3094 [2:04:11<28:07,  2.92s/it]                                                      81%|████████▏ | 2517/3094 [2:04:11<28:07,  2.92s/it] 81%|████████▏ | 2518/3094 [2:04:14<29:12,  3.04s/it]                                                      81%|████████▏ | 2518/3094 [2:04:14<29:12,  3.04s/it] 81%|████████▏ | 2519/3094 [2:04:18<29:30,  3.08s/it]                                                      81%|████████▏ | 2519/3094 [2:04:18<29:30,  3.08s/it] 81%|████████▏ | 2520/3094 [2:04:21<29:13,  3.05s/it]                                                      81%|████████▏ | 2520/3094 [2:04:21<29:13,  3.05s/it] 81%|████████▏ | 2521/3094 [2:04:23<28:08,  2.95s/it]                                                      81%|████████▏ | 2521/3094 [2:04:23<28:08,  2.95s/it] 82%|████████▏ | 2522/3094 [2:04:26<27:31,  2.89s/it]                                                      82%|████████▏ | 2522/3094 [2:04:26<27:31,  2.89s/it] 82%|████████▏ | 2523/3094 [2:04:29<27:59,  2.94s/it]                                                      82%|████████▏ | 2523/3094 [2:04:29<27:59,  2.94s/it] 82%|████████▏ | 2524/3094 [2:04:32<28:24,  2.99s/it]                                                      82%|████████▏ | 2524/3094 [2:04:32<28:24,  2.99s/it] 82%|████████▏ | 2525/3094 [2:04:35<27:59,  2.95s/it]                                                      82%|████████▏ | 2525/3094 [2:04:35<27:59,  2.95s/it] 82%|████████▏ | 2526/3094 [2:04:38<27:17,  2.88s/it]                                                      82%|████████▏ | 2526/3094 [2:04:38<27:17,  2.88s/it] 82%|████████▏ | 2527/3094 [2:04:41<27:54,  2.95s/it]                                                      82%|████████▏ | 2527/3094 [2:04:41<27:54,  2.95s/it] 82%|████████▏ | 2528/3094 [2:04:44<29:17,  3.10s/it]                                                      82%|████████▏ | 2528/3094 [2:04:44<29:17,  3.10s/it] 82%|████████▏ | 2529/3094 [2:04:47<29:01,  3.08s/it]                                                      82%|████████▏ | 2529/3094 [2:04:47<29:01,  3.08s/it] 82%|████████▏ | 2530/3094 [2:04:50<28:10,  3.00s/it]                                                      82%|████████▏ | 2530/3094 [2:04:50<28:10,  3.00s/it] 82%|████████▏ | 2531/3094 [2:04:54<29:27,  3.14s/it]                                                      82%|████████▏ | 2531/3094 [2:04:54<29:27,  3.14s/it] 82%|████████▏ | 2532/3094 [2:04:57<28:53,  3.08s/it]                                                      82%|████████▏ | 2532/3094 [2:04:57<28:53,  3.08s/it] 82%|████████▏ | 2533/3094 [2:05:00<28:19,  3.03s/it]                                                      82%|████████▏ | 2533/3094 [2:05:00<28:19,  3.03s/it] 82%|████████▏ | 2534/3094 [2:05:02<26:38,  2.85s/it]                                                      82%|████████▏ | 2534/3094 [2:05:02<26:38,  2.85s/it] 82%|████████▏ | 2535/3094 [2:05:05<26:55,  2.89s/it]                                                      82%|████████▏ | 2535/3094 [2:05:05<26:55,  2.89s/it] 82%|████████▏ | 2536/3094 [2:05:08<27:47,  2.99s/it]                                                      82%|████████▏ | 2536/3094 [2:05:08<27:47,  2.99s/it] 82%|████████▏ | 2537/3094 [2:05:11<28:35,  3.08s/it]                                                      82%|████████▏ | 2537/3094 [2:05:11<28:35,  3.08s/it] 82%|████████▏ | 2538/3094 [2:05:14<27:23,  2.96s/it]                                                      82%|████████▏ | 2538/3094 [2:05:14<27:23,  2.96s/it] 82%|████████▏ | 2539/3094 [2:05:17<28:11,  3.05s/it]                                                      82%|████████▏ | 2539/3094 [2:05:17<28:11,  3.05s/it] 82%|████████▏ | 2540/3094 [2:05:20<26:46,  2.90s/it]                                                      82%|████████▏ | 2540/3094 [2:05:20<26:46,  2.90s/it] 82%|████████▏ | 2541/3094 [2:05:23<27:19,  2.97s/it]                                                      82%|████████▏ | 2541/3094 [2:05:23<27:19,  2.97s/it] 82%|████████▏ | 2542/3094 [2:05:26<26:31,  2.88s/it]                                                      82%|████████▏ | 2542/3094 [2:05:26<26:31,  2.88s/it] 82%|████████▏ | 2543/3094 [2:05:29<27:19,  2.98s/it]                                                      82%|████████▏ | 2543/3094 [2:05:29<27:19,  2.98s/it] 82%|████████▏ | 2544/3094 [2:05:31<25:36,  2.79s/it]                                                      82%|████████▏ | 2544/3094 [2:05:31<25:36,  2.79s/it] 82%|████████▏ | 2545/3094 [2:05:34<25:53,  2.83s/it]                                                      82%|████████▏ | 2545/3094 [2:05:34<25:53,  2.83s/it] 82%|████████▏ | 2546/3094 [2:05:37<26:18,  2.88s/it]                                                      82%|████████▏ | 2546/3094 [2:05:37<26:18,  2.88s/it] 82%|████████▏ | 2547/3094 [2:05:40<26:25,  2.90s/it]                                                     
{'loss': 1.897, 'grad_norm': 0.21826405823230743, 'learning_rate': 4.0401424409193914e-05, 'epoch': 0.8}
{'loss': 1.9266, 'grad_norm': 0.24081096053123474, 'learning_rate': 4.033667853674328e-05, 'epoch': 0.8}
{'loss': 2.0154, 'grad_norm': 0.2373497188091278, 'learning_rate': 4.0271932664292654e-05, 'epoch': 0.8}
{'loss': 1.8364, 'grad_norm': 0.24670308828353882, 'learning_rate': 4.020718679184202e-05, 'epoch': 0.8}
{'loss': 1.9478, 'grad_norm': 0.19898056983947754, 'learning_rate': 4.014244091939139e-05, 'epoch': 0.8}
{'loss': 1.8871, 'grad_norm': 0.2332894504070282, 'learning_rate': 4.007769504694076e-05, 'epoch': 0.8}
{'loss': 1.9479, 'grad_norm': 0.2233690321445465, 'learning_rate': 4.001294917449013e-05, 'epoch': 0.8}
{'loss': 1.9768, 'grad_norm': 0.2218918800354004, 'learning_rate': 3.9948203302039494e-05, 'epoch': 0.8}
{'loss': 2.1751, 'grad_norm': 0.24397917091846466, 'learning_rate': 3.988345742958887e-05, 'epoch': 0.8}
{'loss': 1.8498, 'grad_norm': 0.21666283905506134, 'learning_rate': 3.9818711557138234e-05, 'epoch': 0.8}
{'loss': 2.0471, 'grad_norm': 0.23314234614372253, 'learning_rate': 3.975396568468761e-05, 'epoch': 0.8}
{'loss': 2.0237, 'grad_norm': 0.23010575771331787, 'learning_rate': 3.9689219812236974e-05, 'epoch': 0.8}
{'loss': 1.8849, 'grad_norm': 0.1984230875968933, 'learning_rate': 3.962447393978634e-05, 'epoch': 0.8}
{'loss': 1.9315, 'grad_norm': 0.22678381204605103, 'learning_rate': 3.955972806733571e-05, 'epoch': 0.8}
{'loss': 1.8228, 'grad_norm': 0.2269834727048874, 'learning_rate': 3.9494982194885074e-05, 'epoch': 0.8}
{'loss': 1.98, 'grad_norm': 0.2162603884935379, 'learning_rate': 3.943023632243444e-05, 'epoch': 0.8}
{'loss': 2.0417, 'grad_norm': 0.22359152138233185, 'learning_rate': 3.9365490449983814e-05, 'epoch': 0.8}
{'loss': 1.9994, 'grad_norm': 0.2496820092201233, 'learning_rate': 3.930074457753318e-05, 'epoch': 0.8}
{'loss': 1.9325, 'grad_norm': 0.203908771276474, 'learning_rate': 3.9235998705082554e-05, 'epoch': 0.8}
{'loss': 2.0789, 'grad_norm': 0.22688092291355133, 'learning_rate': 3.917125283263192e-05, 'epoch': 0.8}
{'loss': 2.091, 'grad_norm': 0.23546485602855682, 'learning_rate': 3.910650696018129e-05, 'epoch': 0.81}
{'loss': 1.9762, 'grad_norm': 0.21083369851112366, 'learning_rate': 3.904176108773066e-05, 'epoch': 0.81}
{'loss': 1.9905, 'grad_norm': 0.2679949402809143, 'learning_rate': 3.897701521528003e-05, 'epoch': 0.81}
{'loss': 1.9171, 'grad_norm': 0.23286060988903046, 'learning_rate': 3.8912269342829394e-05, 'epoch': 0.81}
{'loss': 1.9015, 'grad_norm': 0.20121613144874573, 'learning_rate': 3.884752347037877e-05, 'epoch': 0.81}
{'loss': 2.0474, 'grad_norm': 0.20784737169742584, 'learning_rate': 3.8782777597928135e-05, 'epoch': 0.81}
{'loss': 2.1023, 'grad_norm': 0.2398274540901184, 'learning_rate': 3.871803172547751e-05, 'epoch': 0.81}
{'loss': 1.74, 'grad_norm': 0.22874939441680908, 'learning_rate': 3.8653285853026875e-05, 'epoch': 0.81}
{'loss': 2.0466, 'grad_norm': 0.23847272992134094, 'learning_rate': 3.858853998057624e-05, 'epoch': 0.81}
{'loss': 2.1395, 'grad_norm': 0.21263033151626587, 'learning_rate': 3.852379410812561e-05, 'epoch': 0.81}
{'loss': 2.0988, 'grad_norm': 0.23588618636131287, 'learning_rate': 3.8459048235674975e-05, 'epoch': 0.81}
{'loss': 2.1008, 'grad_norm': 0.24457235634326935, 'learning_rate': 3.839430236322434e-05, 'epoch': 0.81}
{'loss': 1.846, 'grad_norm': 0.23830890655517578, 'learning_rate': 3.8329556490773715e-05, 'epoch': 0.81}
{'loss': 1.9314, 'grad_norm': 0.207647442817688, 'learning_rate': 3.826481061832308e-05, 'epoch': 0.81}
{'loss': 1.8135, 'grad_norm': 0.21396994590759277, 'learning_rate': 3.8200064745872455e-05, 'epoch': 0.81}
{'loss': 2.0248, 'grad_norm': 0.22596120834350586, 'learning_rate': 3.813531887342182e-05, 'epoch': 0.81}
{'loss': 1.8948, 'grad_norm': 0.24843527376651764, 'learning_rate': 3.807057300097119e-05, 'epoch': 0.81}
{'loss': 1.9687, 'grad_norm': 0.22428801655769348, 'learning_rate': 3.800582712852056e-05, 'epoch': 0.81}
{'loss': 1.8006, 'grad_norm': 0.22148558497428894, 'learning_rate': 3.794108125606993e-05, 'epoch': 0.81}
{'loss': 2.019, 'grad_norm': 0.2182208150625229, 'learning_rate': 3.7876335383619295e-05, 'epoch': 0.81}
{'loss': 2.1947, 'grad_norm': 0.204013854265213, 'learning_rate': 3.781158951116867e-05, 'epoch': 0.81}
{'loss': 1.9213, 'grad_norm': 0.21660743653774261, 'learning_rate': 3.7746843638718035e-05, 'epoch': 0.81}
{'loss': 2.066, 'grad_norm': 0.2650739848613739, 'learning_rate': 3.76820977662674e-05, 'epoch': 0.81}
{'loss': 1.8324, 'grad_norm': 0.2138456106185913, 'learning_rate': 3.761735189381677e-05, 'epoch': 0.81}
{'loss': 1.6393, 'grad_norm': 0.21621103584766388, 'learning_rate': 3.7552606021366135e-05, 'epoch': 0.81}
{'loss': 1.6754, 'grad_norm': 0.20441094040870667, 'learning_rate': 3.748786014891551e-05, 'epoch': 0.81}
{'loss': 2.0823, 'grad_norm': 0.23633036017417908, 'learning_rate': 3.7423114276464875e-05, 'epoch': 0.81}
{'loss': 1.9087, 'grad_norm': 0.20620906352996826, 'learning_rate': 3.735836840401424e-05, 'epoch': 0.81}
{'loss': 2.1331, 'grad_norm': 0.20054693520069122, 'learning_rate': 3.7293622531563615e-05, 'epoch': 0.81}
{'loss': 1.8601, 'grad_norm': 0.21684907376766205, 'learning_rate': 3.722887665911298e-05, 'epoch': 0.81}
{'loss': 2.0916, 'grad_norm': 0.22500188648700714, 'learning_rate': 3.7164130786662355e-05, 'epoch': 0.81}
{'loss': 1.9935, 'grad_norm': 0.24073734879493713, 'learning_rate': 3.709938491421172e-05, 'epoch': 0.82}
{'loss': 2.1911, 'grad_norm': 0.21714571118354797, 'learning_rate': 3.703463904176109e-05, 'epoch': 0.82}
{'loss': 1.9194, 'grad_norm': 0.20569352805614471, 'learning_rate': 3.696989316931046e-05, 'epoch': 0.82}
{'loss': 1.9239, 'grad_norm': 0.22470897436141968, 'learning_rate': 3.690514729685983e-05, 'epoch': 0.82}
{'loss': 2.0266, 'grad_norm': 0.22679759562015533, 'learning_rate': 3.6840401424409195e-05, 'epoch': 0.82}
{'loss': 2.1264, 'grad_norm': 0.22108426690101624, 'learning_rate': 3.677565555195856e-05, 'epoch': 0.82}
{'loss': 1.7548, 'grad_norm': 0.19654713571071625, 'learning_rate': 3.671090967950793e-05, 'epoch': 0.82}
{'loss': 1.8745, 'grad_norm': 0.19725488126277924, 'learning_rate': 3.66461638070573e-05, 'epoch': 0.82}
{'loss': 1.8539, 'grad_norm': 0.2115965336561203, 'learning_rate': 3.658141793460667e-05, 'epoch': 0.82}
{'loss': 1.9055, 'grad_norm': 0.21242979168891907, 'learning_rate': 3.6516672062156036e-05, 'epoch': 0.82}
{'loss': 1.8692, 'grad_norm': 0.22091056406497955, 'learning_rate': 3.645192618970541e-05, 'epoch': 0.82}
{'loss': 1.9102, 'grad_norm': 0.21285994350910187, 'learning_rate': 3.6387180317254776e-05, 'epoch': 0.82}
{'loss': 2.1605, 'grad_norm': 0.2526625096797943, 'learning_rate': 3.632243444480414e-05, 'epoch': 0.82}
{'loss': 1.9651, 'grad_norm': 0.2310745120048523, 'learning_rate': 3.6257688572353516e-05, 'epoch': 0.82}
{'loss': 1.8373, 'grad_norm': 0.2080131471157074, 'learning_rate': 3.619294269990288e-05, 'epoch': 0.82}
{'loss': 1.8953, 'grad_norm': 0.23142655193805695, 'learning_rate': 3.6128196827452256e-05, 'epoch': 0.82}
{'loss': 1.9666, 'grad_norm': 0.21343478560447693, 'learning_rate': 3.606345095500162e-05, 'epoch': 0.82}
{'loss': 1.9789, 'grad_norm': 0.21628405153751373, 'learning_rate': 3.599870508255099e-05, 'epoch': 0.82}
{'loss': 2.1086, 'grad_norm': 0.2488928735256195, 'learning_rate': 3.593395921010036e-05, 'epoch': 0.82}
{'loss': 1.9836, 'grad_norm': 0.20846480131149292, 'learning_rate': 3.586921333764973e-05, 'epoch': 0.82}
{'loss': 1.9813, 'grad_norm': 0.25076982378959656, 'learning_rate': 3.5804467465199096e-05, 'epoch': 0.82}
{'loss': 1.9446, 'grad_norm': 0.22701546549797058, 'learning_rate': 3.573972159274846e-05, 'epoch': 0.82}
{'loss': 1.9651, 'grad_norm': 0.23744778335094452, 'learning_rate': 3.567497572029783e-05, 'epoch': 0.82}
{'loss': 1.9473, 'grad_norm': 0.2126186043024063, 'learning_rate': 3.56102298478472e-05, 'epoch': 0.82}
{'loss': 1.9107, 'grad_norm': 0.21129122376441956, 'learning_rate': 3.554548397539657e-05, 'epoch': 0.82}
{'loss': 2.0131, 'grad_norm': 0.20647738873958588, 'learning_rate': 3.5480738102945936e-05, 'epoch': 0.82} 82%|████████▏ | 2547/3094 [2:05:40<26:25,  2.90s/it] 82%|████████▏ | 2548/3094 [2:05:43<26:46,  2.94s/it]                                                      82%|████████▏ | 2548/3094 [2:05:43<26:46,  2.94s/it] 82%|████████▏ | 2549/3094 [2:05:46<25:08,  2.77s/it]                                                      82%|████████▏ | 2549/3094 [2:05:46<25:08,  2.77s/it] 82%|████████▏ | 2550/3094 [2:05:49<25:48,  2.85s/it]                                                      82%|████████▏ | 2550/3094 [2:05:49<25:48,  2.85s/it] 82%|████████▏ | 2551/3094 [2:05:51<25:38,  2.83s/it]                                                      82%|████████▏ | 2551/3094 [2:05:51<25:38,  2.83s/it] 82%|████████▏ | 2552/3094 [2:05:54<25:45,  2.85s/it]                                                      82%|████████▏ | 2552/3094 [2:05:54<25:45,  2.85s/it] 83%|████████▎ | 2553/3094 [2:05:57<25:09,  2.79s/it]                                                      83%|████████▎ | 2553/3094 [2:05:57<25:09,  2.79s/it] 83%|████████▎ | 2554/3094 [2:06:00<24:37,  2.74s/it]                                                      83%|████████▎ | 2554/3094 [2:06:00<24:37,  2.74s/it] 83%|████████▎ | 2555/3094 [2:06:02<25:04,  2.79s/it]                                                      83%|████████▎ | 2555/3094 [2:06:02<25:04,  2.79s/it] 83%|████████▎ | 2556/3094 [2:06:06<26:18,  2.93s/it]                                                      83%|████████▎ | 2556/3094 [2:06:06<26:18,  2.93s/it] 83%|████████▎ | 2557/3094 [2:06:08<25:07,  2.81s/it]                                                      83%|████████▎ | 2557/3094 [2:06:08<25:07,  2.81s/it] 83%|████████▎ | 2558/3094 [2:06:11<25:38,  2.87s/it]                                                      83%|████████▎ | 2558/3094 [2:06:11<25:38,  2.87s/it] 83%|████████▎ | 2559/3094 [2:06:14<26:18,  2.95s/it]                                                      83%|████████▎ | 2559/3094 [2:06:14<26:18,  2.95s/it] 83%|████████▎ | 2560/3094 [2:06:17<24:25,  2.74s/it]                                                      83%|████████▎ | 2560/3094 [2:06:17<24:25,  2.74s/it] 83%|████████▎ | 2561/3094 [2:06:20<25:35,  2.88s/it]                                                      83%|████████▎ | 2561/3094 [2:06:20<25:35,  2.88s/it] 83%|████████▎ | 2562/3094 [2:06:23<26:34,  3.00s/it]                                                      83%|████████▎ | 2562/3094 [2:06:23<26:34,  3.00s/it] 83%|████████▎ | 2563/3094 [2:06:26<25:21,  2.87s/it]                                                      83%|████████▎ | 2563/3094 [2:06:26<25:21,  2.87s/it] 83%|████████▎ | 2564/3094 [2:06:28<25:08,  2.85s/it]                                                      83%|████████▎ | 2564/3094 [2:06:28<25:08,  2.85s/it] 83%|████████▎ | 2565/3094 [2:06:32<25:52,  2.93s/it]                                                      83%|████████▎ | 2565/3094 [2:06:32<25:52,  2.93s/it] 83%|████████▎ | 2566/3094 [2:06:35<26:23,  3.00s/it]                                                      83%|████████▎ | 2566/3094 [2:06:35<26:23,  3.00s/it] 83%|████████▎ | 2567/3094 [2:06:38<26:33,  3.02s/it]                                                      83%|████████▎ | 2567/3094 [2:06:38<26:33,  3.02s/it] 83%|████████▎ | 2568/3094 [2:06:41<25:49,  2.95s/it]                                                      83%|████████▎ | 2568/3094 [2:06:41<25:49,  2.95s/it] 83%|████████▎ | 2569/3094 [2:06:44<26:10,  2.99s/it]                                                      83%|████████▎ | 2569/3094 [2:06:44<26:10,  2.99s/it] 83%|████████▎ | 2570/3094 [2:06:46<24:43,  2.83s/it]                                                      83%|████████▎ | 2570/3094 [2:06:46<24:43,  2.83s/it] 83%|████████▎ | 2571/3094 [2:06:49<24:48,  2.85s/it]                                                      83%|████████▎ | 2571/3094 [2:06:49<24:48,  2.85s/it] 83%|████████▎ | 2572/3094 [2:06:52<23:59,  2.76s/it]                                                      83%|████████▎ | 2572/3094 [2:06:52<23:59,  2.76s/it] 83%|████████▎ | 2573/3094 [2:06:55<24:40,  2.84s/it]                                                      83%|████████▎ | 2573/3094 [2:06:55<24:40,  2.84s/it] 83%|████████▎ | 2574/3094 [2:06:57<23:58,  2.77s/it]                                                      83%|████████▎ | 2574/3094 [2:06:57<23:58,  2.77s/it] 83%|████████▎ | 2575/3094 [2:07:00<23:22,  2.70s/it]                                                      83%|████████▎ | 2575/3094 [2:07:00<23:22,  2.70s/it] 83%|████████▎ | 2576/3094 [2:07:03<23:28,  2.72s/it]                                                      83%|████████▎ | 2576/3094 [2:07:03<23:28,  2.72s/it] 83%|████████▎ | 2577/3094 [2:07:06<24:49,  2.88s/it]                                                      83%|████████▎ | 2577/3094 [2:07:06<24:49,  2.88s/it] 83%|████████▎ | 2578/3094 [2:07:09<25:40,  2.99s/it]                                                      83%|████████▎ | 2578/3094 [2:07:09<25:40,  2.99s/it] 83%|████████▎ | 2579/3094 [2:07:12<25:33,  2.98s/it]                                                      83%|████████▎ | 2579/3094 [2:07:12<25:33,  2.98s/it] 83%|████████▎ | 2580/3094 [2:07:15<24:41,  2.88s/it]                                                      83%|████████▎ | 2580/3094 [2:07:15<24:41,  2.88s/it] 83%|████████▎ | 2581/3094 [2:07:18<26:23,  3.09s/it]                                                      83%|████████▎ | 2581/3094 [2:07:18<26:23,  3.09s/it] 83%|████████▎ | 2582/3094 [2:07:21<25:56,  3.04s/it]                                                      83%|████████▎ | 2582/3094 [2:07:21<25:56,  3.04s/it] 83%|████████▎ | 2583/3094 [2:07:24<24:40,  2.90s/it]                                                      83%|████████▎ | 2583/3094 [2:07:24<24:40,  2.90s/it] 84%|████████▎ | 2584/3094 [2:07:26<23:25,  2.76s/it]                                                      84%|████████▎ | 2584/3094 [2:07:26<23:25,  2.76s/it] 84%|████████▎ | 2585/3094 [2:07:29<24:10,  2.85s/it]                                                      84%|████████▎ | 2585/3094 [2:07:29<24:10,  2.85s/it] 84%|████████▎ | 2586/3094 [2:07:33<25:18,  2.99s/it]                                                      84%|████████▎ | 2586/3094 [2:07:33<25:18,  2.99s/it] 84%|████████▎ | 2587/3094 [2:07:36<25:40,  3.04s/it]                                                      84%|████████▎ | 2587/3094 [2:07:36<25:40,  3.04s/it] 84%|████████▎ | 2588/3094 [2:07:39<25:10,  2.99s/it]                                                      84%|████████▎ | 2588/3094 [2:07:39<25:10,  2.99s/it] 84%|████████▎ | 2589/3094 [2:07:42<26:32,  3.15s/it]                                                      84%|████████▎ | 2589/3094 [2:07:42<26:32,  3.15s/it] 84%|████████▎ | 2590/3094 [2:07:45<26:50,  3.20s/it]                                                      84%|████████▎ | 2590/3094 [2:07:45<26:50,  3.20s/it] 84%|████████▎ | 2591/3094 [2:07:48<26:15,  3.13s/it]                                                      84%|████████▎ | 2591/3094 [2:07:48<26:15,  3.13s/it] 84%|████████▍ | 2592/3094 [2:07:51<24:17,  2.90s/it]                                                      84%|████████▍ | 2592/3094 [2:07:51<24:17,  2.90s/it] 84%|████████▍ | 2593/3094 [2:07:54<25:17,  3.03s/it]                                                      84%|████████▍ | 2593/3094 [2:07:54<25:17,  3.03s/it] 84%|████████▍ | 2594/3094 [2:07:57<26:16,  3.15s/it]                                                      84%|████████▍ | 2594/3094 [2:07:57<26:16,  3.15s/it] 84%|████████▍ | 2595/3094 [2:08:00<23:47,  2.86s/it]                                                      84%|████████▍ | 2595/3094 [2:08:00<23:47,  2.86s/it] 84%|████████▍ | 2596/3094 [2:08:02<23:06,  2.78s/it]                                                      84%|████████▍ | 2596/3094 [2:08:02<23:06,  2.78s/it] 84%|████████▍ | 2597/3094 [2:08:05<23:49,  2.88s/it]                                                      84%|████████▍ | 2597/3094 [2:08:05<23:49,  2.88s/it] 84%|████████▍ | 2598/3094 [2:08:09<24:51,  3.01s/it]                                                      84%|████████▍ | 2598/3094 [2:08:09<24:51,  3.01s/it] 84%|████████▍ | 2599/3094 [2:08:13<26:53,  3.26s/it]                                                      84%|████████▍ | 2599/3094 [2:08:13<26:53,  3.26s/it] 84%|████████▍ | 2600/3094 [2:08:15<25:40,  3.12s/it]                                                      84%|████████▍ | 2600/3094 [2:08:15<25:40,  3.12s/it] 84%|████████▍ | 2601/3094 [2:08:18<25:24,  3.09s/it]                                                      84%|████████▍ | 2601/3094 [2:08:18<25:24,  3.09s/it] 84%|████████▍ | 2602/3094 [2:08:21<24:28,  2.99s/it]                                                      84%|████████▍ | 2602/3094 [2:08:21<24:28,  2.99s/it] 84%|████████▍ | 2603/3094 [2:08:24<23:55,  2.92s/it]                                                      84%|████████▍ | 2603/3094 [2:08:24<23:55,  2.92s/it] 84%|████████▍ | 2604/3094 [2:08:27<23:16,  2.85s/it]                                                      84%|████████▍ | 2604/3094 [2:08:27<23:16,  2.85s/it] 84%|████████▍ | 2605/3094 [2:08:29<23:06,  2.84s/it]                                                      84%|████████▍ | 2605/3094 [2:08:29<23:06,  2.84s/it] 84%|████████▍ | 2606/3094 [2:08:32<23:46,  2.92s/it]                                                      84%|████████▍ | 2606/3094 [2:08:32<23:46,  2.92s/it] 84%|████████▍ | 2607/3094 [2:08:35<23:56,  2.95s/it]                                                      84%|████████▍ | 2607/3094 [2:08:35<23:56,  2.95s/it] 84%|████████▍ | 2608/3094 [2:08:39<24:32,  3.03s/it]                                                      84%|████████▍ | 2608/3094 [2:08:39<24:32,  3.03s/it] 84%|████████▍ | 2609/3094 [2:08:41<23:50,  2.95s/it]                                                      84%|████████▍ | 2609/3094 [2:08:41<23:50,  2.95s/it] 84%|████████▍ | 2610/3094 [2:08:44<23:07,  2.87s/it]                                                      84%|████████▍ | 2610/3094 [2:08:44<23:07,  2.87s/it] 84%|████████▍ | 2611/3094 [2:08:47<22:42,  2.82s/it]                                                      84%|████████▍ | 2611/3094 [2:08:47<22:42,  2.82s/it] 84%|████████▍ | 2612/3094 [2:08:50<23:42,  2.95s/it]                                                      84%|████████▍ | 2612/3094 [2:08:50<23:42,  2.95s/it] 84%|████████▍ | 2613/3094 [2:08:53<24:12,  3.02s/it]                                                      84%|████████▍ | 2613/3094 [2:08:53<24:12,  3.02s/it] 84%|████████▍ | 2614/3094 [2:08:56<23:43,  2.96s/it]                                                      84%|████████▍ | 2614/3094 [2:08:56<23:43,  2.96s/it] 85%|████████▍ | 2615/3094 [2:08:59<22:53,  2.87s/it]                                                      85%|████████▍ | 2615/3094 [2:08:59<22:53,  2.87s/it] 85%|████████▍ | 2616/3094 [2:09:02<22:55,  2.88s/it]                                                      85%|████████▍ | 2616/3094 [2:09:02<22:55,  2.88s/it] 85%|████████▍ | 2617/3094 [2:09:04<22:38,  2.85s/it]                                                      85%|████████▍ | 2617/3094 [2:09:04<22:38,  2.85s/it] 85%|████████▍ | 2618/3094 [2:09:07<22:59,  2.90s/it]                                                      85%|████████▍ | 2618/3094 [2:09:07<22:59,  2.90s/it] 85%|████████▍ | 2619/3094 [2:09:11<23:30,  2.97s/it]                                                      85%|████████▍ | 2619/3094 [2:09:11<23:30,  2.97s/it] 85%|████████▍ | 2620/3094 [2:09:13<22:38,  2.87s/it]                                                      85%|████████▍ | 2620/3094 [2:09:13<22:38,  2.87s/it] 85%|████████▍ | 2621/3094 [2:09:16<23:19,  2.96s/it]                                                      85%|████████▍ | 2621/3094 [2:09:16<23:19,  2.96s/it] 85%|████████▍ | 2622/3094 [2:09:19<23:15,  2.96s/it]                                                      85%|████████▍ | 2622/3094 [2:09:19<23:15,  2.96s/it] 85%|████████▍ | 2623/3094 [2:09:22<22:13,  2.83s/it]                                                      85%|████████▍ | 2623/3094 [2:09:22<22:13,  2.83s/it] 85%|████████▍ | 2624/3094 [2:09:24<21:33,  2.75s/it]                                                     
{'loss': 1.9467, 'grad_norm': 0.21901623904705048, 'learning_rate': 3.541599223049531e-05, 'epoch': 0.82}
{'loss': 1.8942, 'grad_norm': 0.2508867383003235, 'learning_rate': 3.5351246358044676e-05, 'epoch': 0.82}
{'loss': 1.7752, 'grad_norm': 0.2019629031419754, 'learning_rate': 3.528650048559404e-05, 'epoch': 0.82}
{'loss': 1.866, 'grad_norm': 0.24264252185821533, 'learning_rate': 3.5221754613143416e-05, 'epoch': 0.82}
{'loss': 1.8964, 'grad_norm': 0.21653594076633453, 'learning_rate': 3.515700874069278e-05, 'epoch': 0.82}
{'loss': 1.9824, 'grad_norm': 0.24093084037303925, 'learning_rate': 3.5092262868242156e-05, 'epoch': 0.83}
{'loss': 2.0773, 'grad_norm': 0.23318077623844147, 'learning_rate': 3.502751699579152e-05, 'epoch': 0.83}
{'loss': 1.8694, 'grad_norm': 0.21617889404296875, 'learning_rate': 3.496277112334089e-05, 'epoch': 0.83}
{'loss': 1.937, 'grad_norm': 0.1990301012992859, 'learning_rate': 3.4898025250890256e-05, 'epoch': 0.83}
{'loss': 1.8097, 'grad_norm': 0.22348329424858093, 'learning_rate': 3.483327937843962e-05, 'epoch': 0.83}
{'loss': 2.0378, 'grad_norm': 0.21842341125011444, 'learning_rate': 3.476853350598899e-05, 'epoch': 0.83}
{'loss': 2.1159, 'grad_norm': 0.21514983475208282, 'learning_rate': 3.470378763353836e-05, 'epoch': 0.83}
{'loss': 2.0902, 'grad_norm': 0.29817163944244385, 'learning_rate': 3.463904176108773e-05, 'epoch': 0.83}
{'loss': 1.6606, 'grad_norm': 0.2101588398218155, 'learning_rate': 3.45742958886371e-05, 'epoch': 0.83}
{'loss': 1.9051, 'grad_norm': 0.2038186937570572, 'learning_rate': 3.450955001618647e-05, 'epoch': 0.83}
{'loss': 1.8544, 'grad_norm': 0.23810157179832458, 'learning_rate': 3.4444804143735837e-05, 'epoch': 0.83}
{'loss': 2.1241, 'grad_norm': 0.2300841361284256, 'learning_rate': 3.438005827128521e-05, 'epoch': 0.83}
{'loss': 1.9841, 'grad_norm': 0.23013237118721008, 'learning_rate': 3.431531239883458e-05, 'epoch': 0.83}
{'loss': 1.6586, 'grad_norm': 0.21957799792289734, 'learning_rate': 3.425056652638394e-05, 'epoch': 0.83}
{'loss': 1.9028, 'grad_norm': 0.222097247838974, 'learning_rate': 3.418582065393332e-05, 'epoch': 0.83}
{'loss': 2.1556, 'grad_norm': 0.24199329316616058, 'learning_rate': 3.4121074781482683e-05, 'epoch': 0.83}
{'loss': 1.8642, 'grad_norm': 0.21240666508674622, 'learning_rate': 3.405632890903205e-05, 'epoch': 0.83}
{'loss': 2.1797, 'grad_norm': 0.2564954459667206, 'learning_rate': 3.3991583036581424e-05, 'epoch': 0.83}
{'loss': 1.8717, 'grad_norm': 0.22184185683727264, 'learning_rate': 3.392683716413079e-05, 'epoch': 0.83}
{'loss': 1.9132, 'grad_norm': 0.2392144799232483, 'learning_rate': 3.386209129168016e-05, 'epoch': 0.83}
{'loss': 1.9908, 'grad_norm': 0.21939626336097717, 'learning_rate': 3.3797345419229524e-05, 'epoch': 0.83}
{'loss': 2.1315, 'grad_norm': 0.26938244700431824, 'learning_rate': 3.373259954677889e-05, 'epoch': 0.83}
{'loss': 2.0077, 'grad_norm': 0.23277398943901062, 'learning_rate': 3.3667853674328264e-05, 'epoch': 0.83}
{'loss': 1.9409, 'grad_norm': 0.23010890185832977, 'learning_rate': 3.360310780187763e-05, 'epoch': 0.83}
{'loss': 1.6867, 'grad_norm': 0.20906928181648254, 'learning_rate': 3.3538361929427e-05, 'epoch': 0.83}
{'loss': 2.1325, 'grad_norm': 0.24481724202632904, 'learning_rate': 3.347361605697637e-05, 'epoch': 0.83}
{'loss': 1.8788, 'grad_norm': 0.20960672199726105, 'learning_rate': 3.340887018452574e-05, 'epoch': 0.83}
{'loss': 2.1757, 'grad_norm': 0.23283620178699493, 'learning_rate': 3.334412431207511e-05, 'epoch': 0.83}
{'loss': 1.9453, 'grad_norm': 0.2277344912290573, 'learning_rate': 3.327937843962448e-05, 'epoch': 0.83}
{'loss': 2.1139, 'grad_norm': 0.2420714646577835, 'learning_rate': 3.3214632567173844e-05, 'epoch': 0.83}
{'loss': 2.0282, 'grad_norm': 0.23237748444080353, 'learning_rate': 3.314988669472322e-05, 'epoch': 0.83}
{'loss': 2.1503, 'grad_norm': 0.27809572219848633, 'learning_rate': 3.3085140822272584e-05, 'epoch': 0.84}
{'loss': 1.9441, 'grad_norm': 0.244962677359581, 'learning_rate': 3.302039494982195e-05, 'epoch': 0.84}
{'loss': 1.7407, 'grad_norm': 0.21156781911849976, 'learning_rate': 3.295564907737132e-05, 'epoch': 0.84}
{'loss': 2.2261, 'grad_norm': 0.2241351455450058, 'learning_rate': 3.2890903204920684e-05, 'epoch': 0.84}
{'loss': 1.9355, 'grad_norm': 0.23047299683094025, 'learning_rate': 3.282615733247006e-05, 'epoch': 0.84}
{'loss': 2.0228, 'grad_norm': 0.21016249060630798, 'learning_rate': 3.2761411460019424e-05, 'epoch': 0.84}
{'loss': 1.7996, 'grad_norm': 0.20130383968353271, 'learning_rate': 3.269666558756879e-05, 'epoch': 0.84}
{'loss': 1.97, 'grad_norm': 0.21005257964134216, 'learning_rate': 3.2631919715118164e-05, 'epoch': 0.84}
{'loss': 2.005, 'grad_norm': 0.2548482418060303, 'learning_rate': 3.256717384266753e-05, 'epoch': 0.84}
{'loss': 1.7836, 'grad_norm': 0.20460988581180573, 'learning_rate': 3.25024279702169e-05, 'epoch': 0.84}
{'loss': 1.8496, 'grad_norm': 0.22384852170944214, 'learning_rate': 3.243768209776627e-05, 'epoch': 0.84}
{'loss': 2.2534, 'grad_norm': 0.26302212476730347, 'learning_rate': 3.237293622531564e-05, 'epoch': 0.84}
{'loss': 1.9203, 'grad_norm': 0.22339089214801788, 'learning_rate': 3.230819035286501e-05, 'epoch': 0.84}
{'loss': 1.971, 'grad_norm': 0.19937394559383392, 'learning_rate': 3.224344448041438e-05, 'epoch': 0.84}
{'loss': 1.7681, 'grad_norm': 0.2042211890220642, 'learning_rate': 3.2178698607963744e-05, 'epoch': 0.84}
{'loss': 1.9278, 'grad_norm': 0.2107386589050293, 'learning_rate': 3.211395273551311e-05, 'epoch': 0.84}
{'loss': 1.869, 'grad_norm': 0.23161834478378296, 'learning_rate': 3.204920686306248e-05, 'epoch': 0.84}
{'loss': 1.8836, 'grad_norm': 0.2023412585258484, 'learning_rate': 3.1984460990611844e-05, 'epoch': 0.84}
{'loss': 2.0034, 'grad_norm': 0.22921980917453766, 'learning_rate': 3.191971511816122e-05, 'epoch': 0.84}
{'loss': 2.0038, 'grad_norm': 0.228425532579422, 'learning_rate': 3.1854969245710584e-05, 'epoch': 0.84}
{'loss': 2.1771, 'grad_norm': 0.22490014135837555, 'learning_rate': 3.179022337325996e-05, 'epoch': 0.84}
{'loss': 1.9033, 'grad_norm': 0.2288937121629715, 'learning_rate': 3.1725477500809325e-05, 'epoch': 0.84}
{'loss': 1.6845, 'grad_norm': 0.22965030372142792, 'learning_rate': 3.166073162835869e-05, 'epoch': 0.84}
{'loss': 1.8902, 'grad_norm': 0.32454735040664673, 'learning_rate': 3.1595985755908065e-05, 'epoch': 0.84}
{'loss': 1.8591, 'grad_norm': 0.19428546726703644, 'learning_rate': 3.153123988345743e-05, 'epoch': 0.84}
{'loss': 1.9817, 'grad_norm': 0.2281903177499771, 'learning_rate': 3.14664940110068e-05, 'epoch': 0.84}
{'loss': 2.093, 'grad_norm': 0.21933016180992126, 'learning_rate': 3.140174813855617e-05, 'epoch': 0.84}
{'loss': 2.2627, 'grad_norm': 0.2497013360261917, 'learning_rate': 3.133700226610554e-05, 'epoch': 0.84}
{'loss': 1.9868, 'grad_norm': 0.22631169855594635, 'learning_rate': 3.127225639365491e-05, 'epoch': 0.84}
{'loss': 1.904, 'grad_norm': 0.22108568251132965, 'learning_rate': 3.120751052120428e-05, 'epoch': 0.84}
{'loss': 1.6525, 'grad_norm': 0.23020188510417938, 'learning_rate': 3.1142764648753645e-05, 'epoch': 0.84}
{'loss': 1.886, 'grad_norm': 0.22570554912090302, 'learning_rate': 3.107801877630301e-05, 'epoch': 0.85}
{'loss': 2.0348, 'grad_norm': 0.2296474725008011, 'learning_rate': 3.101327290385238e-05, 'epoch': 0.85}
{'loss': 1.919, 'grad_norm': 0.24843093752861023, 'learning_rate': 3.0948527031401745e-05, 'epoch': 0.85}
{'loss': 1.8531, 'grad_norm': 0.2220979779958725, 'learning_rate': 3.088378115895112e-05, 'epoch': 0.85}
{'loss': 1.7763, 'grad_norm': 0.23683340847492218, 'learning_rate': 3.0819035286500485e-05, 'epoch': 0.85}
{'loss': 2.1047, 'grad_norm': 0.23522233963012695, 'learning_rate': 3.075428941404986e-05, 'epoch': 0.85}
{'loss': 2.0322, 'grad_norm': 0.22852952778339386, 'learning_rate': 3.0689543541599225e-05, 'epoch': 0.85}
{'loss': 1.8218, 'grad_norm': 0.21145348250865936, 'learning_rate': 3.062479766914859e-05, 'epoch': 0.85}
{'loss': 2.2317, 'grad_norm': 0.23491130769252777, 'learning_rate': 3.0560051796697965e-05, 'epoch': 0.85}
{'loss': 2.1516, 'grad_norm': 0.27739712595939636, 'learning_rate': 3.0495305924247332e-05, 'epoch': 0.85} 85%|████████▍ | 2624/3094 [2:09:24<21:33,  2.75s/it] 85%|████████▍ | 2625/3094 [2:09:27<21:13,  2.72s/it]                                                      85%|████████▍ | 2625/3094 [2:09:27<21:13,  2.72s/it] 85%|████████▍ | 2626/3094 [2:09:31<24:24,  3.13s/it]                                                      85%|████████▍ | 2626/3094 [2:09:31<24:24,  3.13s/it] 85%|████████▍ | 2627/3094 [2:09:34<23:13,  2.98s/it]                                                      85%|████████▍ | 2627/3094 [2:09:34<23:13,  2.98s/it] 85%|████████▍ | 2628/3094 [2:09:37<22:50,  2.94s/it]                                                      85%|████████▍ | 2628/3094 [2:09:37<22:50,  2.94s/it] 85%|████████▍ | 2629/3094 [2:09:39<21:50,  2.82s/it]                                                      85%|████████▍ | 2629/3094 [2:09:39<21:50,  2.82s/it] 85%|████████▌ | 2630/3094 [2:09:42<21:35,  2.79s/it]                                                      85%|████████▌ | 2630/3094 [2:09:42<21:35,  2.79s/it] 85%|████████▌ | 2631/3094 [2:09:45<21:21,  2.77s/it]                                                      85%|████████▌ | 2631/3094 [2:09:45<21:21,  2.77s/it] 85%|████████▌ | 2632/3094 [2:09:48<21:39,  2.81s/it]                                                      85%|████████▌ | 2632/3094 [2:09:48<21:39,  2.81s/it] 85%|████████▌ | 2633/3094 [2:09:50<20:17,  2.64s/it]                                                      85%|████████▌ | 2633/3094 [2:09:50<20:17,  2.64s/it] 85%|████████▌ | 2634/3094 [2:09:53<21:56,  2.86s/it]                                                      85%|████████▌ | 2634/3094 [2:09:53<21:56,  2.86s/it] 85%|████████▌ | 2635/3094 [2:09:56<21:28,  2.81s/it]                                                      85%|████████▌ | 2635/3094 [2:09:56<21:28,  2.81s/it] 85%|████████▌ | 2636/3094 [2:09:59<22:14,  2.91s/it]                                                      85%|████████▌ | 2636/3094 [2:09:59<22:14,  2.91s/it] 85%|████████▌ | 2637/3094 [2:10:03<24:00,  3.15s/it]                                                      85%|████████▌ | 2637/3094 [2:10:03<24:00,  3.15s/it] 85%|████████▌ | 2638/3094 [2:10:05<22:53,  3.01s/it]                                                      85%|████████▌ | 2638/3094 [2:10:05<22:53,  3.01s/it] 85%|████████▌ | 2639/3094 [2:10:08<22:54,  3.02s/it]                                                      85%|████████▌ | 2639/3094 [2:10:08<22:54,  3.02s/it] 85%|████████▌ | 2640/3094 [2:10:11<22:47,  3.01s/it]                                                      85%|████████▌ | 2640/3094 [2:10:11<22:47,  3.01s/it] 85%|████████▌ | 2641/3094 [2:10:15<23:10,  3.07s/it]                                                      85%|████████▌ | 2641/3094 [2:10:15<23:10,  3.07s/it] 85%|████████▌ | 2642/3094 [2:10:18<23:18,  3.09s/it]                                                      85%|████████▌ | 2642/3094 [2:10:18<23:18,  3.09s/it] 85%|████████▌ | 2643/3094 [2:10:20<21:55,  2.92s/it]                                                      85%|████████▌ | 2643/3094 [2:10:20<21:55,  2.92s/it] 85%|████████▌ | 2644/3094 [2:10:24<22:47,  3.04s/it]                                                      85%|████████▌ | 2644/3094 [2:10:24<22:47,  3.04s/it] 85%|████████▌ | 2645/3094 [2:10:27<23:26,  3.13s/it]                                                      85%|████████▌ | 2645/3094 [2:10:27<23:26,  3.13s/it] 86%|████████▌ | 2646/3094 [2:10:30<23:18,  3.12s/it]                                                      86%|████████▌ | 2646/3094 [2:10:30<23:18,  3.12s/it] 86%|████████▌ | 2647/3094 [2:10:33<23:45,  3.19s/it]                                                      86%|████████▌ | 2647/3094 [2:10:33<23:45,  3.19s/it] 86%|████████▌ | 2648/3094 [2:10:36<23:01,  3.10s/it]                                                      86%|████████▌ | 2648/3094 [2:10:36<23:01,  3.10s/it] 86%|████████▌ | 2649/3094 [2:10:39<22:01,  2.97s/it]                                                      86%|████████▌ | 2649/3094 [2:10:39<22:01,  2.97s/it] 86%|████████▌ | 2650/3094 [2:10:42<21:23,  2.89s/it]                                                      86%|████████▌ | 2650/3094 [2:10:42<21:23,  2.89s/it] 86%|████████▌ | 2651/3094 [2:10:45<21:26,  2.90s/it]                                                      86%|████████▌ | 2651/3094 [2:10:45<21:26,  2.90s/it] 86%|████████▌ | 2652/3094 [2:10:48<21:32,  2.92s/it]                                                      86%|████████▌ | 2652/3094 [2:10:48<21:32,  2.92s/it] 86%|████████▌ | 2653/3094 [2:10:51<21:43,  2.96s/it]                                                      86%|████████▌ | 2653/3094 [2:10:51<21:43,  2.96s/it] 86%|████████▌ | 2654/3094 [2:10:54<22:52,  3.12s/it]                                                      86%|████████▌ | 2654/3094 [2:10:54<22:52,  3.12s/it] 86%|████████▌ | 2655/3094 [2:10:57<21:38,  2.96s/it]                                                      86%|████████▌ | 2655/3094 [2:10:57<21:38,  2.96s/it] 86%|████████▌ | 2656/3094 [2:10:59<21:00,  2.88s/it]                                                      86%|████████▌ | 2656/3094 [2:10:59<21:00,  2.88s/it] 86%|████████▌ | 2657/3094 [2:11:02<20:20,  2.79s/it]                                                      86%|████████▌ | 2657/3094 [2:11:02<20:20,  2.79s/it] 86%|████████▌ | 2658/3094 [2:11:05<21:02,  2.89s/it]                                                      86%|████████▌ | 2658/3094 [2:11:05<21:02,  2.89s/it] 86%|████████▌ | 2659/3094 [2:11:09<22:08,  3.05s/it]                                                      86%|████████▌ | 2659/3094 [2:11:09<22:08,  3.05s/it] 86%|████████▌ | 2660/3094 [2:11:12<23:17,  3.22s/it]                                                      86%|████████▌ | 2660/3094 [2:11:12<23:17,  3.22s/it] 86%|████████▌ | 2661/3094 [2:11:15<23:16,  3.23s/it]                                                      86%|████████▌ | 2661/3094 [2:11:15<23:16,  3.23s/it] 86%|████████▌ | 2662/3094 [2:11:18<22:56,  3.19s/it]                                                      86%|████████▌ | 2662/3094 [2:11:18<22:56,  3.19s/it] 86%|████████▌ | 2663/3094 [2:11:22<22:58,  3.20s/it]                                                      86%|████████▌ | 2663/3094 [2:11:22<22:58,  3.20s/it] 86%|████████▌ | 2664/3094 [2:11:25<22:14,  3.10s/it]                                                      86%|████████▌ | 2664/3094 [2:11:25<22:14,  3.10s/it] 86%|████████▌ | 2665/3094 [2:11:28<22:10,  3.10s/it]                                                      86%|████████▌ | 2665/3094 [2:11:28<22:10,  3.10s/it] 86%|████████▌ | 2666/3094 [2:11:31<21:42,  3.04s/it]                                                      86%|████████▌ | 2666/3094 [2:11:31<21:42,  3.04s/it] 86%|████████▌ | 2667/3094 [2:11:33<20:46,  2.92s/it]                                                      86%|████████▌ | 2667/3094 [2:11:33<20:46,  2.92s/it] 86%|████████▌ | 2668/3094 [2:11:36<20:20,  2.87s/it]                                                      86%|████████▌ | 2668/3094 [2:11:36<20:20,  2.87s/it] 86%|████████▋ | 2669/3094 [2:11:39<21:41,  3.06s/it]                                                      86%|████████▋ | 2669/3094 [2:11:39<21:41,  3.06s/it] 86%|████████▋ | 2670/3094 [2:11:43<23:18,  3.30s/it]                                                      86%|████████▋ | 2670/3094 [2:11:43<23:18,  3.30s/it] 86%|████████▋ | 2671/3094 [2:11:47<24:07,  3.42s/it]                                                      86%|████████▋ | 2671/3094 [2:11:47<24:07,  3.42s/it] 86%|████████▋ | 2672/3094 [2:11:50<22:56,  3.26s/it]                                                      86%|████████▋ | 2672/3094 [2:11:50<22:56,  3.26s/it] 86%|████████▋ | 2673/3094 [2:11:53<22:14,  3.17s/it]                                                      86%|████████▋ | 2673/3094 [2:11:53<22:14,  3.17s/it] 86%|████████▋ | 2674/3094 [2:11:56<21:24,  3.06s/it]                                                      86%|████████▋ | 2674/3094 [2:11:56<21:24,  3.06s/it] 86%|████████▋ | 2675/3094 [2:11:58<20:21,  2.92s/it]                                                      86%|████████▋ | 2675/3094 [2:11:58<20:21,  2.92s/it] 86%|████████▋ | 2676/3094 [2:12:02<21:13,  3.05s/it]                                                      86%|████████▋ | 2676/3094 [2:12:02<21:13,  3.05s/it] 87%|████████▋ | 2677/3094 [2:12:04<20:25,  2.94s/it]                                                      87%|████████▋ | 2677/3094 [2:12:04<20:25,  2.94s/it] 87%|████████▋ | 2678/3094 [2:12:07<20:28,  2.95s/it]                                                      87%|████████▋ | 2678/3094 [2:12:07<20:28,  2.95s/it] 87%|████████▋ | 2679/3094 [2:12:10<19:45,  2.86s/it]                                                      87%|████████▋ | 2679/3094 [2:12:10<19:45,  2.86s/it] 87%|████████▋ | 2680/3094 [2:12:13<20:05,  2.91s/it]                                                      87%|████████▋ | 2680/3094 [2:12:13<20:05,  2.91s/it] 87%|████████▋ | 2681/3094 [2:12:16<19:46,  2.87s/it]                                                      87%|████████▋ | 2681/3094 [2:12:16<19:46,  2.87s/it] 87%|████████▋ | 2682/3094 [2:12:19<20:02,  2.92s/it]                                                      87%|████████▋ | 2682/3094 [2:12:19<20:02,  2.92s/it] 87%|████████▋ | 2683/3094 [2:12:22<19:51,  2.90s/it]                                                      87%|████████▋ | 2683/3094 [2:12:22<19:51,  2.90s/it] 87%|████████▋ | 2684/3094 [2:12:24<19:05,  2.79s/it]                                                      87%|████████▋ | 2684/3094 [2:12:24<19:05,  2.79s/it] 87%|████████▋ | 2685/3094 [2:12:27<19:06,  2.80s/it]                                                      87%|████████▋ | 2685/3094 [2:12:27<19:06,  2.80s/it] 87%|████████▋ | 2686/3094 [2:12:31<21:31,  3.17s/it]                                                      87%|████████▋ | 2686/3094 [2:12:31<21:31,  3.17s/it] 87%|████████▋ | 2687/3094 [2:12:34<20:44,  3.06s/it]                                                      87%|████████▋ | 2687/3094 [2:12:34<20:44,  3.06s/it] 87%|████████▋ | 2688/3094 [2:12:36<19:37,  2.90s/it]                                                      87%|████████▋ | 2688/3094 [2:12:36<19:37,  2.90s/it] 87%|████████▋ | 2689/3094 [2:12:40<20:12,  2.99s/it]                                                      87%|████████▋ | 2689/3094 [2:12:40<20:12,  2.99s/it] 87%|████████▋ | 2690/3094 [2:12:43<20:16,  3.01s/it]                                                      87%|████████▋ | 2690/3094 [2:12:43<20:16,  3.01s/it] 87%|████████▋ | 2691/3094 [2:12:45<19:47,  2.95s/it]                                                      87%|████████▋ | 2691/3094 [2:12:45<19:47,  2.95s/it] 87%|████████▋ | 2692/3094 [2:12:48<19:26,  2.90s/it]                                                      87%|████████▋ | 2692/3094 [2:12:48<19:26,  2.90s/it] 87%|████████▋ | 2693/3094 [2:12:51<19:58,  2.99s/it]                                                      87%|████████▋ | 2693/3094 [2:12:51<19:58,  2.99s/it] 87%|████████▋ | 2694/3094 [2:12:54<19:51,  2.98s/it]                                                      87%|████████▋ | 2694/3094 [2:12:54<19:51,  2.98s/it] 87%|████████▋ | 2695/3094 [2:12:58<20:23,  3.07s/it]                                                      87%|████████▋ | 2695/3094 [2:12:58<20:23,  3.07s/it] 87%|████████▋ | 2696/3094 [2:13:01<20:00,  3.02s/it]                                                      87%|████████▋ | 2696/3094 [2:13:01<20:00,  3.02s/it] 87%|████████▋ | 2697/3094 [2:13:04<20:31,  3.10s/it]                                                      87%|████████▋ | 2697/3094 [2:13:04<20:31,  3.10s/it] 87%|████████▋ | 2698/3094 [2:13:08<22:33,  3.42s/it]                                                      87%|████████▋ | 2698/3094 [2:13:08<22:33,  3.42s/it] 87%|████████▋ | 2699/3094 [2:13:11<21:21,  3.25s/it]                                                      87%|████████▋ | 2699/3094 [2:13:11<21:21,  3.25s/it] 87%|████████▋ | 2700/3094 [2:13:14<21:23,  3.26s/it]                                                      87%|████████▋ | 2700/3094 [2:13:14<21:23,  3.26s/it] 87%|████████▋ | 2701/3094 [2:13:18<22:25,  3.42s/it]                                                     
{'loss': 2.1255, 'grad_norm': 0.24254564940929413, 'learning_rate': 3.04305600517967e-05, 'epoch': 0.85}
{'loss': 1.5633, 'grad_norm': 0.19817769527435303, 'learning_rate': 3.036581417934607e-05, 'epoch': 0.85}
{'loss': 2.1351, 'grad_norm': 0.23523886501789093, 'learning_rate': 3.0301068306895435e-05, 'epoch': 0.85}
{'loss': 1.8264, 'grad_norm': 0.2340487539768219, 'learning_rate': 3.023632243444481e-05, 'epoch': 0.85}
{'loss': 2.0849, 'grad_norm': 0.23835903406143188, 'learning_rate': 3.0171576561994175e-05, 'epoch': 0.85}
{'loss': 1.9223, 'grad_norm': 0.2387600541114807, 'learning_rate': 3.0106830689543542e-05, 'epoch': 0.85}
{'loss': 1.9705, 'grad_norm': 0.23953647911548615, 'learning_rate': 3.0042084817092912e-05, 'epoch': 0.85}
{'loss': 1.8644, 'grad_norm': 0.2309240996837616, 'learning_rate': 2.997733894464228e-05, 'epoch': 0.85}
{'loss': 1.8418, 'grad_norm': 0.25363221764564514, 'learning_rate': 2.9912593072191645e-05, 'epoch': 0.85}
{'loss': 1.8287, 'grad_norm': 0.21664799749851227, 'learning_rate': 2.984784719974102e-05, 'epoch': 0.85}
{'loss': 2.1362, 'grad_norm': 0.22803577780723572, 'learning_rate': 2.9783101327290386e-05, 'epoch': 0.85}
{'loss': 2.0274, 'grad_norm': 0.21617701649665833, 'learning_rate': 2.971835545483976e-05, 'epoch': 0.85}
{'loss': 1.8457, 'grad_norm': 0.20380009710788727, 'learning_rate': 2.9653609582389126e-05, 'epoch': 0.85}
{'loss': 1.9477, 'grad_norm': 0.2410387247800827, 'learning_rate': 2.9588863709938492e-05, 'epoch': 0.85}
{'loss': 2.1025, 'grad_norm': 0.21836239099502563, 'learning_rate': 2.9524117837487862e-05, 'epoch': 0.85}
{'loss': 1.8014, 'grad_norm': 0.22432169318199158, 'learning_rate': 2.945937196503723e-05, 'epoch': 0.85}
{'loss': 1.8823, 'grad_norm': 0.20578990876674652, 'learning_rate': 2.9394626092586596e-05, 'epoch': 0.85}
{'loss': 1.9063, 'grad_norm': 0.21195779740810394, 'learning_rate': 2.932988022013597e-05, 'epoch': 0.85}
{'loss': 2.0022, 'grad_norm': 0.23358874022960663, 'learning_rate': 2.9265134347685336e-05, 'epoch': 0.85}
{'loss': 1.9712, 'grad_norm': 0.20908814668655396, 'learning_rate': 2.920038847523471e-05, 'epoch': 0.85}
{'loss': 1.7865, 'grad_norm': 0.21433064341545105, 'learning_rate': 2.9135642602784076e-05, 'epoch': 0.85}
{'loss': 1.9073, 'grad_norm': 0.2180570662021637, 'learning_rate': 2.9070896730333443e-05, 'epoch': 0.86}
{'loss': 1.9967, 'grad_norm': 0.21268244087696075, 'learning_rate': 2.9006150857882813e-05, 'epoch': 0.86}
{'loss': 1.9517, 'grad_norm': 0.22784759104251862, 'learning_rate': 2.894140498543218e-05, 'epoch': 0.86}
{'loss': 2.099, 'grad_norm': 0.2478111982345581, 'learning_rate': 2.8876659112981546e-05, 'epoch': 0.86}
{'loss': 2.0947, 'grad_norm': 0.23685579001903534, 'learning_rate': 2.881191324053092e-05, 'epoch': 0.86}
{'loss': 1.8529, 'grad_norm': 0.21473529934883118, 'learning_rate': 2.8747167368080286e-05, 'epoch': 0.86}
{'loss': 1.6863, 'grad_norm': 0.23095384240150452, 'learning_rate': 2.8682421495629656e-05, 'epoch': 0.86}
{'loss': 2.0811, 'grad_norm': 0.2278304100036621, 'learning_rate': 2.8617675623179023e-05, 'epoch': 0.86}
{'loss': 1.8912, 'grad_norm': 0.20497730374336243, 'learning_rate': 2.855292975072839e-05, 'epoch': 0.86}
{'loss': 1.9879, 'grad_norm': 0.22728213667869568, 'learning_rate': 2.8488183878277763e-05, 'epoch': 0.86}
{'loss': 2.0129, 'grad_norm': 0.21398240327835083, 'learning_rate': 2.842343800582713e-05, 'epoch': 0.86}
{'loss': 2.0851, 'grad_norm': 0.23822566866874695, 'learning_rate': 2.8358692133376496e-05, 'epoch': 0.86}
{'loss': 1.9225, 'grad_norm': 0.21344968676567078, 'learning_rate': 2.829394626092587e-05, 'epoch': 0.86}
{'loss': 1.6545, 'grad_norm': 0.19611655175685883, 'learning_rate': 2.8229200388475236e-05, 'epoch': 0.86}
{'loss': 1.8677, 'grad_norm': 0.19763347506523132, 'learning_rate': 2.8164454516024603e-05, 'epoch': 0.86}
{'loss': 1.9805, 'grad_norm': 0.20272096991539001, 'learning_rate': 2.8099708643573973e-05, 'epoch': 0.86}
{'loss': 2.2585, 'grad_norm': 0.23016361892223358, 'learning_rate': 2.803496277112334e-05, 'epoch': 0.86}
{'loss': 1.9283, 'grad_norm': 0.20309439301490784, 'learning_rate': 2.7970216898672713e-05, 'epoch': 0.86}
{'loss': 1.9368, 'grad_norm': 0.21385091543197632, 'learning_rate': 2.790547102622208e-05, 'epoch': 0.86}
{'loss': 1.8091, 'grad_norm': 0.21676699817180634, 'learning_rate': 2.7840725153771446e-05, 'epoch': 0.86}
{'loss': 1.7852, 'grad_norm': 0.23282870650291443, 'learning_rate': 2.777597928132082e-05, 'epoch': 0.86}
{'loss': 2.2541, 'grad_norm': 0.24075765907764435, 'learning_rate': 2.7711233408870187e-05, 'epoch': 0.86}
{'loss': 2.0329, 'grad_norm': 0.23221316933631897, 'learning_rate': 2.7646487536419553e-05, 'epoch': 0.86}
{'loss': 1.8405, 'grad_norm': 0.20690514147281647, 'learning_rate': 2.7581741663968923e-05, 'epoch': 0.86}
{'loss': 1.8117, 'grad_norm': 0.22988757491111755, 'learning_rate': 2.751699579151829e-05, 'epoch': 0.86}
{'loss': 1.9161, 'grad_norm': 0.19398115575313568, 'learning_rate': 2.7452249919067663e-05, 'epoch': 0.86}
{'loss': 1.8492, 'grad_norm': 0.2384895384311676, 'learning_rate': 2.738750404661703e-05, 'epoch': 0.86}
{'loss': 1.8515, 'grad_norm': 0.22334791719913483, 'learning_rate': 2.7322758174166397e-05, 'epoch': 0.86}
{'loss': 2.0714, 'grad_norm': 0.24777711927890778, 'learning_rate': 2.725801230171577e-05, 'epoch': 0.86}
{'loss': 2.2001, 'grad_norm': 0.2520632743835449, 'learning_rate': 2.7193266429265133e-05, 'epoch': 0.86}
{'loss': 1.9611, 'grad_norm': 0.2447243183851242, 'learning_rate': 2.71285205568145e-05, 'epoch': 0.86}
{'loss': 1.9851, 'grad_norm': 0.2356889843940735, 'learning_rate': 2.7063774684363874e-05, 'epoch': 0.87}
{'loss': 1.9538, 'grad_norm': 0.2091408371925354, 'learning_rate': 2.699902881191324e-05, 'epoch': 0.87}
{'loss': 1.8786, 'grad_norm': 0.23251084983348846, 'learning_rate': 2.6934282939462614e-05, 'epoch': 0.87}
{'loss': 2.0258, 'grad_norm': 0.23215407133102417, 'learning_rate': 2.686953706701198e-05, 'epoch': 0.87}
{'loss': 2.039, 'grad_norm': 0.2250371128320694, 'learning_rate': 2.6804791194561347e-05, 'epoch': 0.87}
{'loss': 1.8388, 'grad_norm': 0.21299046277999878, 'learning_rate': 2.6740045322110717e-05, 'epoch': 0.87}
{'loss': 1.9953, 'grad_norm': 0.23554925620555878, 'learning_rate': 2.6675299449660084e-05, 'epoch': 0.87}
{'loss': 2.0975, 'grad_norm': 0.2508573830127716, 'learning_rate': 2.661055357720945e-05, 'epoch': 0.87}
{'loss': 1.8858, 'grad_norm': 0.21986107528209686, 'learning_rate': 2.6545807704758824e-05, 'epoch': 0.87}
{'loss': 1.8687, 'grad_norm': 0.18725700676441193, 'learning_rate': 2.648106183230819e-05, 'epoch': 0.87}
{'loss': 2.1073, 'grad_norm': 0.2233632355928421, 'learning_rate': 2.6416315959857564e-05, 'epoch': 0.87}
{'loss': 1.8397, 'grad_norm': 0.2400026172399521, 'learning_rate': 2.635157008740693e-05, 'epoch': 0.87}
{'loss': 1.9187, 'grad_norm': 0.2128182053565979, 'learning_rate': 2.6286824214956297e-05, 'epoch': 0.87}
{'loss': 2.0633, 'grad_norm': 0.23949405550956726, 'learning_rate': 2.6222078342505667e-05, 'epoch': 0.87}
{'loss': 1.9217, 'grad_norm': 0.23093146085739136, 'learning_rate': 2.6157332470055034e-05, 'epoch': 0.87}
{'loss': 2.0961, 'grad_norm': 0.24614907801151276, 'learning_rate': 2.60925865976044e-05, 'epoch': 0.87}
{'loss': 1.909, 'grad_norm': 0.20644991099834442, 'learning_rate': 2.6027840725153774e-05, 'epoch': 0.87}
{'loss': 1.9748, 'grad_norm': 0.2372080534696579, 'learning_rate': 2.596309485270314e-05, 'epoch': 0.87}
{'loss': 1.9247, 'grad_norm': 0.21541205048561096, 'learning_rate': 2.5898348980252514e-05, 'epoch': 0.87}
{'loss': 2.156, 'grad_norm': 0.25339436531066895, 'learning_rate': 2.583360310780188e-05, 'epoch': 0.87}
{'loss': 1.8238, 'grad_norm': 0.20606864988803864, 'learning_rate': 2.5768857235351247e-05, 'epoch': 0.87}
{'loss': 1.7961, 'grad_norm': 0.18550704419612885, 'learning_rate': 2.5704111362900618e-05, 'epoch': 0.87}
{'loss': 1.8638, 'grad_norm': 0.22198531031608582, 'learning_rate': 2.5639365490449984e-05, 'epoch': 0.87}
{'loss': 1.8982, 'grad_norm': 0.22660697996616364, 'learning_rate': 2.557461961799935e-05, 'epoch': 0.87}
{'loss': 1.9112, 'grad_norm': 0.19646461308002472, 'learning_rate': 2.5509873745548724e-05, 'epoch': 0.87} 87%|████████▋ | 2701/3094 [2:13:18<22:25,  3.42s/it] 87%|████████▋ | 2702/3094 [2:13:22<24:04,  3.69s/it]                                                      87%|████████▋ | 2702/3094 [2:13:22<24:04,  3.69s/it] 87%|████████▋ | 2703/3094 [2:13:25<22:02,  3.38s/it]                                                      87%|████████▋ | 2703/3094 [2:13:25<22:02,  3.38s/it] 87%|████████▋ | 2704/3094 [2:13:28<20:48,  3.20s/it]                                                      87%|████████▋ | 2704/3094 [2:13:28<20:48,  3.20s/it] 87%|████████▋ | 2705/3094 [2:13:31<20:30,  3.16s/it]                                                      87%|████████▋ | 2705/3094 [2:13:31<20:30,  3.16s/it] 87%|████████▋ | 2706/3094 [2:13:34<19:52,  3.07s/it]                                                      87%|████████▋ | 2706/3094 [2:13:34<19:52,  3.07s/it] 87%|████████▋ | 2707/3094 [2:13:37<20:14,  3.14s/it]                                                      87%|████████▋ | 2707/3094 [2:13:37<20:14,  3.14s/it] 88%|████████▊ | 2708/3094 [2:13:40<20:25,  3.17s/it]                                                      88%|████████▊ | 2708/3094 [2:13:40<20:25,  3.17s/it] 88%|████████▊ | 2709/3094 [2:13:43<18:58,  2.96s/it]                                                      88%|████████▊ | 2709/3094 [2:13:43<18:58,  2.96s/it] 88%|████████▊ | 2710/3094 [2:13:45<18:13,  2.85s/it]                                                      88%|████████▊ | 2710/3094 [2:13:45<18:13,  2.85s/it] 88%|████████▊ | 2711/3094 [2:13:48<18:22,  2.88s/it]                                                      88%|████████▊ | 2711/3094 [2:13:48<18:22,  2.88s/it] 88%|████████▊ | 2712/3094 [2:13:51<18:27,  2.90s/it]                                                      88%|████████▊ | 2712/3094 [2:13:51<18:27,  2.90s/it] 88%|████████▊ | 2713/3094 [2:13:54<18:06,  2.85s/it]                                                      88%|████████▊ | 2713/3094 [2:13:54<18:06,  2.85s/it] 88%|████████▊ | 2714/3094 [2:13:57<18:02,  2.85s/it]                                                      88%|████████▊ | 2714/3094 [2:13:57<18:02,  2.85s/it] 88%|████████▊ | 2715/3094 [2:14:00<17:58,  2.85s/it]                                                      88%|████████▊ | 2715/3094 [2:14:00<17:58,  2.85s/it] 88%|████████▊ | 2716/3094 [2:14:03<18:22,  2.92s/it]                                                      88%|████████▊ | 2716/3094 [2:14:03<18:22,  2.92s/it] 88%|████████▊ | 2717/3094 [2:14:05<18:07,  2.89s/it]                                                      88%|████████▊ | 2717/3094 [2:14:05<18:07,  2.89s/it] 88%|████████▊ | 2718/3094 [2:14:08<17:46,  2.84s/it]                                                      88%|████████▊ | 2718/3094 [2:14:08<17:46,  2.84s/it] 88%|████████▊ | 2719/3094 [2:14:11<17:32,  2.81s/it]                                                      88%|████████▊ | 2719/3094 [2:14:11<17:32,  2.81s/it] 88%|████████▊ | 2720/3094 [2:14:13<16:33,  2.66s/it]                                                      88%|████████▊ | 2720/3094 [2:14:13<16:33,  2.66s/it] 88%|████████▊ | 2721/3094 [2:14:16<16:46,  2.70s/it]                                                      88%|████████▊ | 2721/3094 [2:14:16<16:46,  2.70s/it] 88%|████████▊ | 2722/3094 [2:14:19<17:20,  2.80s/it]                                                      88%|████████▊ | 2722/3094 [2:14:19<17:20,  2.80s/it] 88%|████████▊ | 2723/3094 [2:14:22<16:51,  2.73s/it]                                                      88%|████████▊ | 2723/3094 [2:14:22<16:51,  2.73s/it] 88%|████████▊ | 2724/3094 [2:14:24<16:34,  2.69s/it]                                                      88%|████████▊ | 2724/3094 [2:14:24<16:34,  2.69s/it] 88%|████████▊ | 2725/3094 [2:14:27<17:00,  2.77s/it]                                                      88%|████████▊ | 2725/3094 [2:14:27<17:00,  2.77s/it] 88%|████████▊ | 2726/3094 [2:14:30<17:10,  2.80s/it]                                                      88%|████████▊ | 2726/3094 [2:14:30<17:10,  2.80s/it] 88%|████████▊ | 2727/3094 [2:14:33<18:07,  2.96s/it]                                                      88%|████████▊ | 2727/3094 [2:14:33<18:07,  2.96s/it] 88%|████████▊ | 2728/3094 [2:14:37<18:39,  3.06s/it]                                                      88%|████████▊ | 2728/3094 [2:14:37<18:39,  3.06s/it] 88%|████████▊ | 2729/3094 [2:14:39<18:16,  3.00s/it]                                                      88%|████████▊ | 2729/3094 [2:14:39<18:16,  3.00s/it] 88%|████████▊ | 2730/3094 [2:14:42<16:54,  2.79s/it]                                                      88%|████████▊ | 2730/3094 [2:14:42<16:54,  2.79s/it] 88%|████████▊ | 2731/3094 [2:14:44<16:37,  2.75s/it]                                                      88%|████████▊ | 2731/3094 [2:14:44<16:37,  2.75s/it] 88%|████████▊ | 2732/3094 [2:14:47<16:53,  2.80s/it]                                                      88%|████████▊ | 2732/3094 [2:14:47<16:53,  2.80s/it] 88%|████████▊ | 2733/3094 [2:14:50<17:07,  2.85s/it]                                                      88%|████████▊ | 2733/3094 [2:14:50<17:07,  2.85s/it] 88%|████████▊ | 2734/3094 [2:14:54<17:49,  2.97s/it]                                                      88%|████████▊ | 2734/3094 [2:14:54<17:49,  2.97s/it] 88%|████████▊ | 2735/3094 [2:14:56<16:56,  2.83s/it]                                                      88%|████████▊ | 2735/3094 [2:14:56<16:56,  2.83s/it] 88%|████████▊ | 2736/3094 [2:14:59<16:42,  2.80s/it]                                                      88%|████████▊ | 2736/3094 [2:14:59<16:42,  2.80s/it] 88%|████████▊ | 2737/3094 [2:15:02<16:55,  2.84s/it]                                                      88%|████████▊ | 2737/3094 [2:15:02<16:55,  2.84s/it] 88%|████████▊ | 2738/3094 [2:15:05<17:01,  2.87s/it]                                                      88%|████████▊ | 2738/3094 [2:15:05<17:01,  2.87s/it] 89%|████████▊ | 2739/3094 [2:15:07<16:50,  2.85s/it]                                                      89%|████████▊ | 2739/3094 [2:15:07<16:50,  2.85s/it] 89%|████████▊ | 2740/3094 [2:15:10<16:48,  2.85s/it]                                                      89%|████████▊ | 2740/3094 [2:15:10<16:48,  2.85s/it] 89%|████████▊ | 2741/3094 [2:15:14<17:36,  2.99s/it]                                                      89%|████████▊ | 2741/3094 [2:15:14<17:36,  2.99s/it] 89%|████████▊ | 2742/3094 [2:15:17<17:40,  3.01s/it]                                                      89%|████████▊ | 2742/3094 [2:15:17<17:40,  3.01s/it] 89%|████████▊ | 2743/3094 [2:15:20<17:18,  2.96s/it]                                                      89%|████████▊ | 2743/3094 [2:15:20<17:18,  2.96s/it] 89%|████████▊ | 2744/3094 [2:15:22<16:44,  2.87s/it]                                                      89%|████████▊ | 2744/3094 [2:15:22<16:44,  2.87s/it] 89%|████████▊ | 2745/3094 [2:15:25<16:43,  2.87s/it]                                                      89%|████████▊ | 2745/3094 [2:15:25<16:43,  2.87s/it] 89%|████████▉ | 2746/3094 [2:15:28<16:00,  2.76s/it]                                                      89%|████████▉ | 2746/3094 [2:15:28<16:00,  2.76s/it] 89%|████████▉ | 2747/3094 [2:15:31<16:54,  2.92s/it]                                                      89%|████████▉ | 2747/3094 [2:15:31<16:54,  2.92s/it] 89%|████████▉ | 2748/3094 [2:15:34<16:38,  2.89s/it]                                                      89%|████████▉ | 2748/3094 [2:15:34<16:38,  2.89s/it] 89%|████████▉ | 2749/3094 [2:15:36<16:20,  2.84s/it]                                                      89%|████████▉ | 2749/3094 [2:15:36<16:20,  2.84s/it] 89%|████████▉ | 2750/3094 [2:15:41<18:39,  3.25s/it]                                                      89%|████████▉ | 2750/3094 [2:15:41<18:39,  3.25s/it] 89%|████████▉ | 2751/3094 [2:15:44<17:58,  3.14s/it]                                                      89%|████████▉ | 2751/3094 [2:15:44<17:58,  3.14s/it] 89%|████████▉ | 2752/3094 [2:15:47<17:48,  3.12s/it]                                                      89%|████████▉ | 2752/3094 [2:15:47<17:48,  3.12s/it] 89%|████████▉ | 2753/3094 [2:15:49<17:09,  3.02s/it]                                                      89%|████████▉ | 2753/3094 [2:15:49<17:09,  3.02s/it] 89%|████████▉ | 2754/3094 [2:15:52<16:56,  2.99s/it]                                                      89%|████████▉ | 2754/3094 [2:15:52<16:56,  2.99s/it] 89%|████████▉ | 2755/3094 [2:15:55<16:07,  2.85s/it]                                                      89%|████████▉ | 2755/3094 [2:15:55<16:07,  2.85s/it] 89%|████████▉ | 2756/3094 [2:15:57<15:08,  2.69s/it]                                                      89%|████████▉ | 2756/3094 [2:15:57<15:08,  2.69s/it] 89%|████████▉ | 2757/3094 [2:16:00<15:23,  2.74s/it]                                                      89%|████████▉ | 2757/3094 [2:16:00<15:23,  2.74s/it] 89%|████████▉ | 2758/3094 [2:16:03<15:23,  2.75s/it]                                                      89%|████████▉ | 2758/3094 [2:16:03<15:23,  2.75s/it] 89%|████████▉ | 2759/3094 [2:16:06<15:31,  2.78s/it]                                                      89%|████████▉ | 2759/3094 [2:16:06<15:31,  2.78s/it] 89%|████████▉ | 2760/3094 [2:16:08<15:05,  2.71s/it]                                                      89%|████████▉ | 2760/3094 [2:16:08<15:05,  2.71s/it] 89%|████████▉ | 2761/3094 [2:16:11<15:09,  2.73s/it]                                                      89%|████████▉ | 2761/3094 [2:16:11<15:09,  2.73s/it] 89%|████████▉ | 2762/3094 [2:16:14<15:57,  2.88s/it]                                                      89%|████████▉ | 2762/3094 [2:16:14<15:57,  2.88s/it] 89%|████████▉ | 2763/3094 [2:16:17<16:01,  2.90s/it]                                                      89%|████████▉ | 2763/3094 [2:16:17<16:01,  2.90s/it] 89%|████████▉ | 2764/3094 [2:16:20<15:38,  2.84s/it]                                                      89%|████████▉ | 2764/3094 [2:16:20<15:38,  2.84s/it] 89%|████████▉ | 2765/3094 [2:16:23<15:46,  2.88s/it]                                                      89%|████████▉ | 2765/3094 [2:16:23<15:46,  2.88s/it] 89%|████████▉ | 2766/3094 [2:16:25<15:23,  2.82s/it]                                                      89%|████████▉ | 2766/3094 [2:16:25<15:23,  2.82s/it] 89%|████████▉ | 2767/3094 [2:16:28<15:23,  2.82s/it]                                                      89%|████████▉ | 2767/3094 [2:16:28<15:23,  2.82s/it] 89%|████████▉ | 2768/3094 [2:16:31<15:21,  2.83s/it]                                                      89%|████████▉ | 2768/3094 [2:16:31<15:21,  2.83s/it] 89%|████████▉ | 2769/3094 [2:16:34<16:02,  2.96s/it]                                                      89%|████████▉ | 2769/3094 [2:16:34<16:02,  2.96s/it] 90%|████████▉ | 2770/3094 [2:16:37<15:41,  2.91s/it]                                                      90%|████████▉ | 2770/3094 [2:16:37<15:41,  2.91s/it] 90%|████████▉ | 2771/3094 [2:16:40<14:56,  2.78s/it]                                                      90%|████████▉ | 2771/3094 [2:16:40<14:56,  2.78s/it] 90%|████████▉ | 2772/3094 [2:16:42<14:29,  2.70s/it]                                                      90%|████████▉ | 2772/3094 [2:16:42<14:29,  2.70s/it] 90%|████████▉ | 2773/3094 [2:16:45<14:27,  2.70s/it]                                                      90%|████████▉ | 2773/3094 [2:16:45<14:27,  2.70s/it] 90%|████████▉ | 2774/3094 [2:16:49<16:44,  3.14s/it]                                                      90%|████████▉ | 2774/3094 [2:16:49<16:44,  3.14s/it] 90%|████████▉ | 2775/3094 [2:16:52<16:17,  3.06s/it]                                                      90%|████████▉ | 2775/3094 [2:16:52<16:17,  3.06s/it] 90%|████████▉ | 2776/3094 [2:16:55<16:27,  3.11s/it]                                                      90%|████████▉ | 2776/3094 [2:16:55<16:27,  3.11s/it] 90%|████████▉ | 2777/3094 [2:16:58<16:16,  3.08s/it]                                                      90%|████████▉ | 2777/3094 [2:16:58<16:16,  3.08s/it] 90%|████████▉ | 2778/3094 [2:17:01<16:16,  3.09s/it]                                                     
{'loss': 1.5913, 'grad_norm': 0.17293252050876617, 'learning_rate': 2.544512787309809e-05, 'epoch': 0.87}
{'loss': 2.0534, 'grad_norm': 0.23180054128170013, 'learning_rate': 2.538038200064746e-05, 'epoch': 0.87}
{'loss': 1.8243, 'grad_norm': 0.2319573611021042, 'learning_rate': 2.5315636128196828e-05, 'epoch': 0.87}
{'loss': 1.9344, 'grad_norm': 0.2218237966299057, 'learning_rate': 2.5250890255746194e-05, 'epoch': 0.87}
{'loss': 1.8629, 'grad_norm': 0.2207699567079544, 'learning_rate': 2.5186144383295568e-05, 'epoch': 0.87}
{'loss': 2.0536, 'grad_norm': 0.21705549955368042, 'learning_rate': 2.5121398510844934e-05, 'epoch': 0.87}
{'loss': 1.894, 'grad_norm': 0.20727095007896423, 'learning_rate': 2.50566526383943e-05, 'epoch': 0.88}
{'loss': 1.9484, 'grad_norm': 0.24204911291599274, 'learning_rate': 2.4991906765943675e-05, 'epoch': 0.88}
{'loss': 1.9708, 'grad_norm': 0.2399294227361679, 'learning_rate': 2.492716089349304e-05, 'epoch': 0.88}
{'loss': 2.1633, 'grad_norm': 0.2916179597377777, 'learning_rate': 2.4862415021042408e-05, 'epoch': 0.88}
{'loss': 2.0478, 'grad_norm': 0.23873820900917053, 'learning_rate': 2.4797669148591778e-05, 'epoch': 0.88}
{'loss': 1.9084, 'grad_norm': 0.23460295796394348, 'learning_rate': 2.4732923276141148e-05, 'epoch': 0.88}
{'loss': 2.0822, 'grad_norm': 0.2495635747909546, 'learning_rate': 2.4668177403690515e-05, 'epoch': 0.88}
{'loss': 2.0084, 'grad_norm': 0.210678368806839, 'learning_rate': 2.4603431531239885e-05, 'epoch': 0.88}
{'loss': 2.194, 'grad_norm': 0.20737628638744354, 'learning_rate': 2.4538685658789255e-05, 'epoch': 0.88}
{'loss': 1.9287, 'grad_norm': 0.23389126360416412, 'learning_rate': 2.4473939786338625e-05, 'epoch': 0.88}
{'loss': 1.9905, 'grad_norm': 0.23608417809009552, 'learning_rate': 2.440919391388799e-05, 'epoch': 0.88}
{'loss': 2.0309, 'grad_norm': 0.22498975694179535, 'learning_rate': 2.4344448041437358e-05, 'epoch': 0.88}
{'loss': 2.2123, 'grad_norm': 0.30716443061828613, 'learning_rate': 2.4279702168986728e-05, 'epoch': 0.88}
{'loss': 1.9087, 'grad_norm': 0.21686391532421112, 'learning_rate': 2.4214956296536098e-05, 'epoch': 0.88}
{'loss': 1.8347, 'grad_norm': 0.2150385081768036, 'learning_rate': 2.4150210424085465e-05, 'epoch': 0.88}
{'loss': 1.7804, 'grad_norm': 0.25869104266166687, 'learning_rate': 2.4085464551634835e-05, 'epoch': 0.88}
{'loss': 1.7586, 'grad_norm': 0.22718581557273865, 'learning_rate': 2.4020718679184205e-05, 'epoch': 0.88}
{'loss': 1.8506, 'grad_norm': 0.2336321324110031, 'learning_rate': 2.3955972806733572e-05, 'epoch': 0.88}
{'loss': 2.0903, 'grad_norm': 0.21378132700920105, 'learning_rate': 2.389122693428294e-05, 'epoch': 0.88}
{'loss': 1.9744, 'grad_norm': 0.21552591025829315, 'learning_rate': 2.382648106183231e-05, 'epoch': 0.88}
{'loss': 1.8559, 'grad_norm': 0.20629890263080597, 'learning_rate': 2.376173518938168e-05, 'epoch': 0.88}
{'loss': 1.9672, 'grad_norm': 0.22644159197807312, 'learning_rate': 2.369698931693105e-05, 'epoch': 0.88}
{'loss': 2.2051, 'grad_norm': 0.2657437026500702, 'learning_rate': 2.3632243444480415e-05, 'epoch': 0.88}
{'loss': 2.0664, 'grad_norm': 0.24961628019809723, 'learning_rate': 2.3567497572029785e-05, 'epoch': 0.88}
{'loss': 2.2519, 'grad_norm': 0.2179599553346634, 'learning_rate': 2.3502751699579152e-05, 'epoch': 0.88}
{'loss': 2.2436, 'grad_norm': 0.23482230305671692, 'learning_rate': 2.3438005827128522e-05, 'epoch': 0.88}
{'loss': 1.923, 'grad_norm': 0.21580787003040314, 'learning_rate': 2.337325995467789e-05, 'epoch': 0.88}
{'loss': 2.028, 'grad_norm': 0.25327450037002563, 'learning_rate': 2.330851408222726e-05, 'epoch': 0.88}
{'loss': 1.9361, 'grad_norm': 0.213908851146698, 'learning_rate': 2.324376820977663e-05, 'epoch': 0.88}
{'loss': 2.1389, 'grad_norm': 0.21184998750686646, 'learning_rate': 2.3179022337326e-05, 'epoch': 0.88}
{'loss': 1.9283, 'grad_norm': 0.22254492342472076, 'learning_rate': 2.3114276464875365e-05, 'epoch': 0.89}
{'loss': 1.8585, 'grad_norm': 0.22431378066539764, 'learning_rate': 2.3049530592424736e-05, 'epoch': 0.89}
{'loss': 1.8073, 'grad_norm': 0.21837705373764038, 'learning_rate': 2.2984784719974102e-05, 'epoch': 0.89}
{'loss': 1.8704, 'grad_norm': 0.21340163052082062, 'learning_rate': 2.2920038847523472e-05, 'epoch': 0.89}
{'loss': 1.9322, 'grad_norm': 0.20451870560646057, 'learning_rate': 2.285529297507284e-05, 'epoch': 0.89}
{'loss': 1.8204, 'grad_norm': 0.22711613774299622, 'learning_rate': 2.279054710262221e-05, 'epoch': 0.89}
{'loss': 1.9236, 'grad_norm': 0.23651623725891113, 'learning_rate': 2.272580123017158e-05, 'epoch': 0.89}
{'loss': 1.7827, 'grad_norm': 0.2133474498987198, 'learning_rate': 2.2661055357720946e-05, 'epoch': 0.89}
{'loss': 2.0639, 'grad_norm': 0.24125823378562927, 'learning_rate': 2.2596309485270316e-05, 'epoch': 0.89}
{'loss': 1.8471, 'grad_norm': 0.21960192918777466, 'learning_rate': 2.2531563612819682e-05, 'epoch': 0.89}
{'loss': 1.9897, 'grad_norm': 0.2229240983724594, 'learning_rate': 2.2466817740369052e-05, 'epoch': 0.89}
{'loss': 1.9156, 'grad_norm': 0.20715011656284332, 'learning_rate': 2.240207186791842e-05, 'epoch': 0.89}
{'loss': 1.5375, 'grad_norm': 0.20066410303115845, 'learning_rate': 2.233732599546779e-05, 'epoch': 0.89}
{'loss': 2.0205, 'grad_norm': 0.22366246581077576, 'learning_rate': 2.227258012301716e-05, 'epoch': 0.89}
{'loss': 2.0776, 'grad_norm': 0.20632527768611908, 'learning_rate': 2.220783425056653e-05, 'epoch': 0.89}
{'loss': 1.9076, 'grad_norm': 0.24495123326778412, 'learning_rate': 2.2143088378115896e-05, 'epoch': 0.89}
{'loss': 1.9339, 'grad_norm': 0.23425374925136566, 'learning_rate': 2.2078342505665266e-05, 'epoch': 0.89}
{'loss': 2.1064, 'grad_norm': 0.24534547328948975, 'learning_rate': 2.2013596633214633e-05, 'epoch': 0.89}
{'loss': 2.221, 'grad_norm': 0.2557533085346222, 'learning_rate': 2.1948850760764003e-05, 'epoch': 0.89}
{'loss': 1.684, 'grad_norm': 0.2316909283399582, 'learning_rate': 2.188410488831337e-05, 'epoch': 0.89}
{'loss': 1.9957, 'grad_norm': 0.22914157807826996, 'learning_rate': 2.181935901586274e-05, 'epoch': 0.89}
{'loss': 2.0991, 'grad_norm': 0.2387615293264389, 'learning_rate': 2.175461314341211e-05, 'epoch': 0.89}
{'loss': 2.0282, 'grad_norm': 0.24516494572162628, 'learning_rate': 2.168986727096148e-05, 'epoch': 0.89}
{'loss': 2.0751, 'grad_norm': 0.2333897054195404, 'learning_rate': 2.1625121398510846e-05, 'epoch': 0.89}
{'loss': 2.0003, 'grad_norm': 0.2072090059518814, 'learning_rate': 2.1560375526060213e-05, 'epoch': 0.89}
{'loss': 1.8734, 'grad_norm': 0.2133791148662567, 'learning_rate': 2.1495629653609583e-05, 'epoch': 0.89}
{'loss': 2.0523, 'grad_norm': 0.237163707613945, 'learning_rate': 2.1430883781158953e-05, 'epoch': 0.89}
{'loss': 1.7887, 'grad_norm': 0.20999938249588013, 'learning_rate': 2.136613790870832e-05, 'epoch': 0.89}
{'loss': 2.0109, 'grad_norm': 0.2367125153541565, 'learning_rate': 2.130139203625769e-05, 'epoch': 0.89}
{'loss': 1.7932, 'grad_norm': 0.2285490185022354, 'learning_rate': 2.123664616380706e-05, 'epoch': 0.89}
{'loss': 1.9319, 'grad_norm': 0.23511697351932526, 'learning_rate': 2.1171900291356426e-05, 'epoch': 0.89}
{'loss': 1.7453, 'grad_norm': 0.1996612250804901, 'learning_rate': 2.1107154418905793e-05, 'epoch': 0.9}
{'loss': 2.0346, 'grad_norm': 0.22391003370285034, 'learning_rate': 2.1042408546455163e-05, 'epoch': 0.9}
{'loss': 1.9531, 'grad_norm': 0.22570134699344635, 'learning_rate': 2.0977662674004533e-05, 'epoch': 0.9}
{'loss': 2.0436, 'grad_norm': 0.23283401131629944, 'learning_rate': 2.0912916801553903e-05, 'epoch': 0.9}
{'loss': 1.9046, 'grad_norm': 0.22191515564918518, 'learning_rate': 2.084817092910327e-05, 'epoch': 0.9}
{'loss': 1.7217, 'grad_norm': 0.18149659037590027, 'learning_rate': 2.078342505665264e-05, 'epoch': 0.9}
{'loss': 1.8088, 'grad_norm': 0.2383745163679123, 'learning_rate': 2.071867918420201e-05, 'epoch': 0.9}
{'loss': 1.9943, 'grad_norm': 0.20693065226078033, 'learning_rate': 2.0653933311751377e-05, 'epoch': 0.9}
{'loss': 2.048, 'grad_norm': 0.23354606330394745, 'learning_rate': 2.0589187439300743e-05, 'epoch': 0.9}
{'loss': 2.1565, 'grad_norm': 0.21942293643951416, 'learning_rate': 2.0524441566850113e-05, 'epoch': 0.9} 90%|████████▉ | 2778/3094 [2:17:01<16:16,  3.09s/it] 90%|████████▉ | 2779/3094 [2:17:04<15:34,  2.97s/it]                                                      90%|████████▉ | 2779/3094 [2:17:04<15:34,  2.97s/it] 90%|████████▉ | 2780/3094 [2:17:07<15:06,  2.89s/it]                                                      90%|████████▉ | 2780/3094 [2:17:07<15:06,  2.89s/it] 90%|████████▉ | 2781/3094 [2:17:09<14:49,  2.84s/it]                                                      90%|████████▉ | 2781/3094 [2:17:09<14:49,  2.84s/it] 90%|████████▉ | 2782/3094 [2:17:12<14:11,  2.73s/it]                                                      90%|████████▉ | 2782/3094 [2:17:12<14:11,  2.73s/it] 90%|████████▉ | 2783/3094 [2:17:15<14:49,  2.86s/it]                                                      90%|████████▉ | 2783/3094 [2:17:15<14:49,  2.86s/it] 90%|████████▉ | 2784/3094 [2:17:18<15:36,  3.02s/it]                                                      90%|████████▉ | 2784/3094 [2:17:18<15:36,  3.02s/it] 90%|█████████ | 2785/3094 [2:17:21<15:27,  3.00s/it]                                                      90%|█████████ | 2785/3094 [2:17:21<15:27,  3.00s/it] 90%|█████████ | 2786/3094 [2:17:25<15:54,  3.10s/it]                                                      90%|█████████ | 2786/3094 [2:17:25<15:54,  3.10s/it] 90%|█████████ | 2787/3094 [2:17:28<15:47,  3.09s/it]                                                      90%|█████████ | 2787/3094 [2:17:28<15:47,  3.09s/it] 90%|█████████ | 2788/3094 [2:17:31<15:57,  3.13s/it]                                                      90%|█████████ | 2788/3094 [2:17:31<15:57,  3.13s/it] 90%|█████████ | 2789/3094 [2:17:34<15:43,  3.09s/it]                                                      90%|█████████ | 2789/3094 [2:17:34<15:43,  3.09s/it] 90%|█████████ | 2790/3094 [2:17:37<14:50,  2.93s/it]                                                      90%|█████████ | 2790/3094 [2:17:37<14:50,  2.93s/it] 90%|█████████ | 2791/3094 [2:17:40<15:10,  3.01s/it]                                                      90%|█████████ | 2791/3094 [2:17:40<15:10,  3.01s/it] 90%|█████████ | 2792/3094 [2:17:42<14:35,  2.90s/it]                                                      90%|█████████ | 2792/3094 [2:17:42<14:35,  2.90s/it] 90%|█████████ | 2793/3094 [2:17:45<14:08,  2.82s/it]                                                      90%|█████████ | 2793/3094 [2:17:45<14:08,  2.82s/it] 90%|█████████ | 2794/3094 [2:17:48<14:38,  2.93s/it]                                                      90%|█████████ | 2794/3094 [2:17:48<14:38,  2.93s/it] 90%|█████████ | 2795/3094 [2:17:51<14:28,  2.90s/it]                                                      90%|█████████ | 2795/3094 [2:17:51<14:28,  2.90s/it] 90%|█████████ | 2796/3094 [2:17:54<14:41,  2.96s/it]                                                      90%|█████████ | 2796/3094 [2:17:54<14:41,  2.96s/it] 90%|█████████ | 2797/3094 [2:17:58<15:21,  3.10s/it]                                                      90%|█████████ | 2797/3094 [2:17:58<15:21,  3.10s/it] 90%|█████████ | 2798/3094 [2:18:00<14:35,  2.96s/it]                                                      90%|█████████ | 2798/3094 [2:18:00<14:35,  2.96s/it] 90%|█████████ | 2799/3094 [2:18:03<14:47,  3.01s/it]                                                      90%|█████████ | 2799/3094 [2:18:03<14:47,  3.01s/it] 90%|█████████ | 2800/3094 [2:18:06<13:47,  2.82s/it]                                                      90%|█████████ | 2800/3094 [2:18:06<13:47,  2.82s/it] 91%|█████████ | 2801/3094 [2:18:08<13:36,  2.79s/it]                                                      91%|█████████ | 2801/3094 [2:18:08<13:36,  2.79s/it] 91%|█████████ | 2802/3094 [2:18:11<13:02,  2.68s/it]                                                      91%|█████████ | 2802/3094 [2:18:11<13:02,  2.68s/it] 91%|█████████ | 2803/3094 [2:18:14<13:00,  2.68s/it]                                                      91%|█████████ | 2803/3094 [2:18:14<13:00,  2.68s/it] 91%|█████████ | 2804/3094 [2:18:17<13:59,  2.90s/it]                                                      91%|█████████ | 2804/3094 [2:18:17<13:59,  2.90s/it] 91%|█████████ | 2805/3094 [2:18:20<13:44,  2.85s/it]                                                      91%|█████████ | 2805/3094 [2:18:20<13:44,  2.85s/it] 91%|█████████ | 2806/3094 [2:18:23<14:15,  2.97s/it]                                                      91%|█████████ | 2806/3094 [2:18:23<14:15,  2.97s/it] 91%|█████████ | 2807/3094 [2:18:26<14:05,  2.95s/it]                                                      91%|█████████ | 2807/3094 [2:18:26<14:05,  2.95s/it] 91%|█████████ | 2808/3094 [2:18:28<13:37,  2.86s/it]                                                      91%|█████████ | 2808/3094 [2:18:28<13:37,  2.86s/it] 91%|█████████ | 2809/3094 [2:18:31<13:20,  2.81s/it]                                                      91%|█████████ | 2809/3094 [2:18:31<13:20,  2.81s/it] 91%|█████████ | 2810/3094 [2:18:34<12:47,  2.70s/it]                                                      91%|█████████ | 2810/3094 [2:18:34<12:47,  2.70s/it] 91%|█████████ | 2811/3094 [2:18:37<13:19,  2.82s/it]                                                      91%|█████████ | 2811/3094 [2:18:37<13:19,  2.82s/it] 91%|█████████ | 2812/3094 [2:18:39<12:51,  2.73s/it]                                                      91%|█████████ | 2812/3094 [2:18:39<12:51,  2.73s/it] 91%|█████████ | 2813/3094 [2:18:43<13:44,  2.93s/it]                                                      91%|█████████ | 2813/3094 [2:18:43<13:44,  2.93s/it] 91%|█████████ | 2814/3094 [2:18:46<13:58,  3.00s/it]                                                      91%|█████████ | 2814/3094 [2:18:46<13:58,  3.00s/it] 91%|█████████ | 2815/3094 [2:18:48<13:30,  2.90s/it]                                                      91%|█████████ | 2815/3094 [2:18:48<13:30,  2.90s/it] 91%|█████████ | 2816/3094 [2:18:51<13:30,  2.92s/it]                                                      91%|█████████ | 2816/3094 [2:18:51<13:30,  2.92s/it] 91%|█████████ | 2817/3094 [2:18:54<13:07,  2.84s/it]                                                      91%|█████████ | 2817/3094 [2:18:54<13:07,  2.84s/it] 91%|█████████ | 2818/3094 [2:18:57<12:52,  2.80s/it]                                                      91%|█████████ | 2818/3094 [2:18:57<12:52,  2.80s/it] 91%|█████████ | 2819/3094 [2:19:00<12:44,  2.78s/it]                                                      91%|█████████ | 2819/3094 [2:19:00<12:44,  2.78s/it] 91%|█████████ | 2820/3094 [2:19:02<12:29,  2.74s/it]                                                      91%|█████████ | 2820/3094 [2:19:02<12:29,  2.74s/it] 91%|█████████ | 2821/3094 [2:19:05<12:20,  2.71s/it]                                                      91%|█████████ | 2821/3094 [2:19:05<12:20,  2.71s/it] 91%|█████████ | 2822/3094 [2:19:07<11:49,  2.61s/it]                                                      91%|█████████ | 2822/3094 [2:19:07<11:49,  2.61s/it] 91%|█████████ | 2823/3094 [2:19:10<12:28,  2.76s/it]                                                      91%|█████████ | 2823/3094 [2:19:10<12:28,  2.76s/it] 91%|█████████▏| 2824/3094 [2:19:13<12:43,  2.83s/it]                                                      91%|█████████▏| 2824/3094 [2:19:13<12:43,  2.83s/it] 91%|█████████▏| 2825/3094 [2:19:16<12:30,  2.79s/it]                                                      91%|█████████▏| 2825/3094 [2:19:16<12:30,  2.79s/it] 91%|█████████▏| 2826/3094 [2:19:19<13:08,  2.94s/it]                                                      91%|█████████▏| 2826/3094 [2:19:19<13:08,  2.94s/it] 91%|█████████▏| 2827/3094 [2:19:22<12:43,  2.86s/it]                                                      91%|█████████▏| 2827/3094 [2:19:22<12:43,  2.86s/it] 91%|█████████▏| 2828/3094 [2:19:25<12:52,  2.90s/it]                                                      91%|█████████▏| 2828/3094 [2:19:25<12:52,  2.90s/it] 91%|█████████▏| 2829/3094 [2:19:28<12:45,  2.89s/it]                                                      91%|█████████▏| 2829/3094 [2:19:28<12:45,  2.89s/it] 91%|█████████▏| 2830/3094 [2:19:31<13:23,  3.04s/it]                                                      91%|█████████▏| 2830/3094 [2:19:31<13:23,  3.04s/it] 91%|█████████▏| 2831/3094 [2:19:34<12:48,  2.92s/it]                                                      91%|█████████▏| 2831/3094 [2:19:34<12:48,  2.92s/it] 92%|█████████▏| 2832/3094 [2:19:37<12:55,  2.96s/it]                                                      92%|█████████▏| 2832/3094 [2:19:37<12:55,  2.96s/it] 92%|█████████▏| 2833/3094 [2:19:40<12:51,  2.96s/it]                                                      92%|█████████▏| 2833/3094 [2:19:40<12:51,  2.96s/it] 92%|█████████▏| 2834/3094 [2:19:43<13:00,  3.00s/it]                                                      92%|█████████▏| 2834/3094 [2:19:43<13:00,  3.00s/it] 92%|█████████▏| 2835/3094 [2:19:46<12:40,  2.94s/it]                                                      92%|█████████▏| 2835/3094 [2:19:46<12:40,  2.94s/it] 92%|█████████▏| 2836/3094 [2:19:48<12:07,  2.82s/it]                                                      92%|█████████▏| 2836/3094 [2:19:48<12:07,  2.82s/it] 92%|█████████▏| 2837/3094 [2:19:51<12:34,  2.94s/it]                                                      92%|█████████▏| 2837/3094 [2:19:51<12:34,  2.94s/it] 92%|█████████▏| 2838/3094 [2:19:54<12:24,  2.91s/it]                                                      92%|█████████▏| 2838/3094 [2:19:54<12:24,  2.91s/it] 92%|█████████▏| 2839/3094 [2:19:58<12:50,  3.02s/it]                                                      92%|█████████▏| 2839/3094 [2:19:58<12:50,  3.02s/it] 92%|█████████▏| 2840/3094 [2:20:00<12:30,  2.95s/it]                                                      92%|█████████▏| 2840/3094 [2:20:00<12:30,  2.95s/it] 92%|█████████▏| 2841/3094 [2:20:03<11:59,  2.84s/it]                                                      92%|█████████▏| 2841/3094 [2:20:03<11:59,  2.84s/it] 92%|█████████▏| 2842/3094 [2:20:06<12:34,  2.99s/it]                                                      92%|█████████▏| 2842/3094 [2:20:06<12:34,  2.99s/it] 92%|█████████▏| 2843/3094 [2:20:09<12:40,  3.03s/it]                                                      92%|█████████▏| 2843/3094 [2:20:09<12:40,  3.03s/it] 92%|█████████▏| 2844/3094 [2:20:12<12:05,  2.90s/it]                                                      92%|█████████▏| 2844/3094 [2:20:12<12:05,  2.90s/it] 92%|█████████▏| 2845/3094 [2:20:15<12:19,  2.97s/it]                                                      92%|█████████▏| 2845/3094 [2:20:15<12:19,  2.97s/it] 92%|█████████▏| 2846/3094 [2:20:18<11:53,  2.88s/it]                                                      92%|█████████▏| 2846/3094 [2:20:18<11:53,  2.88s/it] 92%|█████████▏| 2847/3094 [2:20:20<11:26,  2.78s/it]                                                      92%|█████████▏| 2847/3094 [2:20:20<11:26,  2.78s/it] 92%|█████████▏| 2848/3094 [2:20:23<11:40,  2.85s/it]                                                      92%|█████████▏| 2848/3094 [2:20:23<11:40,  2.85s/it] 92%|█████████▏| 2849/3094 [2:20:26<11:26,  2.80s/it]                                                      92%|█████████▏| 2849/3094 [2:20:26<11:26,  2.80s/it] 92%|█████████▏| 2850/3094 [2:20:29<11:13,  2.76s/it]                                                      92%|█████████▏| 2850/3094 [2:20:29<11:13,  2.76s/it] 92%|█████████▏| 2851/3094 [2:20:31<10:55,  2.70s/it]                                                      92%|█████████▏| 2851/3094 [2:20:31<10:55,  2.70s/it] 92%|█████████▏| 2852/3094 [2:20:34<11:00,  2.73s/it]                                                      92%|█████████▏| 2852/3094 [2:20:34<11:00,  2.73s/it] 92%|█████████▏| 2853/3094 [2:20:37<10:54,  2.71s/it]                                                      92%|█████████▏| 2853/3094 [2:20:37<10:54,  2.71s/it] 92%|█████████▏| 2854/3094 [2:20:39<10:23,  2.60s/it]                                                      92%|█████████▏| 2854/3094 [2:20:39<10:23,  2.60s/it] 92%|█████████▏| 2855/3094 [2:20:43<11:35,  2.91s/it]                                                     
{'loss': 2.0112, 'grad_norm': 0.2306298017501831, 'learning_rate': 2.0459695694399483e-05, 'epoch': 0.9}
{'loss': 2.039, 'grad_norm': 0.2267264425754547, 'learning_rate': 2.0394949821948853e-05, 'epoch': 0.9}
{'loss': 2.0611, 'grad_norm': 0.23016813397407532, 'learning_rate': 2.033020394949822e-05, 'epoch': 0.9}
{'loss': 2.0564, 'grad_norm': 0.24728894233703613, 'learning_rate': 2.026545807704759e-05, 'epoch': 0.9}
{'loss': 1.8936, 'grad_norm': 0.2049540877342224, 'learning_rate': 2.0200712204596957e-05, 'epoch': 0.9}
{'loss': 1.8327, 'grad_norm': 0.2134566754102707, 'learning_rate': 2.0135966332146327e-05, 'epoch': 0.9}
{'loss': 2.186, 'grad_norm': 0.2263922095298767, 'learning_rate': 2.0071220459695694e-05, 'epoch': 0.9}
{'loss': 1.9033, 'grad_norm': 0.23730342090129852, 'learning_rate': 2.0006474587245064e-05, 'epoch': 0.9}
{'loss': 1.9996, 'grad_norm': 0.2275528907775879, 'learning_rate': 1.9941728714794434e-05, 'epoch': 0.9}
{'loss': 1.9571, 'grad_norm': 0.21095120906829834, 'learning_rate': 1.9876982842343804e-05, 'epoch': 0.9}
{'loss': 1.9966, 'grad_norm': 0.21874476969242096, 'learning_rate': 1.981223696989317e-05, 'epoch': 0.9}
{'loss': 1.9993, 'grad_norm': 0.22882872819900513, 'learning_rate': 1.9747491097442537e-05, 'epoch': 0.9}
{'loss': 1.7819, 'grad_norm': 0.20159323513507843, 'learning_rate': 1.9682745224991907e-05, 'epoch': 0.9}
{'loss': 1.9015, 'grad_norm': 0.24077129364013672, 'learning_rate': 1.9617999352541277e-05, 'epoch': 0.9}
{'loss': 1.9955, 'grad_norm': 0.2553277611732483, 'learning_rate': 1.9553253480090644e-05, 'epoch': 0.9}
{'loss': 1.7616, 'grad_norm': 0.21854667365550995, 'learning_rate': 1.9488507607640014e-05, 'epoch': 0.9}
{'loss': 1.9379, 'grad_norm': 0.22562448680400848, 'learning_rate': 1.9423761735189384e-05, 'epoch': 0.9}
{'loss': 1.7364, 'grad_norm': 0.20969469845294952, 'learning_rate': 1.9359015862738754e-05, 'epoch': 0.9}
{'loss': 2.0358, 'grad_norm': 0.21051134169101715, 'learning_rate': 1.929426999028812e-05, 'epoch': 0.9}
{'loss': 2.0018, 'grad_norm': 0.23959819972515106, 'learning_rate': 1.9229524117837487e-05, 'epoch': 0.9}
{'loss': 1.8682, 'grad_norm': 0.20512324571609497, 'learning_rate': 1.9164778245386857e-05, 'epoch': 0.9}
{'loss': 2.2017, 'grad_norm': 0.26685893535614014, 'learning_rate': 1.9100032372936227e-05, 'epoch': 0.91}
{'loss': 2.0512, 'grad_norm': 0.22678588330745697, 'learning_rate': 1.9035286500485594e-05, 'epoch': 0.91}
{'loss': 2.0279, 'grad_norm': 0.25900179147720337, 'learning_rate': 1.8970540628034964e-05, 'epoch': 0.91}
{'loss': 2.173, 'grad_norm': 0.2365410029888153, 'learning_rate': 1.8905794755584334e-05, 'epoch': 0.91}
{'loss': 1.7382, 'grad_norm': 0.20789560675621033, 'learning_rate': 1.88410488831337e-05, 'epoch': 0.91}
{'loss': 2.0237, 'grad_norm': 0.2643164396286011, 'learning_rate': 1.8776303010683068e-05, 'epoch': 0.91}
{'loss': 1.9756, 'grad_norm': 0.21076452732086182, 'learning_rate': 1.8711557138232438e-05, 'epoch': 0.91}
{'loss': 2.016, 'grad_norm': 0.2177956998348236, 'learning_rate': 1.8646811265781808e-05, 'epoch': 0.91}
{'loss': 2.2042, 'grad_norm': 0.236637681722641, 'learning_rate': 1.8582065393331178e-05, 'epoch': 0.91}
{'loss': 2.1313, 'grad_norm': 0.24369189143180847, 'learning_rate': 1.8517319520880544e-05, 'epoch': 0.91}
{'loss': 2.1563, 'grad_norm': 0.24728620052337646, 'learning_rate': 1.8452573648429914e-05, 'epoch': 0.91}
{'loss': 2.1082, 'grad_norm': 0.22467707097530365, 'learning_rate': 1.838782777597928e-05, 'epoch': 0.91}
{'loss': 1.8544, 'grad_norm': 0.23572200536727905, 'learning_rate': 1.832308190352865e-05, 'epoch': 0.91}
{'loss': 2.152, 'grad_norm': 0.20653729140758514, 'learning_rate': 1.8258336031078018e-05, 'epoch': 0.91}
{'loss': 2.021, 'grad_norm': 0.20778566598892212, 'learning_rate': 1.8193590158627388e-05, 'epoch': 0.91}
{'loss': 1.9336, 'grad_norm': 0.23970477283000946, 'learning_rate': 1.8128844286176758e-05, 'epoch': 0.91}
{'loss': 1.7599, 'grad_norm': 0.20855525135993958, 'learning_rate': 1.8064098413726128e-05, 'epoch': 0.91}
{'loss': 1.9443, 'grad_norm': 0.23673760890960693, 'learning_rate': 1.7999352541275495e-05, 'epoch': 0.91}
{'loss': 2.1096, 'grad_norm': 0.2317133992910385, 'learning_rate': 1.7934606668824865e-05, 'epoch': 0.91}
{'loss': 2.0591, 'grad_norm': 0.23906467854976654, 'learning_rate': 1.786986079637423e-05, 'epoch': 0.91}
{'loss': 1.9876, 'grad_norm': 0.22847852110862732, 'learning_rate': 1.78051149239236e-05, 'epoch': 0.91}
{'loss': 1.872, 'grad_norm': 0.22144220769405365, 'learning_rate': 1.7740369051472968e-05, 'epoch': 0.91}
{'loss': 1.7504, 'grad_norm': 0.2637491822242737, 'learning_rate': 1.7675623179022338e-05, 'epoch': 0.91}
{'loss': 1.9761, 'grad_norm': 0.21162928640842438, 'learning_rate': 1.7610877306571708e-05, 'epoch': 0.91}
{'loss': 2.0391, 'grad_norm': 0.2123558223247528, 'learning_rate': 1.7546131434121078e-05, 'epoch': 0.91}
{'loss': 2.1783, 'grad_norm': 0.2413618415594101, 'learning_rate': 1.7481385561670445e-05, 'epoch': 0.91}
{'loss': 1.7803, 'grad_norm': 0.2052331417798996, 'learning_rate': 1.741663968921981e-05, 'epoch': 0.91}
{'loss': 1.8102, 'grad_norm': 0.23745760321617126, 'learning_rate': 1.735189381676918e-05, 'epoch': 0.91}
{'loss': 2.0194, 'grad_norm': 0.2237023115158081, 'learning_rate': 1.728714794431855e-05, 'epoch': 0.91}
{'loss': 1.9221, 'grad_norm': 0.2540959119796753, 'learning_rate': 1.7222402071867918e-05, 'epoch': 0.91}
{'loss': 2.0448, 'grad_norm': 0.20541667938232422, 'learning_rate': 1.715765619941729e-05, 'epoch': 0.91}
{'loss': 1.8246, 'grad_norm': 0.2449215203523636, 'learning_rate': 1.709291032696666e-05, 'epoch': 0.92}
{'loss': 2.0157, 'grad_norm': 0.21739159524440765, 'learning_rate': 1.7028164454516025e-05, 'epoch': 0.92}
{'loss': 2.2169, 'grad_norm': 0.21670487523078918, 'learning_rate': 1.6963418582065395e-05, 'epoch': 0.92}
{'loss': 1.9653, 'grad_norm': 0.22279715538024902, 'learning_rate': 1.6898672709614762e-05, 'epoch': 0.92}
{'loss': 1.9374, 'grad_norm': 0.2137395441532135, 'learning_rate': 1.6833926837164132e-05, 'epoch': 0.92}
{'loss': 1.9658, 'grad_norm': 0.24019692838191986, 'learning_rate': 1.67691809647135e-05, 'epoch': 0.92}
{'loss': 1.8486, 'grad_norm': 0.2122691422700882, 'learning_rate': 1.670443509226287e-05, 'epoch': 0.92}
{'loss': 1.8445, 'grad_norm': 0.2168760895729065, 'learning_rate': 1.663968921981224e-05, 'epoch': 0.92}
{'loss': 2.0544, 'grad_norm': 0.20725277066230774, 'learning_rate': 1.657494334736161e-05, 'epoch': 0.92}
{'loss': 2.1668, 'grad_norm': 0.23156026005744934, 'learning_rate': 1.6510197474910975e-05, 'epoch': 0.92}
{'loss': 2.0311, 'grad_norm': 0.23630094528198242, 'learning_rate': 1.6445451602460342e-05, 'epoch': 0.92}
{'loss': 1.8787, 'grad_norm': 0.2200799435377121, 'learning_rate': 1.6380705730009712e-05, 'epoch': 0.92}
{'loss': 1.976, 'grad_norm': 0.2120922952890396, 'learning_rate': 1.6315959857559082e-05, 'epoch': 0.92}
{'loss': 2.1283, 'grad_norm': 0.24263088405132294, 'learning_rate': 1.625121398510845e-05, 'epoch': 0.92}
{'loss': 1.9239, 'grad_norm': 0.21980701386928558, 'learning_rate': 1.618646811265782e-05, 'epoch': 0.92}
{'loss': 1.953, 'grad_norm': 0.22309483587741852, 'learning_rate': 1.612172224020719e-05, 'epoch': 0.92}
{'loss': 2.0197, 'grad_norm': 0.22917772829532623, 'learning_rate': 1.6056976367756556e-05, 'epoch': 0.92}
{'loss': 2.0836, 'grad_norm': 0.2257418930530548, 'learning_rate': 1.5992230495305922e-05, 'epoch': 0.92}
{'loss': 2.1246, 'grad_norm': 0.2363765984773636, 'learning_rate': 1.5927484622855292e-05, 'epoch': 0.92}
{'loss': 1.9308, 'grad_norm': 0.22210156917572021, 'learning_rate': 1.5862738750404662e-05, 'epoch': 0.92}
{'loss': 2.2437, 'grad_norm': 0.254101037979126, 'learning_rate': 1.5797992877954032e-05, 'epoch': 0.92}
{'loss': 2.1579, 'grad_norm': 0.23389266431331635, 'learning_rate': 1.57332470055034e-05, 'epoch': 0.92}
{'loss': 2.0041, 'grad_norm': 0.22881045937538147, 'learning_rate': 1.566850113305277e-05, 'epoch': 0.92}
{'loss': 2.0772, 'grad_norm': 0.27072134613990784, 'learning_rate': 1.560375526060214e-05, 'epoch': 0.92}
{'loss': 1.7518, 'grad_norm': 0.19850154221057892, 'learning_rate': 1.5539009388151506e-05, 'epoch': 0.92} 92%|█████████▏| 2855/3094 [2:20:43<11:35,  2.91s/it] 92%|█████████▏| 2856/3094 [2:20:46<11:49,  2.98s/it]                                                      92%|█████████▏| 2856/3094 [2:20:46<11:49,  2.98s/it] 92%|█████████▏| 2857/3094 [2:20:49<12:01,  3.04s/it]                                                      92%|█████████▏| 2857/3094 [2:20:49<12:01,  3.04s/it] 92%|█████████▏| 2858/3094 [2:20:54<13:39,  3.47s/it]                                                      92%|█████████▏| 2858/3094 [2:20:54<13:39,  3.47s/it] 92%|█████████▏| 2859/3094 [2:20:56<12:44,  3.25s/it]                                                      92%|█████████▏| 2859/3094 [2:20:56<12:44,  3.25s/it] 92%|█████████▏| 2860/3094 [2:20:59<11:46,  3.02s/it]                                                      92%|█████████▏| 2860/3094 [2:20:59<11:46,  3.02s/it] 92%|█████████▏| 2861/3094 [2:21:02<11:24,  2.94s/it]                                                      92%|█████████▏| 2861/3094 [2:21:02<11:24,  2.94s/it] 93%|█████████▎| 2862/3094 [2:21:04<11:05,  2.87s/it]                                                      93%|█████████▎| 2862/3094 [2:21:04<11:05,  2.87s/it] 93%|█████████▎| 2863/3094 [2:21:07<10:49,  2.81s/it]                                                      93%|█████████▎| 2863/3094 [2:21:07<10:49,  2.81s/it] 93%|█████████▎| 2864/3094 [2:21:10<10:55,  2.85s/it]                                                      93%|█████████▎| 2864/3094 [2:21:10<10:55,  2.85s/it] 93%|█████████▎| 2865/3094 [2:21:12<10:20,  2.71s/it]                                                      93%|█████████▎| 2865/3094 [2:21:12<10:20,  2.71s/it] 93%|█████████▎| 2866/3094 [2:21:15<10:38,  2.80s/it]                                                      93%|█████████▎| 2866/3094 [2:21:15<10:38,  2.80s/it] 93%|█████████▎| 2867/3094 [2:21:18<10:55,  2.89s/it]                                                      93%|█████████▎| 2867/3094 [2:21:18<10:55,  2.89s/it] 93%|█████████▎| 2868/3094 [2:21:21<10:57,  2.91s/it]                                                      93%|█████████▎| 2868/3094 [2:21:21<10:57,  2.91s/it] 93%|█████████▎| 2869/3094 [2:21:25<11:49,  3.15s/it]                                                      93%|█████████▎| 2869/3094 [2:21:25<11:49,  3.15s/it] 93%|█████████▎| 2870/3094 [2:21:28<12:07,  3.25s/it]                                                      93%|█████████▎| 2870/3094 [2:21:28<12:07,  3.25s/it] 93%|█████████▎| 2871/3094 [2:21:32<11:56,  3.21s/it]                                                      93%|█████████▎| 2871/3094 [2:21:32<11:56,  3.21s/it] 93%|█████████▎| 2872/3094 [2:21:34<11:22,  3.07s/it]                                                      93%|█████████▎| 2872/3094 [2:21:34<11:22,  3.07s/it] 93%|█████████▎| 2873/3094 [2:21:37<11:19,  3.08s/it]                                                      93%|█████████▎| 2873/3094 [2:21:37<11:19,  3.08s/it] 93%|█████████▎| 2874/3094 [2:21:41<11:53,  3.24s/it]                                                      93%|█████████▎| 2874/3094 [2:21:41<11:53,  3.24s/it] 93%|█████████▎| 2875/3094 [2:21:45<12:29,  3.42s/it]                                                      93%|█████████▎| 2875/3094 [2:21:45<12:29,  3.42s/it] 93%|█████████▎| 2876/3094 [2:21:48<11:51,  3.26s/it]                                                      93%|█████████▎| 2876/3094 [2:21:48<11:51,  3.26s/it] 93%|█████████▎| 2877/3094 [2:21:51<11:47,  3.26s/it]                                                      93%|█████████▎| 2877/3094 [2:21:51<11:47,  3.26s/it] 93%|█████████▎| 2878/3094 [2:21:54<11:35,  3.22s/it]                                                      93%|█████████▎| 2878/3094 [2:21:54<11:35,  3.22s/it] 93%|█████████▎| 2879/3094 [2:21:57<11:19,  3.16s/it]                                                      93%|█████████▎| 2879/3094 [2:21:57<11:19,  3.16s/it] 93%|█████████▎| 2880/3094 [2:22:00<10:53,  3.05s/it]                                                      93%|█████████▎| 2880/3094 [2:22:00<10:53,  3.05s/it] 93%|█████████▎| 2881/3094 [2:22:04<11:35,  3.26s/it]                                                      93%|█████████▎| 2881/3094 [2:22:04<11:35,  3.26s/it] 93%|█████████▎| 2882/3094 [2:22:07<11:57,  3.38s/it]                                                      93%|█████████▎| 2882/3094 [2:22:07<11:57,  3.38s/it] 93%|█████████▎| 2883/3094 [2:22:10<11:03,  3.14s/it]                                                      93%|█████████▎| 2883/3094 [2:22:10<11:03,  3.14s/it] 93%|█████████▎| 2884/3094 [2:22:13<10:52,  3.11s/it]                                                      93%|█████████▎| 2884/3094 [2:22:13<10:52,  3.11s/it] 93%|█████████▎| 2885/3094 [2:22:16<10:50,  3.11s/it]                                                      93%|█████████▎| 2885/3094 [2:22:16<10:50,  3.11s/it] 93%|█████████▎| 2886/3094 [2:22:19<10:55,  3.15s/it]                                                      93%|█████████▎| 2886/3094 [2:22:19<10:55,  3.15s/it] 93%|█████████▎| 2887/3094 [2:22:22<10:25,  3.02s/it]                                                      93%|█████████▎| 2887/3094 [2:22:22<10:25,  3.02s/it] 93%|█████████▎| 2888/3094 [2:22:25<10:27,  3.04s/it]                                                      93%|█████████▎| 2888/3094 [2:22:25<10:27,  3.04s/it] 93%|█████████▎| 2889/3094 [2:22:28<10:27,  3.06s/it]                                                      93%|█████████▎| 2889/3094 [2:22:28<10:27,  3.06s/it] 93%|█████████▎| 2890/3094 [2:22:31<09:47,  2.88s/it]                                                      93%|█████████▎| 2890/3094 [2:22:31<09:47,  2.88s/it] 93%|█████████▎| 2891/3094 [2:22:34<10:23,  3.07s/it]                                                      93%|█████████▎| 2891/3094 [2:22:34<10:23,  3.07s/it] 93%|█████████▎| 2892/3094 [2:22:37<09:51,  2.93s/it]                                                      93%|█████████▎| 2892/3094 [2:22:37<09:51,  2.93s/it] 94%|█████████▎| 2893/3094 [2:22:40<09:32,  2.85s/it]                                                      94%|█████████▎| 2893/3094 [2:22:40<09:32,  2.85s/it] 94%|█████████▎| 2894/3094 [2:22:43<09:55,  2.98s/it]                                                      94%|█████████▎| 2894/3094 [2:22:43<09:55,  2.98s/it] 94%|█████████▎| 2895/3094 [2:22:46<09:43,  2.93s/it]                                                      94%|█████████▎| 2895/3094 [2:22:46<09:43,  2.93s/it] 94%|█████████▎| 2896/3094 [2:22:48<09:28,  2.87s/it]                                                      94%|█████████▎| 2896/3094 [2:22:48<09:28,  2.87s/it] 94%|█████████▎| 2897/3094 [2:22:51<09:37,  2.93s/it]                                                      94%|█████████▎| 2897/3094 [2:22:51<09:37,  2.93s/it] 94%|█████████▎| 2898/3094 [2:22:55<09:45,  2.99s/it]                                                      94%|█████████▎| 2898/3094 [2:22:55<09:45,  2.99s/it] 94%|█████████▎| 2899/3094 [2:22:58<09:49,  3.02s/it]                                                      94%|█████████▎| 2899/3094 [2:22:58<09:49,  3.02s/it] 94%|█████████▎| 2900/3094 [2:23:00<09:28,  2.93s/it]                                                      94%|█████████▎| 2900/3094 [2:23:00<09:28,  2.93s/it] 94%|█████████▍| 2901/3094 [2:23:04<09:39,  3.00s/it]                                                      94%|█████████▍| 2901/3094 [2:23:04<09:39,  3.00s/it] 94%|█████████▍| 2902/3094 [2:23:06<09:31,  2.98s/it]                                                      94%|█████████▍| 2902/3094 [2:23:06<09:31,  2.98s/it] 94%|█████████▍| 2903/3094 [2:23:09<09:15,  2.91s/it]                                                      94%|█████████▍| 2903/3094 [2:23:09<09:15,  2.91s/it] 94%|█████████▍| 2904/3094 [2:23:12<08:50,  2.79s/it]                                                      94%|█████████▍| 2904/3094 [2:23:12<08:50,  2.79s/it] 94%|█████████▍| 2905/3094 [2:23:15<08:46,  2.78s/it]                                                      94%|█████████▍| 2905/3094 [2:23:15<08:46,  2.78s/it] 94%|█████████▍| 2906/3094 [2:23:18<09:07,  2.91s/it]                                                      94%|█████████▍| 2906/3094 [2:23:18<09:07,  2.91s/it] 94%|█████████▍| 2907/3094 [2:23:20<08:46,  2.82s/it]                                                      94%|█████████▍| 2907/3094 [2:23:20<08:46,  2.82s/it] 94%|█████████▍| 2908/3094 [2:23:23<08:55,  2.88s/it]                                                      94%|█████████▍| 2908/3094 [2:23:23<08:55,  2.88s/it] 94%|█████████▍| 2909/3094 [2:23:26<08:54,  2.89s/it]                                                      94%|█████████▍| 2909/3094 [2:23:26<08:54,  2.89s/it] 94%|█████████▍| 2910/3094 [2:23:30<09:11,  3.00s/it]                                                      94%|█████████▍| 2910/3094 [2:23:30<09:11,  3.00s/it] 94%|█████████▍| 2911/3094 [2:23:32<08:51,  2.90s/it]                                                      94%|█████████▍| 2911/3094 [2:23:32<08:51,  2.90s/it] 94%|█████████▍| 2912/3094 [2:23:36<09:10,  3.03s/it]                                                      94%|█████████▍| 2912/3094 [2:23:36<09:10,  3.03s/it] 94%|█████████▍| 2913/3094 [2:23:38<08:38,  2.87s/it]                                                      94%|█████████▍| 2913/3094 [2:23:38<08:38,  2.87s/it] 94%|█████████▍| 2914/3094 [2:23:41<09:05,  3.03s/it]                                                      94%|█████████▍| 2914/3094 [2:23:41<09:05,  3.03s/it] 94%|█████████▍| 2915/3094 [2:23:44<08:31,  2.86s/it]                                                      94%|█████████▍| 2915/3094 [2:23:44<08:31,  2.86s/it] 94%|█████████▍| 2916/3094 [2:23:46<08:15,  2.79s/it]                                                      94%|█████████▍| 2916/3094 [2:23:46<08:15,  2.79s/it] 94%|█████████▍| 2917/3094 [2:23:50<08:34,  2.90s/it]                                                      94%|█████████▍| 2917/3094 [2:23:50<08:34,  2.90s/it] 94%|█████████▍| 2918/3094 [2:23:53<08:42,  2.97s/it]                                                      94%|█████████▍| 2918/3094 [2:23:53<08:42,  2.97s/it] 94%|█████████▍| 2919/3094 [2:23:55<08:11,  2.81s/it]                                                      94%|█████████▍| 2919/3094 [2:23:55<08:11,  2.81s/it] 94%|█████████▍| 2920/3094 [2:23:58<08:19,  2.87s/it]                                                      94%|█████████▍| 2920/3094 [2:23:58<08:19,  2.87s/it] 94%|█████████▍| 2921/3094 [2:24:01<08:27,  2.94s/it]                                                      94%|█████████▍| 2921/3094 [2:24:01<08:27,  2.94s/it] 94%|█████████▍| 2922/3094 [2:24:04<08:04,  2.81s/it]                                                      94%|█████████▍| 2922/3094 [2:24:04<08:04,  2.81s/it] 94%|█████████▍| 2923/3094 [2:24:06<07:43,  2.71s/it]                                                      94%|█████████▍| 2923/3094 [2:24:06<07:43,  2.71s/it] 95%|█████████▍| 2924/3094 [2:24:09<07:44,  2.73s/it]                                                      95%|█████████▍| 2924/3094 [2:24:09<07:44,  2.73s/it] 95%|█████████▍| 2925/3094 [2:24:12<07:25,  2.64s/it]                                                      95%|█████████▍| 2925/3094 [2:24:12<07:25,  2.64s/it] 95%|█████████▍| 2926/3094 [2:24:14<07:32,  2.69s/it]                                                      95%|█████████▍| 2926/3094 [2:24:14<07:32,  2.69s/it] 95%|█████████▍| 2927/3094 [2:24:17<07:20,  2.64s/it]                                                      95%|█████████▍| 2927/3094 [2:24:17<07:20,  2.64s/it] 95%|█████████▍| 2928/3094 [2:24:20<07:33,  2.73s/it]                                                      95%|█████████▍| 2928/3094 [2:24:20<07:33,  2.73s/it] 95%|█████████▍| 2929/3094 [2:24:23<07:47,  2.84s/it]                                                      95%|█████████▍| 2929/3094 [2:24:23<07:47,  2.84s/it] 95%|█████████▍| 2930/3094 [2:24:26<07:40,  2.81s/it]                                                      95%|█████████▍| 2930/3094 [2:24:26<07:40,  2.81s/it] 95%|█████████▍| 2931/3094 [2:24:28<07:26,  2.74s/it]                                                      95%|█████████▍| 2931/3094 [2:24:28<07:26,  2.74s/it] 95%|█████████▍| 2932/3094 [2:24:31<07:30,  2.78s/it]                                                     
{'loss': 2.1017, 'grad_norm': 0.2133329212665558, 'learning_rate': 1.5474263515700872e-05, 'epoch': 0.92}
{'loss': 1.9154, 'grad_norm': 0.2111494094133377, 'learning_rate': 1.5409517643250243e-05, 'epoch': 0.92}
{'loss': 1.7085, 'grad_norm': 0.19130659103393555, 'learning_rate': 1.5344771770799613e-05, 'epoch': 0.92}
{'loss': 1.9024, 'grad_norm': 0.23184560239315033, 'learning_rate': 1.5280025898348983e-05, 'epoch': 0.92}
{'loss': 1.9508, 'grad_norm': 0.23047207295894623, 'learning_rate': 1.521528002589835e-05, 'epoch': 0.92}
{'loss': 2.0473, 'grad_norm': 0.23535288870334625, 'learning_rate': 1.5150534153447718e-05, 'epoch': 0.92}
{'loss': 1.9203, 'grad_norm': 0.2209174484014511, 'learning_rate': 1.5085788280997088e-05, 'epoch': 0.93}
{'loss': 1.8629, 'grad_norm': 0.23771090805530548, 'learning_rate': 1.5021042408546456e-05, 'epoch': 0.93}
{'loss': 2.081, 'grad_norm': 0.22737275063991547, 'learning_rate': 1.4956296536095823e-05, 'epoch': 0.93}
{'loss': 1.9625, 'grad_norm': 0.24723778665065765, 'learning_rate': 1.4891550663645193e-05, 'epoch': 0.93}
{'loss': 1.9654, 'grad_norm': 0.2198099046945572, 'learning_rate': 1.4826804791194563e-05, 'epoch': 0.93}
{'loss': 2.0468, 'grad_norm': 0.2077503204345703, 'learning_rate': 1.4762058918743931e-05, 'epoch': 0.93}
{'loss': 1.8746, 'grad_norm': 0.22440588474273682, 'learning_rate': 1.4697313046293298e-05, 'epoch': 0.93}
{'loss': 1.9239, 'grad_norm': 0.21211762726306915, 'learning_rate': 1.4632567173842668e-05, 'epoch': 0.93}
{'loss': 1.8813, 'grad_norm': 0.20312610268592834, 'learning_rate': 1.4567821301392038e-05, 'epoch': 0.93}
{'loss': 1.9908, 'grad_norm': 0.2255696803331375, 'learning_rate': 1.4503075428941406e-05, 'epoch': 0.93}
{'loss': 1.8866, 'grad_norm': 0.21161937713623047, 'learning_rate': 1.4438329556490773e-05, 'epoch': 0.93}
{'loss': 1.8658, 'grad_norm': 0.21062010526657104, 'learning_rate': 1.4373583684040143e-05, 'epoch': 0.93}
{'loss': 1.9021, 'grad_norm': 0.20010019838809967, 'learning_rate': 1.4308837811589511e-05, 'epoch': 0.93}
{'loss': 1.8408, 'grad_norm': 0.18736910820007324, 'learning_rate': 1.4244091939138881e-05, 'epoch': 0.93}
{'loss': 2.1004, 'grad_norm': 0.24103771150112152, 'learning_rate': 1.4179346066688248e-05, 'epoch': 0.93}
{'loss': 2.0633, 'grad_norm': 0.22158430516719818, 'learning_rate': 1.4114600194237618e-05, 'epoch': 0.93}
{'loss': 1.8686, 'grad_norm': 0.22237733006477356, 'learning_rate': 1.4049854321786987e-05, 'epoch': 0.93}
{'loss': 2.1405, 'grad_norm': 0.2206629365682602, 'learning_rate': 1.3985108449336357e-05, 'epoch': 0.93}
{'loss': 1.8635, 'grad_norm': 0.21016941964626312, 'learning_rate': 1.3920362576885723e-05, 'epoch': 0.93}
{'loss': 1.8677, 'grad_norm': 0.20307357609272003, 'learning_rate': 1.3855616704435093e-05, 'epoch': 0.93}
{'loss': 2.0769, 'grad_norm': 0.21689540147781372, 'learning_rate': 1.3790870831984462e-05, 'epoch': 0.93}
{'loss': 2.3252, 'grad_norm': 0.2384171336889267, 'learning_rate': 1.3726124959533832e-05, 'epoch': 0.93}
{'loss': 1.9604, 'grad_norm': 0.20515047013759613, 'learning_rate': 1.3661379087083198e-05, 'epoch': 0.93}
{'loss': 1.7934, 'grad_norm': 0.1983998417854309, 'learning_rate': 1.3596633214632567e-05, 'epoch': 0.93}
{'loss': 1.7216, 'grad_norm': 0.2221556305885315, 'learning_rate': 1.3531887342181937e-05, 'epoch': 0.93}
{'loss': 1.9402, 'grad_norm': 0.21835507452487946, 'learning_rate': 1.3467141469731307e-05, 'epoch': 0.93}
{'loss': 1.8787, 'grad_norm': 0.22455357015132904, 'learning_rate': 1.3402395597280673e-05, 'epoch': 0.93}
{'loss': 2.0749, 'grad_norm': 0.21341215074062347, 'learning_rate': 1.3337649724830042e-05, 'epoch': 0.93}
{'loss': 2.1739, 'grad_norm': 0.24085572361946106, 'learning_rate': 1.3272903852379412e-05, 'epoch': 0.93}
{'loss': 1.801, 'grad_norm': 0.21574576199054718, 'learning_rate': 1.3208157979928782e-05, 'epoch': 0.93}
{'loss': 1.7324, 'grad_norm': 0.2582620680332184, 'learning_rate': 1.3143412107478149e-05, 'epoch': 0.93}
{'loss': 2.1654, 'grad_norm': 0.24203163385391235, 'learning_rate': 1.3078666235027517e-05, 'epoch': 0.94}
{'loss': 2.0701, 'grad_norm': 0.1994773894548416, 'learning_rate': 1.3013920362576887e-05, 'epoch': 0.94}
{'loss': 1.9641, 'grad_norm': 0.22720961272716522, 'learning_rate': 1.2949174490126257e-05, 'epoch': 0.94}
{'loss': 1.9812, 'grad_norm': 0.24566784501075745, 'learning_rate': 1.2884428617675624e-05, 'epoch': 0.94}
{'loss': 2.0056, 'grad_norm': 0.23332712054252625, 'learning_rate': 1.2819682745224992e-05, 'epoch': 0.94}
{'loss': 1.9773, 'grad_norm': 0.21641023457050323, 'learning_rate': 1.2754936872774362e-05, 'epoch': 0.94}
{'loss': 2.0556, 'grad_norm': 0.2218766063451767, 'learning_rate': 1.269019100032373e-05, 'epoch': 0.94}
{'loss': 1.9306, 'grad_norm': 0.22993090748786926, 'learning_rate': 1.2625445127873097e-05, 'epoch': 0.94}
{'loss': 1.8746, 'grad_norm': 0.2072911262512207, 'learning_rate': 1.2560699255422467e-05, 'epoch': 0.94}
{'loss': 2.0062, 'grad_norm': 0.22384506464004517, 'learning_rate': 1.2495953382971837e-05, 'epoch': 0.94}
{'loss': 2.079, 'grad_norm': 0.2317693680524826, 'learning_rate': 1.2431207510521204e-05, 'epoch': 0.94}
{'loss': 2.2198, 'grad_norm': 0.27793556451797485, 'learning_rate': 1.2366461638070574e-05, 'epoch': 0.94}
{'loss': 2.0433, 'grad_norm': 0.23021861910820007, 'learning_rate': 1.2301715765619942e-05, 'epoch': 0.94}
{'loss': 1.8086, 'grad_norm': 0.2009851038455963, 'learning_rate': 1.2236969893169312e-05, 'epoch': 0.94}
{'loss': 1.9029, 'grad_norm': 0.25095975399017334, 'learning_rate': 1.2172224020718679e-05, 'epoch': 0.94}
{'loss': 1.961, 'grad_norm': 0.21649356186389923, 'learning_rate': 1.2107478148268049e-05, 'epoch': 0.94}
{'loss': 1.9438, 'grad_norm': 0.22489804029464722, 'learning_rate': 1.2042732275817417e-05, 'epoch': 0.94}
{'loss': 2.0076, 'grad_norm': 0.20259986817836761, 'learning_rate': 1.1977986403366786e-05, 'epoch': 0.94}
{'loss': 1.8768, 'grad_norm': 0.23693439364433289, 'learning_rate': 1.1913240530916154e-05, 'epoch': 0.94}
{'loss': 1.7802, 'grad_norm': 0.2045944631099701, 'learning_rate': 1.1848494658465524e-05, 'epoch': 0.94}
{'loss': 1.9094, 'grad_norm': 0.23236779868602753, 'learning_rate': 1.1783748786014893e-05, 'epoch': 0.94}
{'loss': 1.7523, 'grad_norm': 0.20401987433433533, 'learning_rate': 1.1719002913564261e-05, 'epoch': 0.94}
{'loss': 2.1082, 'grad_norm': 0.2413104623556137, 'learning_rate': 1.165425704111363e-05, 'epoch': 0.94}
{'loss': 2.3134, 'grad_norm': 0.23632048070430756, 'learning_rate': 1.1589511168663e-05, 'epoch': 0.94}
{'loss': 2.0281, 'grad_norm': 0.21961843967437744, 'learning_rate': 1.1524765296212368e-05, 'epoch': 0.94}
{'loss': 1.8874, 'grad_norm': 0.21177245676517487, 'learning_rate': 1.1460019423761736e-05, 'epoch': 0.94}
{'loss': 2.008, 'grad_norm': 0.2558232545852661, 'learning_rate': 1.1395273551311104e-05, 'epoch': 0.94}
{'loss': 2.1318, 'grad_norm': 0.22949285805225372, 'learning_rate': 1.1330527678860473e-05, 'epoch': 0.94}
{'loss': 1.7807, 'grad_norm': 0.22551791369915009, 'learning_rate': 1.1265781806409841e-05, 'epoch': 0.94}
{'loss': 1.8812, 'grad_norm': 0.24499507248401642, 'learning_rate': 1.120103593395921e-05, 'epoch': 0.94}
{'loss': 1.7445, 'grad_norm': 0.23839713633060455, 'learning_rate': 1.113629006150858e-05, 'epoch': 0.94}
{'loss': 1.7476, 'grad_norm': 0.2362281084060669, 'learning_rate': 1.1071544189057948e-05, 'epoch': 0.95}
{'loss': 1.8274, 'grad_norm': 0.23692677915096283, 'learning_rate': 1.1006798316607316e-05, 'epoch': 0.95}
{'loss': 1.994, 'grad_norm': 0.22170479595661163, 'learning_rate': 1.0942052444156685e-05, 'epoch': 0.95}
{'loss': 2.1348, 'grad_norm': 0.2709554135799408, 'learning_rate': 1.0877306571706055e-05, 'epoch': 0.95}
{'loss': 1.9457, 'grad_norm': 0.21912696957588196, 'learning_rate': 1.0812560699255423e-05, 'epoch': 0.95}
{'loss': 1.8984, 'grad_norm': 0.2407112717628479, 'learning_rate': 1.0747814826804791e-05, 'epoch': 0.95}
{'loss': 2.0736, 'grad_norm': 0.23779474198818207, 'learning_rate': 1.068306895435416e-05, 'epoch': 0.95}
{'loss': 2.0216, 'grad_norm': 0.21724891662597656, 'learning_rate': 1.061832308190353e-05, 'epoch': 0.95}
{'loss': 1.8621, 'grad_norm': 0.21875636279582977, 'learning_rate': 1.0553577209452897e-05, 'epoch': 0.95} 95%|█████████▍| 2932/3094 [2:24:31<07:30,  2.78s/it] 95%|█████████▍| 2933/3094 [2:24:34<07:55,  2.95s/it]                                                      95%|█████████▍| 2933/3094 [2:24:34<07:55,  2.95s/it] 95%|█████████▍| 2934/3094 [2:24:37<07:35,  2.85s/it]                                                      95%|█████████▍| 2934/3094 [2:24:37<07:35,  2.85s/it] 95%|█████████▍| 2935/3094 [2:24:40<07:37,  2.88s/it]                                                      95%|█████████▍| 2935/3094 [2:24:40<07:37,  2.88s/it] 95%|█████████▍| 2936/3094 [2:24:42<07:14,  2.75s/it]                                                      95%|█████████▍| 2936/3094 [2:24:42<07:14,  2.75s/it] 95%|█████████▍| 2937/3094 [2:24:45<07:03,  2.70s/it]                                                      95%|█████████▍| 2937/3094 [2:24:45<07:03,  2.70s/it] 95%|█████████▍| 2938/3094 [2:24:48<07:01,  2.70s/it]                                                      95%|█████████▍| 2938/3094 [2:24:48<07:01,  2.70s/it] 95%|█████████▍| 2939/3094 [2:24:51<07:11,  2.78s/it]                                                      95%|█████████▍| 2939/3094 [2:24:51<07:11,  2.78s/it] 95%|█████████▌| 2940/3094 [2:24:54<07:15,  2.82s/it]                                                      95%|█████████▌| 2940/3094 [2:24:54<07:15,  2.82s/it] 95%|█████████▌| 2941/3094 [2:24:56<07:02,  2.76s/it]                                                      95%|█████████▌| 2941/3094 [2:24:56<07:02,  2.76s/it] 95%|█████████▌| 2942/3094 [2:24:59<07:08,  2.82s/it]                                                      95%|█████████▌| 2942/3094 [2:24:59<07:08,  2.82s/it] 95%|█████████▌| 2943/3094 [2:25:02<07:05,  2.82s/it]                                                      95%|█████████▌| 2943/3094 [2:25:02<07:05,  2.82s/it] 95%|█████████▌| 2944/3094 [2:25:04<06:47,  2.72s/it]                                                      95%|█████████▌| 2944/3094 [2:25:04<06:47,  2.72s/it] 95%|█████████▌| 2945/3094 [2:25:07<06:50,  2.75s/it]                                                      95%|█████████▌| 2945/3094 [2:25:07<06:50,  2.75s/it] 95%|█████████▌| 2946/3094 [2:25:11<07:17,  2.95s/it]                                                      95%|█████████▌| 2946/3094 [2:25:11<07:17,  2.95s/it] 95%|█████████▌| 2947/3094 [2:25:13<06:56,  2.83s/it]                                                      95%|█████████▌| 2947/3094 [2:25:13<06:56,  2.83s/it] 95%|█████████▌| 2948/3094 [2:25:16<06:31,  2.68s/it]                                                      95%|█████████▌| 2948/3094 [2:25:16<06:31,  2.68s/it] 95%|█████████▌| 2949/3094 [2:25:18<06:10,  2.55s/it]                                                      95%|█████████▌| 2949/3094 [2:25:18<06:10,  2.55s/it] 95%|█████████▌| 2950/3094 [2:25:20<06:09,  2.57s/it]                                                      95%|█████████▌| 2950/3094 [2:25:20<06:09,  2.57s/it] 95%|█████████▌| 2951/3094 [2:25:23<06:11,  2.60s/it]                                                      95%|█████████▌| 2951/3094 [2:25:23<06:11,  2.60s/it] 95%|█████████▌| 2952/3094 [2:25:26<06:20,  2.68s/it]                                                      95%|█████████▌| 2952/3094 [2:25:26<06:20,  2.68s/it] 95%|█████████▌| 2953/3094 [2:25:29<06:28,  2.76s/it]                                                      95%|█████████▌| 2953/3094 [2:25:29<06:28,  2.76s/it] 95%|█████████▌| 2954/3094 [2:25:32<06:37,  2.84s/it]                                                      95%|█████████▌| 2954/3094 [2:25:32<06:37,  2.84s/it] 96%|█████████▌| 2955/3094 [2:25:35<06:39,  2.87s/it]                                                      96%|█████████▌| 2955/3094 [2:25:35<06:39,  2.87s/it] 96%|█████████▌| 2956/3094 [2:25:38<06:29,  2.82s/it]                                                      96%|█████████▌| 2956/3094 [2:25:38<06:29,  2.82s/it] 96%|█████████▌| 2957/3094 [2:25:40<06:24,  2.81s/it]                                                      96%|█████████▌| 2957/3094 [2:25:40<06:24,  2.81s/it] 96%|█████████▌| 2958/3094 [2:25:44<06:39,  2.94s/it]                                                      96%|█████████▌| 2958/3094 [2:25:44<06:39,  2.94s/it] 96%|█████████▌| 2959/3094 [2:25:47<06:51,  3.05s/it]                                                      96%|█████████▌| 2959/3094 [2:25:47<06:51,  3.05s/it] 96%|█████████▌| 2960/3094 [2:25:50<07:00,  3.14s/it]                                                      96%|█████████▌| 2960/3094 [2:25:50<07:00,  3.14s/it] 96%|█████████▌| 2961/3094 [2:25:53<06:40,  3.01s/it]                                                      96%|█████████▌| 2961/3094 [2:25:53<06:40,  3.01s/it] 96%|█████████▌| 2962/3094 [2:25:56<06:23,  2.91s/it]                                                      96%|█████████▌| 2962/3094 [2:25:56<06:23,  2.91s/it] 96%|█████████▌| 2963/3094 [2:25:59<06:21,  2.91s/it]                                                      96%|█████████▌| 2963/3094 [2:25:59<06:21,  2.91s/it] 96%|█████████▌| 2964/3094 [2:26:02<06:25,  2.97s/it]                                                      96%|█████████▌| 2964/3094 [2:26:02<06:25,  2.97s/it] 96%|█████████▌| 2965/3094 [2:26:05<06:18,  2.94s/it]                                                      96%|█████████▌| 2965/3094 [2:26:05<06:18,  2.94s/it] 96%|█████████▌| 2966/3094 [2:26:08<06:35,  3.09s/it]                                                      96%|█████████▌| 2966/3094 [2:26:08<06:35,  3.09s/it] 96%|█████████▌| 2967/3094 [2:26:11<06:30,  3.07s/it]                                                      96%|█████████▌| 2967/3094 [2:26:11<06:30,  3.07s/it] 96%|█████████▌| 2968/3094 [2:26:14<06:14,  2.98s/it]                                                      96%|█████████▌| 2968/3094 [2:26:14<06:14,  2.98s/it] 96%|█████████▌| 2969/3094 [2:26:17<06:11,  2.97s/it]                                                      96%|█████████▌| 2969/3094 [2:26:17<06:11,  2.97s/it] 96%|█████████▌| 2970/3094 [2:26:20<06:03,  2.93s/it]                                                      96%|█████████▌| 2970/3094 [2:26:20<06:03,  2.93s/it] 96%|█████████▌| 2971/3094 [2:26:22<05:58,  2.92s/it]                                                      96%|█████████▌| 2971/3094 [2:26:22<05:58,  2.92s/it] 96%|█████████▌| 2972/3094 [2:26:26<06:02,  2.97s/it]                                                      96%|█████████▌| 2972/3094 [2:26:26<06:02,  2.97s/it] 96%|█████████▌| 2973/3094 [2:26:29<06:01,  2.99s/it]                                                      96%|█████████▌| 2973/3094 [2:26:29<06:01,  2.99s/it] 96%|█████████▌| 2974/3094 [2:26:32<05:55,  2.96s/it]                                                      96%|█████████▌| 2974/3094 [2:26:32<05:55,  2.96s/it] 96%|█████████▌| 2975/3094 [2:26:34<05:37,  2.83s/it]                                                      96%|█████████▌| 2975/3094 [2:26:34<05:37,  2.83s/it] 96%|█████████▌| 2976/3094 [2:26:37<05:31,  2.81s/it]                                                      96%|█████████▌| 2976/3094 [2:26:37<05:31,  2.81s/it] 96%|█████████▌| 2977/3094 [2:26:40<05:37,  2.89s/it]                                                      96%|█████████▌| 2977/3094 [2:26:40<05:37,  2.89s/it] 96%|█████████▋| 2978/3094 [2:26:43<05:31,  2.85s/it]                                                      96%|█████████▋| 2978/3094 [2:26:43<05:31,  2.85s/it] 96%|█████████▋| 2979/3094 [2:26:46<05:32,  2.89s/it]                                                      96%|█████████▋| 2979/3094 [2:26:46<05:32,  2.89s/it] 96%|█████████▋| 2980/3094 [2:26:48<05:24,  2.85s/it]                                                      96%|█████████▋| 2980/3094 [2:26:48<05:24,  2.85s/it] 96%|█████████▋| 2981/3094 [2:26:51<05:15,  2.79s/it]                                                      96%|█████████▋| 2981/3094 [2:26:51<05:15,  2.79s/it] 96%|█████████▋| 2982/3094 [2:26:54<05:12,  2.79s/it]                                                      96%|█████████▋| 2982/3094 [2:26:54<05:12,  2.79s/it] 96%|█████████▋| 2983/3094 [2:26:57<05:24,  2.92s/it]                                                      96%|█████████▋| 2983/3094 [2:26:57<05:24,  2.92s/it] 96%|█████████▋| 2984/3094 [2:27:00<05:11,  2.83s/it]                                                      96%|█████████▋| 2984/3094 [2:27:00<05:11,  2.83s/it] 96%|█████████▋| 2985/3094 [2:27:02<05:08,  2.83s/it]                                                      96%|█████████▋| 2985/3094 [2:27:02<05:08,  2.83s/it] 97%|█████████▋| 2986/3094 [2:27:05<05:08,  2.85s/it]                                                      97%|█████████▋| 2986/3094 [2:27:05<05:08,  2.85s/it] 97%|█████████▋| 2987/3094 [2:27:09<05:27,  3.06s/it]                                                      97%|█████████▋| 2987/3094 [2:27:09<05:27,  3.06s/it] 97%|█████████▋| 2988/3094 [2:27:12<05:23,  3.06s/it]                                                      97%|█████████▋| 2988/3094 [2:27:12<05:23,  3.06s/it] 97%|█████████▋| 2989/3094 [2:27:15<05:24,  3.09s/it]                                                      97%|█████████▋| 2989/3094 [2:27:15<05:24,  3.09s/it] 97%|█████████▋| 2990/3094 [2:27:18<05:28,  3.16s/it]                                                      97%|█████████▋| 2990/3094 [2:27:18<05:28,  3.16s/it] 97%|█████████▋| 2991/3094 [2:27:22<05:28,  3.19s/it]                                                      97%|█████████▋| 2991/3094 [2:27:22<05:28,  3.19s/it] 97%|█████████▋| 2992/3094 [2:27:26<05:43,  3.37s/it]                                                      97%|█████████▋| 2992/3094 [2:27:26<05:43,  3.37s/it] 97%|█████████▋| 2993/3094 [2:27:28<05:24,  3.21s/it]                                                      97%|█████████▋| 2993/3094 [2:27:28<05:24,  3.21s/it] 97%|█████████▋| 2994/3094 [2:27:31<05:17,  3.18s/it]                                                      97%|█████████▋| 2994/3094 [2:27:31<05:17,  3.18s/it] 97%|█████████▋| 2995/3094 [2:27:34<05:04,  3.08s/it]                                                      97%|█████████▋| 2995/3094 [2:27:34<05:04,  3.08s/it] 97%|█████████▋| 2996/3094 [2:27:37<04:57,  3.03s/it]                                                      97%|█████████▋| 2996/3094 [2:27:37<04:57,  3.03s/it] 97%|█████████▋| 2997/3094 [2:27:40<04:59,  3.08s/it]                                                      97%|█████████▋| 2997/3094 [2:27:40<04:59,  3.08s/it] 97%|█████████▋| 2998/3094 [2:27:43<04:47,  3.00s/it]                                                      97%|█████████▋| 2998/3094 [2:27:43<04:47,  3.00s/it] 97%|█████████▋| 2999/3094 [2:27:46<04:36,  2.91s/it]                                                      97%|█████████▋| 2999/3094 [2:27:46<04:36,  2.91s/it] 97%|█████████▋| 3000/3094 [2:27:48<04:18,  2.75s/it]                                                      97%|█████████▋| 3000/3094 [2:27:48<04:18,  2.75s/it] 97%|█████████▋| 3001/3094 [2:27:51<04:18,  2.78s/it]                                                      97%|█████████▋| 3001/3094 [2:27:51<04:18,  2.78s/it] 97%|█████████▋| 3002/3094 [2:27:54<04:27,  2.91s/it]                                                      97%|█████████▋| 3002/3094 [2:27:54<04:27,  2.91s/it] 97%|█████████▋| 3003/3094 [2:27:57<04:29,  2.96s/it]                                                      97%|█████████▋| 3003/3094 [2:27:57<04:29,  2.96s/it] 97%|█████████▋| 3004/3094 [2:28:00<04:11,  2.79s/it]                                                      97%|█████████▋| 3004/3094 [2:28:00<04:11,  2.79s/it] 97%|█████████▋| 3005/3094 [2:28:04<04:41,  3.16s/it]                                                      97%|█████████▋| 3005/3094 [2:28:04<04:41,  3.16s/it] 97%|█████████▋| 3006/3094 [2:28:07<04:33,  3.11s/it]                                                      97%|█████████▋| 3006/3094 [2:28:07<04:33,  3.11s/it] 97%|█████████▋| 3007/3094 [2:28:10<04:22,  3.02s/it]                                                      97%|█████████▋| 3007/3094 [2:28:10<04:22,  3.02s/it] 97%|█████████▋| 3008/3094 [2:28:13<04:17,  2.99s/it]                                                      97%|█████████▋| 3008/3094 [2:28:13<04:17,  2.99s/it] 97%|█████████▋| 3009/3094 [2:28:16<04:22,  3.09s/it]                                                     
{'loss': 2.1207, 'grad_norm': 0.22658930718898773, 'learning_rate': 1.0488831337002267e-05, 'epoch': 0.95}
{'loss': 1.9481, 'grad_norm': 0.23869964480400085, 'learning_rate': 1.0424085464551635e-05, 'epoch': 0.95}
{'loss': 1.8597, 'grad_norm': 0.2378300279378891, 'learning_rate': 1.0359339592101005e-05, 'epoch': 0.95}
{'loss': 2.0651, 'grad_norm': 0.24699237942695618, 'learning_rate': 1.0294593719650372e-05, 'epoch': 0.95}
{'loss': 1.8537, 'grad_norm': 0.23657768964767456, 'learning_rate': 1.0229847847199742e-05, 'epoch': 0.95}
{'loss': 1.9708, 'grad_norm': 0.3534652292728424, 'learning_rate': 1.016510197474911e-05, 'epoch': 0.95}
{'loss': 1.9226, 'grad_norm': 0.2179490178823471, 'learning_rate': 1.0100356102298478e-05, 'epoch': 0.95}
{'loss': 1.8856, 'grad_norm': 0.2276584804058075, 'learning_rate': 1.0035610229847847e-05, 'epoch': 0.95}
{'loss': 2.2227, 'grad_norm': 0.24667683243751526, 'learning_rate': 9.970864357397217e-06, 'epoch': 0.95}
{'loss': 2.0213, 'grad_norm': 0.2286137342453003, 'learning_rate': 9.906118484946585e-06, 'epoch': 0.95}
{'loss': 2.089, 'grad_norm': 0.24592822790145874, 'learning_rate': 9.841372612495954e-06, 'epoch': 0.95}
{'loss': 2.0536, 'grad_norm': 0.2295873463153839, 'learning_rate': 9.776626740045322e-06, 'epoch': 0.95}
{'loss': 2.0256, 'grad_norm': 0.23604847490787506, 'learning_rate': 9.711880867594692e-06, 'epoch': 0.95}
{'loss': 1.8313, 'grad_norm': 0.1995709389448166, 'learning_rate': 9.64713499514406e-06, 'epoch': 0.95}
{'loss': 1.8906, 'grad_norm': 0.22006608545780182, 'learning_rate': 9.582389122693429e-06, 'epoch': 0.95}
{'loss': 2.0625, 'grad_norm': 0.24178332090377808, 'learning_rate': 9.517643250242797e-06, 'epoch': 0.95}
{'loss': 1.9729, 'grad_norm': 0.2555970251560211, 'learning_rate': 9.452897377792167e-06, 'epoch': 0.95}
{'loss': 2.0896, 'grad_norm': 0.25560516119003296, 'learning_rate': 9.388151505341534e-06, 'epoch': 0.95}
{'loss': 1.8034, 'grad_norm': 0.25310075283050537, 'learning_rate': 9.323405632890904e-06, 'epoch': 0.95}
{'loss': 1.9428, 'grad_norm': 0.22736389935016632, 'learning_rate': 9.258659760440272e-06, 'epoch': 0.95}
{'loss': 1.9769, 'grad_norm': 0.22327005863189697, 'learning_rate': 9.19391388798964e-06, 'epoch': 0.95}
{'loss': 1.8228, 'grad_norm': 0.20768433809280396, 'learning_rate': 9.129168015539009e-06, 'epoch': 0.95}
{'loss': 2.2211, 'grad_norm': 0.22899475693702698, 'learning_rate': 9.064422143088379e-06, 'epoch': 0.96}
{'loss': 1.9512, 'grad_norm': 0.22331981360912323, 'learning_rate': 8.999676270637747e-06, 'epoch': 0.96}
{'loss': 1.9413, 'grad_norm': 0.2139715999364853, 'learning_rate': 8.934930398187116e-06, 'epoch': 0.96}
{'loss': 1.9877, 'grad_norm': 0.19999456405639648, 'learning_rate': 8.870184525736484e-06, 'epoch': 0.96}
{'loss': 1.9411, 'grad_norm': 0.20795778930187225, 'learning_rate': 8.805438653285854e-06, 'epoch': 0.96}
{'loss': 1.9979, 'grad_norm': 0.2213313728570938, 'learning_rate': 8.740692780835222e-06, 'epoch': 0.96}
{'loss': 2.1339, 'grad_norm': 0.22165843844413757, 'learning_rate': 8.67594690838459e-06, 'epoch': 0.96}
{'loss': 2.0787, 'grad_norm': 0.22123867273330688, 'learning_rate': 8.611201035933959e-06, 'epoch': 0.96}
{'loss': 1.8733, 'grad_norm': 0.2272828370332718, 'learning_rate': 8.54645516348333e-06, 'epoch': 0.96}
{'loss': 2.0006, 'grad_norm': 0.20498593151569366, 'learning_rate': 8.481709291032698e-06, 'epoch': 0.96}
{'loss': 1.8956, 'grad_norm': 0.2242228239774704, 'learning_rate': 8.416963418582066e-06, 'epoch': 0.96}
{'loss': 1.7892, 'grad_norm': 0.1985432654619217, 'learning_rate': 8.352217546131434e-06, 'epoch': 0.96}
{'loss': 2.0812, 'grad_norm': 0.2430468201637268, 'learning_rate': 8.287471673680804e-06, 'epoch': 0.96}
{'loss': 1.8978, 'grad_norm': 0.22151611745357513, 'learning_rate': 8.222725801230171e-06, 'epoch': 0.96}
{'loss': 2.181, 'grad_norm': 0.2127871960401535, 'learning_rate': 8.157979928779541e-06, 'epoch': 0.96}
{'loss': 1.864, 'grad_norm': 0.2303922027349472, 'learning_rate': 8.09323405632891e-06, 'epoch': 0.96}
{'loss': 2.0789, 'grad_norm': 0.24435961246490479, 'learning_rate': 8.028488183878278e-06, 'epoch': 0.96}
{'loss': 1.8258, 'grad_norm': 0.20127934217453003, 'learning_rate': 7.963742311427646e-06, 'epoch': 0.96}
{'loss': 1.9787, 'grad_norm': 0.2248789221048355, 'learning_rate': 7.898996438977016e-06, 'epoch': 0.96}
{'loss': 1.7437, 'grad_norm': 0.20339573919773102, 'learning_rate': 7.834250566526385e-06, 'epoch': 0.96}
{'loss': 2.0582, 'grad_norm': 0.25455188751220703, 'learning_rate': 7.769504694075753e-06, 'epoch': 0.96}
{'loss': 1.9983, 'grad_norm': 0.2160571813583374, 'learning_rate': 7.704758821625121e-06, 'epoch': 0.96}
{'loss': 2.1348, 'grad_norm': 0.23237758874893188, 'learning_rate': 7.640012949174491e-06, 'epoch': 0.96}
{'loss': 1.8927, 'grad_norm': 0.2475123405456543, 'learning_rate': 7.575267076723859e-06, 'epoch': 0.96}
{'loss': 1.9101, 'grad_norm': 0.21948325634002686, 'learning_rate': 7.510521204273228e-06, 'epoch': 0.96}
{'loss': 1.8449, 'grad_norm': 0.2399526685476303, 'learning_rate': 7.445775331822596e-06, 'epoch': 0.96}
{'loss': 1.8701, 'grad_norm': 0.22414100170135498, 'learning_rate': 7.381029459371966e-06, 'epoch': 0.96}
{'loss': 1.8043, 'grad_norm': 0.23973515629768372, 'learning_rate': 7.316283586921334e-06, 'epoch': 0.96}
{'loss': 1.9889, 'grad_norm': 0.2139226794242859, 'learning_rate': 7.251537714470703e-06, 'epoch': 0.96}
{'loss': 2.0064, 'grad_norm': 0.2767811417579651, 'learning_rate': 7.1867918420200715e-06, 'epoch': 0.96}
{'loss': 1.8673, 'grad_norm': 0.22762899100780487, 'learning_rate': 7.122045969569441e-06, 'epoch': 0.96}
{'loss': 1.9609, 'grad_norm': 0.2326713353395462, 'learning_rate': 7.057300097118809e-06, 'epoch': 0.97}
{'loss': 1.799, 'grad_norm': 0.1958288848400116, 'learning_rate': 6.992554224668178e-06, 'epoch': 0.97}
{'loss': 1.7148, 'grad_norm': 0.22044092416763306, 'learning_rate': 6.927808352217547e-06, 'epoch': 0.97}
{'loss': 1.9817, 'grad_norm': 0.21458764374256134, 'learning_rate': 6.863062479766916e-06, 'epoch': 0.97}
{'loss': 1.8854, 'grad_norm': 0.20501571893692017, 'learning_rate': 6.798316607316283e-06, 'epoch': 0.97}
{'loss': 2.0904, 'grad_norm': 0.19296368956565857, 'learning_rate': 6.733570734865653e-06, 'epoch': 0.97}
{'loss': 1.8615, 'grad_norm': 0.19410143792629242, 'learning_rate': 6.668824862415021e-06, 'epoch': 0.97}
{'loss': 2.0543, 'grad_norm': 0.22817718982696533, 'learning_rate': 6.604078989964391e-06, 'epoch': 0.97}
{'loss': 1.8148, 'grad_norm': 0.2269003689289093, 'learning_rate': 6.5393331175137585e-06, 'epoch': 0.97}
{'loss': 1.8386, 'grad_norm': 0.22190779447555542, 'learning_rate': 6.4745872450631285e-06, 'epoch': 0.97}
{'loss': 1.8032, 'grad_norm': 0.2344614416360855, 'learning_rate': 6.409841372612496e-06, 'epoch': 0.97}
{'loss': 2.1276, 'grad_norm': 0.22404572367668152, 'learning_rate': 6.345095500161865e-06, 'epoch': 0.97}
{'loss': 1.8125, 'grad_norm': 0.22241900861263275, 'learning_rate': 6.280349627711234e-06, 'epoch': 0.97}
{'loss': 2.0815, 'grad_norm': 0.24473273754119873, 'learning_rate': 6.215603755260602e-06, 'epoch': 0.97}
{'loss': 2.1109, 'grad_norm': 0.27130696177482605, 'learning_rate': 6.150857882809971e-06, 'epoch': 0.97}
{'loss': 1.8056, 'grad_norm': 0.25333651900291443, 'learning_rate': 6.0861120103593395e-06, 'epoch': 0.97}
{'loss': 1.7993, 'grad_norm': 0.20981751382350922, 'learning_rate': 6.021366137908709e-06, 'epoch': 0.97}
{'loss': 2.0219, 'grad_norm': 0.2102896273136139, 'learning_rate': 5.956620265458077e-06, 'epoch': 0.97}
{'loss': 1.9746, 'grad_norm': 0.27486535906791687, 'learning_rate': 5.891874393007446e-06, 'epoch': 0.97}
{'loss': 1.7663, 'grad_norm': 0.19321231544017792, 'learning_rate': 5.827128520556815e-06, 'epoch': 0.97}
{'loss': 1.6707, 'grad_norm': 0.21647237241268158, 'learning_rate': 5.762382648106184e-06, 'epoch': 0.97}
{'loss': 2.0103, 'grad_norm': 0.2284863144159317, 'learning_rate': 5.697636775655552e-06, 'epoch': 0.97}
{'loss': 2.1159, 'grad_norm': 0.21894606947898865, 'learning_rate': 5.632890903204921e-06, 'epoch': 0.97}
{'loss': 1.8006, 'grad_norm': 0.19427359104156494, 'learning_rate': 5.56814503075429e-06, 'epoch': 0.97} 97%|█████████▋| 3009/3094 [2:28:16<04:22,  3.09s/it] 97%|█████████▋| 3010/3094 [2:28:19<04:16,  3.06s/it]                                                      97%|█████████▋| 3010/3094 [2:28:19<04:16,  3.06s/it] 97%|█████████▋| 3011/3094 [2:28:22<04:13,  3.05s/it]                                                      97%|█████████▋| 3011/3094 [2:28:22<04:13,  3.05s/it] 97%|█████████▋| 3012/3094 [2:28:24<03:55,  2.87s/it]                                                      97%|█████████▋| 3012/3094 [2:28:24<03:55,  2.87s/it] 97%|█████████▋| 3013/3094 [2:28:27<03:45,  2.78s/it]                                                      97%|█████████▋| 3013/3094 [2:28:27<03:45,  2.78s/it] 97%|█████████▋| 3014/3094 [2:28:30<03:58,  2.99s/it]                                                      97%|█████████▋| 3014/3094 [2:28:30<03:58,  2.99s/it] 97%|█████████▋| 3015/3094 [2:28:33<03:48,  2.89s/it]                                                      97%|█████████▋| 3015/3094 [2:28:33<03:48,  2.89s/it] 97%|█████████▋| 3016/3094 [2:28:36<03:44,  2.88s/it]                                                      97%|█████████▋| 3016/3094 [2:28:36<03:44,  2.88s/it] 98%|█████████▊| 3017/3094 [2:28:39<03:43,  2.90s/it]                                                      98%|█████████▊| 3017/3094 [2:28:39<03:43,  2.90s/it] 98%|█████████▊| 3018/3094 [2:28:42<03:40,  2.90s/it]                                                      98%|█████████▊| 3018/3094 [2:28:42<03:40,  2.90s/it] 98%|█████████▊| 3019/3094 [2:28:45<03:36,  2.89s/it]                                                      98%|█████████▊| 3019/3094 [2:28:45<03:36,  2.89s/it] 98%|█████████▊| 3020/3094 [2:28:47<03:26,  2.79s/it]                                                      98%|█████████▊| 3020/3094 [2:28:47<03:26,  2.79s/it] 98%|█████████▊| 3021/3094 [2:28:50<03:32,  2.91s/it]                                                      98%|█████████▊| 3021/3094 [2:28:50<03:32,  2.91s/it] 98%|█████████▊| 3022/3094 [2:28:53<03:30,  2.92s/it]                                                      98%|█████████▊| 3022/3094 [2:28:53<03:30,  2.92s/it] 98%|█████████▊| 3023/3094 [2:28:56<03:26,  2.91s/it]                                                      98%|█████████▊| 3023/3094 [2:28:56<03:26,  2.91s/it] 98%|█████████▊| 3024/3094 [2:28:59<03:18,  2.83s/it]                                                      98%|█████████▊| 3024/3094 [2:28:59<03:18,  2.83s/it] 98%|█████████▊| 3025/3094 [2:29:01<03:07,  2.71s/it]                                                      98%|█████████▊| 3025/3094 [2:29:01<03:07,  2.71s/it] 98%|█████████▊| 3026/3094 [2:29:04<03:04,  2.72s/it]                                                      98%|█████████▊| 3026/3094 [2:29:04<03:04,  2.72s/it] 98%|█████████▊| 3027/3094 [2:29:07<03:09,  2.82s/it]                                                      98%|█████████▊| 3027/3094 [2:29:07<03:09,  2.82s/it] 98%|█████████▊| 3028/3094 [2:29:10<03:12,  2.91s/it]                                                      98%|█████████▊| 3028/3094 [2:29:10<03:12,  2.91s/it] 98%|█████████▊| 3029/3094 [2:29:13<03:00,  2.77s/it]                                                      98%|█████████▊| 3029/3094 [2:29:13<03:00,  2.77s/it] 98%|█████████▊| 3030/3094 [2:29:15<02:55,  2.74s/it]                                                      98%|█████████▊| 3030/3094 [2:29:15<02:55,  2.74s/it] 98%|█████████▊| 3031/3094 [2:29:18<02:56,  2.81s/it]                                                      98%|█████████▊| 3031/3094 [2:29:18<02:56,  2.81s/it] 98%|█████████▊| 3032/3094 [2:29:21<02:55,  2.83s/it]                                                      98%|█████████▊| 3032/3094 [2:29:21<02:55,  2.83s/it] 98%|█████████▊| 3033/3094 [2:29:24<02:58,  2.92s/it]                                                      98%|█████████▊| 3033/3094 [2:29:24<02:58,  2.92s/it] 98%|█████████▊| 3034/3094 [2:29:28<03:02,  3.04s/it]                                                      98%|█████████▊| 3034/3094 [2:29:28<03:02,  3.04s/it] 98%|█████████▊| 3035/3094 [2:29:30<02:51,  2.90s/it]                                                      98%|█████████▊| 3035/3094 [2:29:30<02:51,  2.90s/it] 98%|█████████▊| 3036/3094 [2:29:33<02:42,  2.80s/it]                                                      98%|█████████▊| 3036/3094 [2:29:33<02:42,  2.80s/it] 98%|█████████▊| 3037/3094 [2:29:36<02:43,  2.86s/it]                                                      98%|█████████▊| 3037/3094 [2:29:36<02:43,  2.86s/it] 98%|█████████▊| 3038/3094 [2:29:39<02:39,  2.85s/it]                                                      98%|█████████▊| 3038/3094 [2:29:39<02:39,  2.85s/it] 98%|█████████▊| 3039/3094 [2:29:42<02:40,  2.92s/it]                                                      98%|█████████▊| 3039/3094 [2:29:42<02:40,  2.92s/it] 98%|█████████▊| 3040/3094 [2:29:44<02:31,  2.81s/it]                                                      98%|█████████▊| 3040/3094 [2:29:44<02:31,  2.81s/it] 98%|█████████▊| 3041/3094 [2:29:47<02:33,  2.89s/it]                                                      98%|█████████▊| 3041/3094 [2:29:47<02:33,  2.89s/it] 98%|█████████▊| 3042/3094 [2:29:51<02:34,  2.98s/it]                                                      98%|█████████▊| 3042/3094 [2:29:51<02:34,  2.98s/it] 98%|█████████▊| 3043/3094 [2:29:54<02:37,  3.08s/it]                                                      98%|█████████▊| 3043/3094 [2:29:54<02:37,  3.08s/it] 98%|█████████▊| 3044/3094 [2:29:56<02:26,  2.93s/it]                                                      98%|█████████▊| 3044/3094 [2:29:56<02:26,  2.93s/it] 98%|█████████▊| 3045/3094 [2:30:00<02:28,  3.03s/it]                                                      98%|█████████▊| 3045/3094 [2:30:00<02:28,  3.03s/it] 98%|█████████▊| 3046/3094 [2:30:02<02:20,  2.92s/it]                                                      98%|█████████▊| 3046/3094 [2:30:02<02:20,  2.92s/it] 98%|█████████▊| 3047/3094 [2:30:06<02:28,  3.16s/it]                                                      98%|█████████▊| 3047/3094 [2:30:06<02:28,  3.16s/it] 99%|█████████▊| 3048/3094 [2:30:09<02:22,  3.09s/it]                                                      99%|█████████▊| 3048/3094 [2:30:09<02:22,  3.09s/it] 99%|█████████▊| 3049/3094 [2:30:12<02:22,  3.17s/it]                                                      99%|█████████▊| 3049/3094 [2:30:12<02:22,  3.17s/it] 99%|█████████▊| 3050/3094 [2:30:15<02:09,  2.94s/it]                                                      99%|█████████▊| 3050/3094 [2:30:15<02:09,  2.94s/it] 99%|█████████▊| 3051/3094 [2:30:18<02:05,  2.92s/it]                                                      99%|█████████▊| 3051/3094 [2:30:18<02:05,  2.92s/it] 99%|█████████▊| 3052/3094 [2:30:20<01:57,  2.80s/it]                                                      99%|█████████▊| 3052/3094 [2:30:20<01:57,  2.80s/it] 99%|█████████▊| 3053/3094 [2:30:23<01:53,  2.77s/it]                                                      99%|█████████▊| 3053/3094 [2:30:23<01:53,  2.77s/it] 99%|█████████▊| 3054/3094 [2:30:25<01:47,  2.70s/it]                                                      99%|█████████▊| 3054/3094 [2:30:25<01:47,  2.70s/it] 99%|█████████▊| 3055/3094 [2:30:28<01:46,  2.74s/it]                                                      99%|█████████▊| 3055/3094 [2:30:28<01:46,  2.74s/it] 99%|█████████▉| 3056/3094 [2:30:31<01:48,  2.86s/it]                                                      99%|█████████▉| 3056/3094 [2:30:31<01:48,  2.86s/it] 99%|█████████▉| 3057/3094 [2:30:34<01:44,  2.82s/it]                                                      99%|█████████▉| 3057/3094 [2:30:34<01:44,  2.82s/it] 99%|█████████▉| 3058/3094 [2:30:37<01:39,  2.77s/it]                                                      99%|█████████▉| 3058/3094 [2:30:37<01:39,  2.77s/it] 99%|█████████▉| 3059/3094 [2:30:40<01:40,  2.88s/it]                                                      99%|█████████▉| 3059/3094 [2:30:40<01:40,  2.88s/it] 99%|█████████▉| 3060/3094 [2:30:43<01:43,  3.05s/it]                                                      99%|█████████▉| 3060/3094 [2:30:43<01:43,  3.05s/it] 99%|█████████▉| 3061/3094 [2:30:46<01:35,  2.90s/it]                                                      99%|█████████▉| 3061/3094 [2:30:46<01:35,  2.90s/it] 99%|█████████▉| 3062/3094 [2:30:49<01:32,  2.90s/it]                                                      99%|█████████▉| 3062/3094 [2:30:49<01:32,  2.90s/it] 99%|█████████▉| 3063/3094 [2:30:51<01:24,  2.73s/it]                                                      99%|█████████▉| 3063/3094 [2:30:51<01:24,  2.73s/it] 99%|█████████▉| 3064/3094 [2:30:54<01:23,  2.80s/it]                                                      99%|█████████▉| 3064/3094 [2:30:54<01:23,  2.80s/it] 99%|█████████▉| 3065/3094 [2:30:57<01:20,  2.78s/it]                                                      99%|█████████▉| 3065/3094 [2:30:57<01:20,  2.78s/it] 99%|█████████▉| 3066/3094 [2:30:59<01:15,  2.70s/it]                                                      99%|█████████▉| 3066/3094 [2:30:59<01:15,  2.70s/it] 99%|█████████▉| 3067/3094 [2:31:02<01:14,  2.75s/it]                                                      99%|█████████▉| 3067/3094 [2:31:02<01:14,  2.75s/it] 99%|█████████▉| 3068/3094 [2:31:05<01:12,  2.78s/it]                                                      99%|█████████▉| 3068/3094 [2:31:05<01:12,  2.78s/it] 99%|█████████▉| 3069/3094 [2:31:08<01:09,  2.77s/it]                                                      99%|█████████▉| 3069/3094 [2:31:08<01:09,  2.77s/it] 99%|█████████▉| 3070/3094 [2:31:11<01:07,  2.83s/it]                                                      99%|█████████▉| 3070/3094 [2:31:11<01:07,  2.83s/it] 99%|█████████▉| 3071/3094 [2:31:13<01:04,  2.79s/it]                                                      99%|█████████▉| 3071/3094 [2:31:13<01:04,  2.79s/it] 99%|█████████▉| 3072/3094 [2:31:16<01:01,  2.80s/it]                                                      99%|█████████▉| 3072/3094 [2:31:16<01:01,  2.80s/it] 99%|█████████▉| 3073/3094 [2:31:19<01:01,  2.90s/it]                                                      99%|█████████▉| 3073/3094 [2:31:19<01:01,  2.90s/it] 99%|█████████▉| 3074/3094 [2:31:22<00:55,  2.76s/it]                                                      99%|█████████▉| 3074/3094 [2:31:22<00:55,  2.76s/it] 99%|█████████▉| 3075/3094 [2:31:24<00:49,  2.61s/it]                                                      99%|█████████▉| 3075/3094 [2:31:24<00:49,  2.61s/it] 99%|█████████▉| 3076/3094 [2:31:27<00:48,  2.70s/it]                                                      99%|█████████▉| 3076/3094 [2:31:27<00:48,  2.70s/it] 99%|█████████▉| 3077/3094 [2:31:30<00:49,  2.91s/it]                                                      99%|█████████▉| 3077/3094 [2:31:30<00:49,  2.91s/it] 99%|█████████▉| 3078/3094 [2:31:33<00:47,  2.95s/it]                                                      99%|█████████▉| 3078/3094 [2:31:33<00:47,  2.95s/it]100%|█████████▉| 3079/3094 [2:31:36<00:44,  2.96s/it]                                                     100%|█████████▉| 3079/3094 [2:31:36<00:44,  2.96s/it]100%|█████████▉| 3080/3094 [2:31:40<00:42,  3.04s/it]                                                     100%|█████████▉| 3080/3094 [2:31:40<00:42,  3.04s/it]100%|█████████▉| 3081/3094 [2:31:42<00:38,  2.93s/it]                                                     100%|█████████▉| 3081/3094 [2:31:42<00:38,  2.93s/it]100%|█████████▉| 3082/3094 [2:31:45<00:34,  2.85s/it]                                                     100%|█████████▉| 3082/3094 [2:31:45<00:34,  2.85s/it]100%|█████████▉| 3083/3094 [2:31:48<00:33,  3.00s/it]                                                     100%|█████████▉| 3083/3094 [2:31:48<00:33,  3.00s/it]100%|█████████▉| 3084/3094 [2:31:52<00:32,  3.23s/it]                                                     100%|█████████▉| 3084/3094 [2:31:52<00:32,  3.23s/it]100%|█████████▉| 3085/3094 [2:31:56<00:29,  3.29s/it]                                                     100%|█████████▉| 3085/3094 [2:31:56<00:29,  3.29s/it]100%|█████████▉| 3086/3094 [2:31:58<00:25,  3.18s/it]                                                     
{'loss': 1.899, 'grad_norm': 0.2254951149225235, 'learning_rate': 5.503399158303658e-06, 'epoch': 0.97}
{'loss': 2.0892, 'grad_norm': 0.2249055951833725, 'learning_rate': 5.438653285853027e-06, 'epoch': 0.97}
{'loss': 1.8998, 'grad_norm': 0.2471117228269577, 'learning_rate': 5.373907413402396e-06, 'epoch': 0.97}
{'loss': 1.8659, 'grad_norm': 0.2439442276954651, 'learning_rate': 5.309161540951765e-06, 'epoch': 0.97}
{'loss': 1.7707, 'grad_norm': 0.19164825975894928, 'learning_rate': 5.244415668501133e-06, 'epoch': 0.97}
{'loss': 1.9425, 'grad_norm': 0.2296934574842453, 'learning_rate': 5.1796697960505025e-06, 'epoch': 0.97}
{'loss': 1.9573, 'grad_norm': 0.2082761526107788, 'learning_rate': 5.114923923599871e-06, 'epoch': 0.97}
{'loss': 1.8423, 'grad_norm': 0.23618251085281372, 'learning_rate': 5.050178051149239e-06, 'epoch': 0.98}
{'loss': 1.9956, 'grad_norm': 0.22371383011341095, 'learning_rate': 4.985432178698608e-06, 'epoch': 0.98}
{'loss': 1.8546, 'grad_norm': 0.2259812206029892, 'learning_rate': 4.920686306247977e-06, 'epoch': 0.98}
{'loss': 1.994, 'grad_norm': 0.24022741615772247, 'learning_rate': 4.855940433797346e-06, 'epoch': 0.98}
{'loss': 1.8542, 'grad_norm': 0.20428907871246338, 'learning_rate': 4.791194561346714e-06, 'epoch': 0.98}
{'loss': 1.9735, 'grad_norm': 0.21509121358394623, 'learning_rate': 4.7264486888960835e-06, 'epoch': 0.98}
{'loss': 2.0457, 'grad_norm': 0.21845830976963043, 'learning_rate': 4.661702816445452e-06, 'epoch': 0.98}
{'loss': 2.1373, 'grad_norm': 0.22280871868133545, 'learning_rate': 4.59695694399482e-06, 'epoch': 0.98}
{'loss': 1.9988, 'grad_norm': 0.23501156270503998, 'learning_rate': 4.5322110715441895e-06, 'epoch': 0.98}
{'loss': 2.0307, 'grad_norm': 0.22264346480369568, 'learning_rate': 4.467465199093558e-06, 'epoch': 0.98}
{'loss': 2.0866, 'grad_norm': 0.24749940633773804, 'learning_rate': 4.402719326642927e-06, 'epoch': 0.98}
{'loss': 1.9716, 'grad_norm': 0.21588723361492157, 'learning_rate': 4.337973454192295e-06, 'epoch': 0.98}
{'loss': 2.2035, 'grad_norm': 0.25313258171081543, 'learning_rate': 4.273227581741665e-06, 'epoch': 0.98}
{'loss': 2.1024, 'grad_norm': 0.23362316191196442, 'learning_rate': 4.208481709291033e-06, 'epoch': 0.98}
{'loss': 1.8916, 'grad_norm': 0.2208862453699112, 'learning_rate': 4.143735836840402e-06, 'epoch': 0.98}
{'loss': 2.0295, 'grad_norm': 0.22850750386714935, 'learning_rate': 4.0789899643897705e-06, 'epoch': 0.98}
{'loss': 1.9286, 'grad_norm': 0.219804048538208, 'learning_rate': 4.014244091939139e-06, 'epoch': 0.98}
{'loss': 1.7134, 'grad_norm': 0.20200678706169128, 'learning_rate': 3.949498219488508e-06, 'epoch': 0.98}
{'loss': 1.9509, 'grad_norm': 0.21944952011108398, 'learning_rate': 3.8847523470378764e-06, 'epoch': 0.98}
{'loss': 2.1251, 'grad_norm': 0.24829339981079102, 'learning_rate': 3.820006474587246e-06, 'epoch': 0.98}
{'loss': 1.9378, 'grad_norm': 0.2145201861858368, 'learning_rate': 3.755260602136614e-06, 'epoch': 0.98}
{'loss': 2.2058, 'grad_norm': 0.2299213409423828, 'learning_rate': 3.690514729685983e-06, 'epoch': 0.98}
{'loss': 1.8275, 'grad_norm': 0.20371447503566742, 'learning_rate': 3.6257688572353516e-06, 'epoch': 0.98}
{'loss': 2.1724, 'grad_norm': 0.24009302258491516, 'learning_rate': 3.5610229847847204e-06, 'epoch': 0.98}
{'loss': 1.9928, 'grad_norm': 0.22130665183067322, 'learning_rate': 3.496277112334089e-06, 'epoch': 0.98}
{'loss': 1.7355, 'grad_norm': 0.1987568736076355, 'learning_rate': 3.431531239883458e-06, 'epoch': 0.98}
{'loss': 1.9683, 'grad_norm': 0.20628175139427185, 'learning_rate': 3.3667853674328267e-06, 'epoch': 0.98}
{'loss': 2.0932, 'grad_norm': 0.2378133237361908, 'learning_rate': 3.3020394949821955e-06, 'epoch': 0.98}
{'loss': 2.0203, 'grad_norm': 0.21953286230564117, 'learning_rate': 3.2372936225315643e-06, 'epoch': 0.98}
{'loss': 2.1182, 'grad_norm': 0.23473036289215088, 'learning_rate': 3.1725477500809326e-06, 'epoch': 0.98}
{'loss': 1.763, 'grad_norm': 0.20185470581054688, 'learning_rate': 3.107801877630301e-06, 'epoch': 0.98}
{'loss': 1.8811, 'grad_norm': 0.22333425283432007, 'learning_rate': 3.0430560051796698e-06, 'epoch': 0.99}
{'loss': 2.0997, 'grad_norm': 0.22410675883293152, 'learning_rate': 2.9783101327290386e-06, 'epoch': 0.99}
{'loss': 1.7516, 'grad_norm': 0.2348463237285614, 'learning_rate': 2.9135642602784073e-06, 'epoch': 0.99}
{'loss': 1.9625, 'grad_norm': 0.22857975959777832, 'learning_rate': 2.848818387827776e-06, 'epoch': 0.99}
{'loss': 1.8429, 'grad_norm': 0.23733337223529816, 'learning_rate': 2.784072515377145e-06, 'epoch': 0.99}
{'loss': 1.9473, 'grad_norm': 0.2255956381559372, 'learning_rate': 2.7193266429265137e-06, 'epoch': 0.99}
{'loss': 2.1369, 'grad_norm': 0.2687911093235016, 'learning_rate': 2.6545807704758825e-06, 'epoch': 0.99}
{'loss': 1.8801, 'grad_norm': 0.2247014343738556, 'learning_rate': 2.5898348980252512e-06, 'epoch': 0.99}
{'loss': 1.9538, 'grad_norm': 0.22496433556079865, 'learning_rate': 2.5250890255746196e-06, 'epoch': 0.99}
{'loss': 1.815, 'grad_norm': 0.23123809695243835, 'learning_rate': 2.4603431531239884e-06, 'epoch': 0.99}
{'loss': 1.9202, 'grad_norm': 0.2443493753671646, 'learning_rate': 2.395597280673357e-06, 'epoch': 0.99}
{'loss': 1.7757, 'grad_norm': 0.20773513615131378, 'learning_rate': 2.330851408222726e-06, 'epoch': 0.99}
{'loss': 2.1087, 'grad_norm': 0.22174470126628876, 'learning_rate': 2.2661055357720947e-06, 'epoch': 0.99}
{'loss': 2.077, 'grad_norm': 0.2461259663105011, 'learning_rate': 2.2013596633214635e-06, 'epoch': 0.99}
{'loss': 2.1676, 'grad_norm': 0.24477258324623108, 'learning_rate': 2.1366137908708323e-06, 'epoch': 0.99}
{'loss': 1.8835, 'grad_norm': 0.2397584170103073, 'learning_rate': 2.071867918420201e-06, 'epoch': 0.99}
{'loss': 1.8654, 'grad_norm': 0.24692951142787933, 'learning_rate': 2.0071220459695694e-06, 'epoch': 0.99}
{'loss': 2.1073, 'grad_norm': 0.23605093359947205, 'learning_rate': 1.9423761735189382e-06, 'epoch': 0.99}
{'loss': 2.0315, 'grad_norm': 0.2520955204963684, 'learning_rate': 1.877630301068307e-06, 'epoch': 0.99}
{'loss': 1.9505, 'grad_norm': 0.2155265510082245, 'learning_rate': 1.8128844286176758e-06, 'epoch': 0.99}
{'loss': 1.9798, 'grad_norm': 0.22268079221248627, 'learning_rate': 1.7481385561670446e-06, 'epoch': 0.99}
{'loss': 1.7682, 'grad_norm': 0.24040459096431732, 'learning_rate': 1.6833926837164134e-06, 'epoch': 0.99}
{'loss': 2.0804, 'grad_norm': 0.2384016215801239, 'learning_rate': 1.6186468112657821e-06, 'epoch': 0.99}
{'loss': 1.9775, 'grad_norm': 0.24554488062858582, 'learning_rate': 1.5539009388151505e-06, 'epoch': 0.99}
{'loss': 1.9208, 'grad_norm': 0.21744059026241302, 'learning_rate': 1.4891550663645193e-06, 'epoch': 0.99}
{'loss': 1.7837, 'grad_norm': 0.210320845246315, 'learning_rate': 1.424409193913888e-06, 'epoch': 0.99}
{'loss': 2.1518, 'grad_norm': 0.24175140261650085, 'learning_rate': 1.3596633214632568e-06, 'epoch': 0.99}
{'loss': 1.9111, 'grad_norm': 0.2558344006538391, 'learning_rate': 1.2949174490126256e-06, 'epoch': 0.99}
{'loss': 2.175, 'grad_norm': 0.2743361294269562, 'learning_rate': 1.2301715765619942e-06, 'epoch': 0.99}
{'loss': 1.8404, 'grad_norm': 0.2010190784931183, 'learning_rate': 1.165425704111363e-06, 'epoch': 0.99}
{'loss': 2.0512, 'grad_norm': 0.2242840826511383, 'learning_rate': 1.1006798316607318e-06, 'epoch': 0.99}
{'loss': 1.7531, 'grad_norm': 0.24131755530834198, 'learning_rate': 1.0359339592101005e-06, 'epoch': 1.0}
{'loss': 1.6746, 'grad_norm': 0.20487023890018463, 'learning_rate': 9.711880867594691e-07, 'epoch': 1.0}
{'loss': 2.2974, 'grad_norm': 0.2602904438972473, 'learning_rate': 9.064422143088379e-07, 'epoch': 1.0}
{'loss': 1.8856, 'grad_norm': 0.2557944357395172, 'learning_rate': 8.416963418582067e-07, 'epoch': 1.0}
{'loss': 1.8756, 'grad_norm': 0.20827044546604156, 'learning_rate': 7.769504694075752e-07, 'epoch': 1.0}
{'loss': 1.9013, 'grad_norm': 0.20305882394313812, 'learning_rate': 7.12204596956944e-07, 'epoch': 1.0}
{'loss': 1.7327, 'grad_norm': 0.1899290233850479, 'learning_rate': 6.474587245063128e-07, 'epoch': 1.0}
{'loss': 1.8784, 'grad_norm': 0.23529474437236786, 'learning_rate': 5.827128520556815e-07, 'epoch': 1.0}100%|█████████▉| 3086/3094 [2:31:58<00:25,  3.18s/it]100%|█████████▉| 3087/3094 [2:32:02<00:22,  3.21s/it]                                                     100%|█████████▉| 3087/3094 [2:32:02<00:22,  3.21s/it]100%|█████████▉| 3088/3094 [2:32:05<00:18,  3.13s/it]                                                     100%|█████████▉| 3088/3094 [2:32:05<00:18,  3.13s/it]100%|█████████▉| 3089/3094 [2:32:07<00:14,  2.96s/it]                                                     100%|█████████▉| 3089/3094 [2:32:07<00:14,  2.96s/it]100%|█████████▉| 3090/3094 [2:32:10<00:11,  2.98s/it]                                                     100%|█████████▉| 3090/3094 [2:32:10<00:11,  2.98s/it]100%|█████████▉| 3091/3094 [2:32:14<00:09,  3.10s/it]                                                     100%|█████████▉| 3091/3094 [2:32:14<00:09,  3.10s/it]100%|█████████▉| 3092/3094 [2:32:17<00:06,  3.10s/it]                                                     100%|█████████▉| 3092/3094 [2:32:17<00:06,  3.10s/it]100%|█████████▉| 3093/3094 [2:32:20<00:03,  3.17s/it]                                                     100%|█████████▉| 3093/3094 [2:32:20<00:03,  3.17s/it]100%|██████████| 3094/3094 [2:32:22<00:00,  2.86s/it]                                                     100%|██████████| 3094/3094 [2:32:22<00:00,  2.86s/it]                                                     100%|██████████| 3094/3094 [2:32:22<00:00,  2.86s/it]100%|██████████| 3094/3094 [2:32:22<00:00,  2.95s/it]

{'loss': 2.0218, 'grad_norm': 0.23342843353748322, 'learning_rate': 5.179669796050503e-07, 'epoch': 1.0}
{'loss': 1.9495, 'grad_norm': 0.2231241762638092, 'learning_rate': 4.5322110715441895e-07, 'epoch': 1.0}
{'loss': 1.9515, 'grad_norm': 0.24141395092010498, 'learning_rate': 3.884752347037876e-07, 'epoch': 1.0}
{'loss': 1.9052, 'grad_norm': 0.20667245984077454, 'learning_rate': 3.237293622531564e-07, 'epoch': 1.0}
{'loss': 1.8482, 'grad_norm': 0.19867748022079468, 'learning_rate': 2.5898348980252514e-07, 'epoch': 1.0}
{'loss': 2.0423, 'grad_norm': 0.22166991233825684, 'learning_rate': 1.942376173518938e-07, 'epoch': 1.0}
{'loss': 1.8526, 'grad_norm': 0.21031875908374786, 'learning_rate': 1.2949174490126257e-07, 'epoch': 1.0}
{'loss': 2.0659, 'grad_norm': 0.24521608650684357, 'learning_rate': 6.474587245063128e-08, 'epoch': 1.0}
{'train_runtime': 9142.7356, 'train_samples_per_second': 5.414, 'train_steps_per_second': 0.338, 'train_loss': 1.9818614085566713, 'epoch': 1.0}
9142.7356 seconds used for training.
152.38 minutes used for training.
Peak reserved memory = 15.113 GB.
Peak reserved memory for training = 7.785 GB.
Peak reserved memory % of max memory = 94.931 %.
Peak reserved memory for training = 48.901 %.
